glc7 - 10 mutant cells exhibit low kinetochore - microtubule binding activity in vitro and a high frequency of chromosome loss in vivo.	"glc7 - 10	0	9	Gene_or_gene_product"	"[{""token"": ""glc7 - 10"", ""start_span"": 0, ""end_span"": 9, ""type"": ""Gene_or_gene_product""}]"
Finally, the glc7 - 10 - induced mitotic arrest is abolished in spindle checkpoint mutants, suggesting that defects in kinetochore - microtubule interactions caused by hyperphosphorylation of kinetochore proteins activate the spindle checkpoint.	"glc7 - 10	13	22	Gene_or_gene_product"	"[{""token"": ""glc7 - 10"", ""start_span"": 13, ""end_span"": 22, ""type"": ""Gene_or_gene_product""}]"
Human placental Na + - dependent multivitamin transporter.	"Na + - dependent multivitamin transporter	16	57	Gene_or_gene_product"	"[{""token"": ""Na + - dependent multivitamin transporter"", ""start_span"": 16, ""end_span"": 57, ""type"": ""Gene_or_gene_product""}]"
The human SMVT exhibits a high degree of homology ( 84% identity and 89% similarity) to the rat counterpart.	"SMVT	10	14	Gene_or_gene_product"	"[{""token"": ""SMVT"", ""start_span"": 10, ""end_span"": 14, ""type"": ""Gene_or_gene_product""}]"
The human SMVT, when expressed in Xenopus laevis oocytes, induces inward currents in the presence of pantothenate, biotin, and lipoate in a Na + -, concentration -, and potential - dependent manner.	"SMVT	10	14	Gene_or_gene_product"	"[{""token"": ""SMVT"", ""start_span"": 10, ""end_span"": 14, ""type"": ""Gene_or_gene_product""}]"
We also report here on the structural organization and chromosomal localization of the human SMVT gene.	"SMVT	93	97	Gene_or_gene_product"	"[{""token"": ""SMVT"", ""start_span"": 93, ""end_span"": 97, ""type"": ""Gene_or_gene_product""}]"
The SMVT gene is approximately 14 kilobase pairs in length and consists of 17 exons.	"SMVT	4	8	Gene_or_gene_product"	"[{""token"": ""SMVT"", ""start_span"": 4, ""end_span"": 8, ""type"": ""Gene_or_gene_product""}]"
The SMVT gene is located on chromosome 2p23 as evidenced by somatic cell hybrid analysis and fluorescence in situ hybridization.	"SMVT	4	8	Gene_or_gene_product"	"[{""token"": ""SMVT"", ""start_span"": 4, ""end_span"": 8, ""type"": ""Gene_or_gene_product""}]"
Aldose reductase, a key enzyme in the oxidative deamination of norepinephrine in rats.	"Aldose reductase	0	16	Gene_or_gene_product"	"[{""token"": ""Aldose reductase"", ""start_span"": 0, ""end_span"": 16, ""type"": ""Gene_or_gene_product""}]"
However, with western blotting, only aldose reductase was immunologically detectable.	"aldose reductase	37	53	Gene_or_gene_product"	"[{""token"": ""aldose reductase"", ""start_span"": 37, ""end_span"": 53, ""type"": ""Gene_or_gene_product""}]"
Treatment of rats with aldose reductase inhibitors for 3 days increased the plasma level of DHMA.	"aldose reductase	23	39	Gene_or_gene_product"	"[{""token"": ""aldose reductase"", ""start_span"": 23, ""end_span"": 39, ""type"": ""Gene_or_gene_product""}]"
Phosphorylation of deoxycytidine analog monophosphates by UMP - CMP kinase: molecular characterization of the human enzyme.	"UMP - CMP kinase	58	74	Gene_or_gene_product"	"[{""token"": ""UMP - CMP kinase"", ""start_span"": 58, ""end_span"": 74, ""type"": ""Gene_or_gene_product""}]"
We have investigated the kinetic parameters for the phosphorylation of 1 - beta - D - arabinofuranosylcytosine ( araC) and 2 ', 2 ' - difluorodeoxycytidine ( dFdC) to their diphosphate forms catalyzed by human UMP - CMP kinase.	"UMP - CMP kinase	210	226	Gene_or_gene_product"	"[{""token"": ""UMP - CMP kinase"", ""start_span"": 210, ""end_span"": 226, ""type"": ""Gene_or_gene_product""}]"
We showed that the recombinant UMP - CMP kinase phosphorylated CMP, dCMP, and UMP with highest efficiency and dUMP, AMP, and dAMP with lower efficiency.	"UMP - CMP kinase	31	47	Gene_or_gene_product"	"[{""token"": ""UMP - CMP kinase"", ""start_span"": 31, ""end_span"": 47, ""type"": ""Gene_or_gene_product""}]"
Northern blot analysis showed that the UMP - CMP kinase mRNA was ubiquitously present in human tissues as a 3. 9 - kb transcript with highest levels in pancreas, skeletal muscle, and liver.	"UMP - CMP kinase	39	55	Gene_or_gene_product"	"[{""token"": ""UMP - CMP kinase"", ""start_span"": 39, ""end_span"": 55, ""type"": ""Gene_or_gene_product""}]"
The human UMP - CMP kinase gene was localized to chromosome 1p34. 1 - 1p33 by radiation hybrid analysis.	"UMP - CMP kinase	10	26	Gene_or_gene_product"	"[{""token"": ""UMP - CMP kinase"", ""start_span"": 10, ""end_span"": 26, ""type"": ""Gene_or_gene_product""}]"
In the budding yeast Saccharomyces cerevisiae, the G ( 2) - to - M transition requires activation of Clb - bound forms of the protein kinase, Cdc28.	"Cdc28	142	147	Gene_or_gene_product"	"[{""token"": ""Cdc28"", ""start_span"": 142, ""end_span"": 147, ""type"": ""Gene_or_gene_product""}]"
Hsl1 is a large ( 1, 518 - residue) protein kinase with an N - terminal catalytic domain and a very long C - terminal extension.	"Hsl1	0	4	Gene_or_gene_product"	"[{""token"": ""Hsl1"", ""start_span"": 0, ""end_span"": 4, ""type"": ""Gene_or_gene_product""}]"
New insights into the regulation of protein kinase C and novel phorbol ester receptors.	"protein kinase C	36	52	Gene_or_gene_product"	"[{""token"": ""protein kinase C"", ""start_span"": 36, ""end_span"": 52, ""type"": ""Gene_or_gene_product""}]"
The traditional view of PKCs as DAG / phospholipid - regulated proteins has expanded in the last few years by three seminal discoveries.	"PKCs	24	28	Gene_or_gene_product"	"[{""token"": ""PKCs"", ""start_span"": 24, ""end_span"": 28, ""type"": ""Gene_or_gene_product""}]"
Second, PKC activity and localization are regulated by direct interaction with different types of interacting proteins.	"PKC	8	11	Gene_or_gene_product"	"[{""token"": ""PKC"", ""start_span"": 8, ""end_span"": 11, ""type"": ""Gene_or_gene_product""}]"
Protein - protein interactions are now recognized as important mechanisms that target individual PKCs to different intracellular compartments and confer selectivity by associating individual isozymes with specific substrates.	"PKCs	97	101	Gene_or_gene_product"	"[{""token"": ""PKCs"", ""start_span"": 97, ""end_span"": 101, ""type"": ""Gene_or_gene_product""}]"
Last, the discovery of novel phorbol ester receptors lacking kinase activity allows us to speculate that some of the biological responses elicited by phorbol esters or by activation of receptors coupled to elevation in DAG levels could be mediated by PKC - independent pathways.	"PKC	251	254	Gene_or_gene_product"	"[{""token"": ""PKC"", ""start_span"": 251, ""end_span"": 254, ""type"": ""Gene_or_gene_product""}]"
Toll - like receptor ( TLR) 2 and TLR4 are implicated in the recognition of various bacterial cell wall components, such as lipopolysaccharide ( LPS).	"TLR4	34	38	Gene_or_gene_product"	"[{""token"": ""TLR4"", ""start_span"": 34, ""end_span"": 38, ""type"": ""Gene_or_gene_product""}]"
TLR2 - deficient macrophages were hyporesponsive to several Gram - positive bacterial cell walls as well as Staphylococcus aureus peptidoglycan.	"TLR2	0	4	Gene_or_gene_product"	"[{""token"": ""TLR2"", ""start_span"": 0, ""end_span"": 4, ""type"": ""Gene_or_gene_product""}]"
TLR4 - deficient macrophages lacked the response to Gram - positive lipoteichoic acids.	"TLR4	0	4	Gene_or_gene_product"	"[{""token"": ""TLR4"", ""start_span"": 0, ""end_span"": 4, ""type"": ""Gene_or_gene_product""}]"
Identification of a central phosphorylation site in p21 - activated kinase regulating autoinhibition and kinase activity.	"p21 - activated kinase	52	74	Gene_or_gene_product"	"[{""token"": ""p21 - activated kinase"", ""start_span"": 52, ""end_span"": 74, ""type"": ""Gene_or_gene_product""}]"
The mechanism of Pak activation by these agents remains unclear.	"Pak	17	20	Gene_or_gene_product"	"[{""token"": ""Pak"", ""start_span"": 17, ""end_span"": 20, ""type"": ""Gene_or_gene_product""}]"
We investigated Pak kinase activation in more detail to gain insight into the interplay between the GTPase / sphingosine binding, an intramolecular inhibitory interaction, and autophosphorylation.	"Pak	16	19	Gene_or_gene_product"	"[{""token"": ""Pak"", ""start_span"": 16, ""end_span"": 19, ""type"": ""Gene_or_gene_product""}]"
We present biochemical evidence that an autoinhibitory domain ( ID) contained within amino acid residues 67 - 150 of Pak1 interacts with the carboxyl - terminal kinase domain and that this interaction is regulated in a GTPase - dependent fashion.	"Pak1	117	121	Gene_or_gene_product"	"[{""token"": ""Pak1"", ""start_span"": 117, ""end_span"": 121, ""type"": ""Gene_or_gene_product""}]"
However, Pak1, which was autophosphorylated in response to either GTPase or sphingosine, is highly active and is insensitive to inhibition by the ID peptide.	"Pak1	9	13	Gene_or_gene_product"	"[{""token"": ""Pak1"", ""start_span"": 9, ""end_span"": 13, ""type"": ""Gene_or_gene_product""}]"
Loss of imprinting and elevated expression of wild - type p73 in human gastric adenocarcinoma.	"p73	58	61	Gene_or_gene_product"	"[{""token"": ""p73"", ""start_span"": 58, ""end_span"": 61, ""type"": ""Gene_or_gene_product""}]"
Furthermore, a tumor - specific increase of p73 was identified in 14 of 16 ( 87. 5%) matched sets.	"p73	44	47	Gene_or_gene_product"	"[{""token"": ""p73"", ""start_span"": 44, ""end_span"": 47, ""type"": ""Gene_or_gene_product""}]"
Allelotyping analysis using a StyI or BanI polymorphism revealed that 5 of 21 ( 23. 8%) informative carcinomas, but none of 19 noncancerous cases, express p73 biallelically, suggesting the transcriptional activation of a silent allele in a subset of cancers.	"p73	155	158	Gene_or_gene_product"	"[{""token"": ""p73"", ""start_span"": 155, ""end_span"": 158, ""type"": ""Gene_or_gene_product""}]"
The human cytochrome c ( 1) promoter is strongly activated in transfected Drosophila SL2 cells expressing exogenous human E2F1.	"E2F1	122	126	Gene_or_gene_product"	"[{""token"": ""E2F1"", ""start_span"": 122, ""end_span"": 126, ""type"": ""Gene_or_gene_product""}]"
Deletion of either region prevents E2F1 activation in transfected SL2 cells, suggesting a co - operative interaction between them.	"E2F1	35	39	Gene_or_gene_product"	"[{""token"": ""E2F1"", ""start_span"": 35, ""end_span"": 39, ""type"": ""Gene_or_gene_product""}]"
Far1 is a bifunctional protein that is required to arrest the cell cycle and establish cell polarity during yeast mating.	"Far1	0	4	Gene_or_gene_product"	"[{""token"": ""Far1"", ""start_span"": 0, ""end_span"": 4, ""type"": ""Gene_or_gene_product""}]"
Here we show that SCF ( Cdc4) ubiquitylates Far1 in the nucleus, which in turn targets the multi - ubiquitylated protein to 26S proteasomes most likely located at the nuclear envelope.	"Far1	44	48	Gene_or_gene_product"	"[{""token"": ""Far1"", ""start_span"": 44, ""end_span"": 48, ""type"": ""Gene_or_gene_product""}]"
Evidence for an accessory protein function for Toll - like receptor 1 in anti - bacterial responses.	"Toll - like receptor 1	47	69	Gene_or_gene_product"	"[{""token"": ""Toll - like receptor 1"", ""start_span"": 47, ""end_span"": 69, ""type"": ""Gene_or_gene_product""}]"
TLR1 is expressed by monocytes, as demonstrated using a novel mAb.	"TLR1	0	4	Gene_or_gene_product"	"[{""token"": ""TLR1"", ""start_span"": 0, ""end_span"": 4, ""type"": ""Gene_or_gene_product""}]"
Monocytes also express TLR2.	"TLR2	23	27	Gene_or_gene_product"	"[{""token"": ""TLR2"", ""start_span"": 23, ""end_span"": 27, ""type"": ""Gene_or_gene_product""}]"
PIG - M transfers the first mannose to glycosylphosphatidylinositol on the lumenal side of the ER.	"PIG - M	0	7	Gene_or_gene_product"	"[{""token"": ""PIG - M"", ""start_span"": 0, ""end_span"": 7, ""type"": ""Gene_or_gene_product""}]"
GPI - MT - I, however, has not been molecularly characterized.	"GPI - MT - I	0	12	Gene_or_gene_product"	"[{""token"": ""GPI - MT - I"", ""start_span"": 0, ""end_span"": 12, ""type"": ""Gene_or_gene_product""}]"
Characterization of GPI - MT - I would also help to clarify the topology of GPI biosynthesis.	"GPI - MT - I	20	32	Gene_or_gene_product"	"[{""token"": ""GPI - MT - I"", ""start_span"": 20, ""end_span"": 32, ""type"": ""Gene_or_gene_product""}]"
Herpes simplex virus type 1 ( HSV - 1) immediate - early regulatory protein ICP0 stimulates the initiation of lytic infection and reactivation from quiescence in human fibroblast cells.	"immediate - early regulatory protein ICP0	39	80	Gene_or_gene_product"	"[{""token"": ""immediate - early regulatory protein ICP0"", ""start_span"": 39, ""end_span"": 80, ""type"": ""Gene_or_gene_product""}]"
These results correlated with less - efficient disruption of ND10 and centromeres induced by ICP0 in NT2 and hNT cells.	"ICP0	93	97	Gene_or_gene_product"	"[{""token"": ""ICP0"", ""start_span"": 93, ""end_span"": 97, ""type"": ""Gene_or_gene_product""}]"
Furthermore, the ability of ICP0 to activate gene expression in transfection assays in NT2 cells was poor compared to Vero cells.	"ICP0	28	32	Gene_or_gene_product"	"[{""token"": ""ICP0"", ""start_span"": 28, ""end_span"": 32, ""type"": ""Gene_or_gene_product""}]"
These results suggest that a contributory factor in the reduced HSV - 1 replication in the neuron - related cells is inefficient ICP0 function; it is possible that this is pertinent to the establishment of latent infection in neurons in vivo.	"ICP0	129	133	Gene_or_gene_product"	"[{""token"": ""ICP0"", ""start_span"": 129, ""end_span"": 133, ""type"": ""Gene_or_gene_product""}]"
These results indicate that ubiquitination has an important regulatory role in stress response pathways, including those of IKK and JNK.	"JNK	132	135	Gene_or_gene_product"	"[{""token"": ""JNK"", ""start_span"": 132, ""end_span"": 135, ""type"": ""Gene_or_gene_product""}]"
These results indicate that the SUV39H1 - HP1 complex is not only involved in heterochromatic silencing but also has a role in repression of euchromatic genes by Rb and perhaps other co - repressor proteins.	"Rb	162	164	Gene_or_gene_product"	"[{""token"": ""Rb"", ""start_span"": 162, ""end_span"": 164, ""type"": ""Gene_or_gene_product""}]"
ODC inhibition leads to polyamine depletion, as well as inhibition of both cell proliferation and apoptosis by regulating gene expression.	"ODC	0	3	Gene_or_gene_product"	"[{""token"": ""ODC"", ""start_span"": 0, ""end_span"": 3, ""type"": ""Gene_or_gene_product""}]"
In the present study we tested the hypothesis that NF - kappa B is activated following ODC inhibition.	"ODC	87	90	Gene_or_gene_product"	"[{""token"": ""ODC"", ""start_span"": 87, ""end_span"": 90, ""type"": ""Gene_or_gene_product""}]"
We found that the inhibition of ODC by alpha - difluoromethylornithine ( DFMO) resulted in a approximately 50% decrease in intracellular putrescine levels within 1 h.	"ODC	32	35	Gene_or_gene_product"	"[{""token"": ""ODC"", ""start_span"": 32, ""end_span"": 35, ""type"": ""Gene_or_gene_product""}]"
NF - kappa B is activated by DFMO through the degradation of the inhibitory protein I kappa B alpha that sequesters NF - kappa B in the cytoplasm.	"I kappa B alpha	84	99	Gene_or_gene_product"	"[{""token"": ""I kappa B alpha"", ""start_span"": 84, ""end_span"": 99, ""type"": ""Gene_or_gene_product""}]"
DFMO - induced NF - kappa B activation was accompanied by the translocation of p65 from the cytoplasm into the nucleus.	"p65	79	82	Gene_or_gene_product"	"[{""token"": ""p65"", ""start_span"": 79, ""end_span"": 82, ""type"": ""Gene_or_gene_product""}]"
DFMO selectively inhibited a gene reporter construct dependent on the kappa B site present in the HLA - B7 gene.	"HLA - B7	98	106	Gene_or_gene_product"	"[{""token"": ""HLA - B7"", ""start_span"": 98, ""end_span"": 106, ""type"": ""Gene_or_gene_product""}]"
In contrast, DFMO had no effect on a gene reporter construct dependent on the kappa B site present in the interleukin - 8 gene.	"interleukin - 8	106	121	Gene_or_gene_product"	"[{""token"": ""interleukin - 8"", ""start_span"": 106, ""end_span"": 121, ""type"": ""Gene_or_gene_product""}]"
Thus, we report that ODC inhibition activates the NF - kappa B transcription factor, which may mediate the altered physiological state of intestinal cells that occurs following polyamine depletion.	"ODC	21	24	Gene_or_gene_product"	"[{""token"": ""ODC"", ""start_span"": 21, ""end_span"": 24, ""type"": ""Gene_or_gene_product""}]"
The function of pocket proteins is in part mediated by their ability to inhibit specific E2F transcription factors.	"E2F	89	92	Gene_or_gene_product"	"[{""token"": ""E2F"", ""start_span"": 89, ""end_span"": 92, ""type"": ""Gene_or_gene_product""}]"
The transcriptional activity of E2Fs is controlled by alteration of their nucleocytoplasmic localization during the cell cycle.	"E2Fs	32	36	Gene_or_gene_product"	"[{""token"": ""E2Fs"", ""start_span"": 32, ""end_span"": 36, ""type"": ""Gene_or_gene_product""}]"
p130 was observed to shuttle between the nucleus and cytoplasm in a heterokaryon fusion assay, suggesting the presence of nuclear and cytoplasmic localization signals.	"p130	0	4	Gene_or_gene_product"	"[{""token"": ""p130"", ""start_span"": 0, ""end_span"": 4, ""type"": ""Gene_or_gene_product""}]"
Two independent nuclear localization signals ( NLS) that could target reporter proteins to the nucleus in transient transfection and microinjection experiments were identified in the C terminus of p130.	"p130	197	201	Gene_or_gene_product"	"[{""token"": ""p130"", ""start_span"": 197, ""end_span"": 201, ""type"": ""Gene_or_gene_product""}]"
In addition to the C - terminal NLS, the intact pocket domain of p130 itself was sufficient for nuclear translocation.	"p130	65	69	Gene_or_gene_product"	"[{""token"": ""p130"", ""start_span"": 65, ""end_span"": 69, ""type"": ""Gene_or_gene_product""}]"
Moreover, an additional functional NLS was mapped within the unique Loop region of p130.	"p130	83	87	Gene_or_gene_product"	"[{""token"": ""p130"", ""start_span"": 83, ""end_span"": 87, ""type"": ""Gene_or_gene_product""}]"
A model suggesting that the activity of pRb family members can be regulated by intracellular trafficking of the proteins is proposed.	"pRb	40	43	Gene_or_gene_product"	"[{""token"": ""pRb"", ""start_span"": 40, ""end_span"": 43, ""type"": ""Gene_or_gene_product""}]"
Although several replication proteins are phosphorylated in a Cdk - dependent manner, the biological effects of phosphorylation of these proteins on the activation of DNA replication have not been elucidated.	"Cdk	62	65	Gene_or_gene_product"	"[{""token"": ""Cdk"", ""start_span"": 62, ""end_span"": 65, ""type"": ""Gene_or_gene_product""}]"
Because this complex is suggested to be essential for chromosomal DNA replication, it seems likely that S - Cdk positively regulates formation of the Sld2 - Dpb11 complex and, consequently, chromosomal DNA replication.	"S - Cdk	104	111	Gene_or_gene_product"	"[{""token"": ""S - Cdk"", ""start_span"": 104, ""end_span"": 111, ""type"": ""Gene_or_gene_product""}]"
The enzymatic activity of Sir2 is not required for this initial binding, but is required for the association of silencing proteins with regions distal from nucleation sites.	"Sir2	26	30	Gene_or_gene_product"	"[{""token"": ""Sir2"", ""start_span"": 26, ""end_span"": 30, ""type"": ""Gene_or_gene_product""}]"
Two TOR complexes, only one of which is rapamycin sensitive, have distinct roles in cell growth control.	"TOR	4	7	Gene_or_gene_product"	"[{""token"": ""TOR"", ""start_span"": 4, ""end_span"": 7, ""type"": ""Gene_or_gene_product""}]"
We describe two functionally distinct TOR complexes.	"TOR	38	41	Gene_or_gene_product"	"[{""token"": ""TOR"", ""start_span"": 38, ""end_span"": 41, ""type"": ""Gene_or_gene_product""}]"
FKBP - rapamycin binds TORC1, and TORC1 disruption mimics rapamycin treatment, suggesting that TORC1 mediates the rapamycin - sensitive, TOR - shared pathway.	"TOR	23	26	Gene_or_gene_product"	"[{""token"": ""TOR"", ""start_span"": 23, ""end_span"": 26, ""type"": ""Gene_or_gene_product""}]"
Summary and comparison of the signaling mechanisms of the Toll / interleukin - 1 receptor family.	"Toll / interleukin - 1 receptor	58	89	Gene_or_gene_product"	"[{""token"": ""Toll / interleukin - 1 receptor"", ""start_span"": 58, ""end_span"": 89, ""type"": ""Gene_or_gene_product""}]"
The Toll / interleukin - 1 ( IL - 1) receptor ( TIR) family comprises two groups of transmembrane proteins, which share functional and structural properties.	"TIR	48	51	Gene_or_gene_product"	"[{""token"": ""TIR"", ""start_span"": 48, ""end_span"": 51, ""type"": ""Gene_or_gene_product""}]"
TLRs possess leucine - rich repeats in their extracellular part.	"TLRs	0	4	Gene_or_gene_product"	"[{""token"": ""TLRs"", ""start_span"": 0, ""end_span"": 4, ""type"": ""Gene_or_gene_product""}]"
The TLR4 receptor complex requires supportive molecules for optimal response to its ligand lipopolysaccharide ( LPS).	"TLR4	4	8	Gene_or_gene_product"	"[{""token"": ""TLR4"", ""start_span"": 4, ""end_span"": 8, ""type"": ""Gene_or_gene_product""}]"
Subtle differences in TLR signaling pathways are now becoming apparent, which reveal how the innate immune system decides at a very early stage the direction in which the adaptive immune response will develop.	"TLR	22	25	Gene_or_gene_product"	"[{""token"": ""TLR"", ""start_span"": 22, ""end_span"": 25, ""type"": ""Gene_or_gene_product""}]"
Cloning and expression of the human N - acetylglutamate synthase gene.	"N - acetylglutamate synthase	36	64	Gene_or_gene_product"	"[{""token"": ""N - acetylglutamate synthase"", ""start_span"": 36, ""end_span"": 64, ""type"": ""Gene_or_gene_product""}]"
"The deduced amino acid sequence contains an N - terminal putative mitochondrial targeting signal of 49 amino acids ( 63% identity with mouse NAGS) followed by a "" variable domain "" of 45 amino acids ( 35% identity) and a "" conserved domain "" of 440 amino acids ( 92% identity)."	"NAGS	141	145	Gene_or_gene_product"	"[{""token"": ""NAGS"", ""start_span"": 141, ""end_span"": 145, ""type"": ""Gene_or_gene_product""}]"
The NAGS gene is expressed in the liver and small intestine; the intestinal transcript is smaller in size than liver transcript.	"NAGS	4	8	Gene_or_gene_product"	"[{""token"": ""NAGS"", ""start_span"": 4, ""end_span"": 8, ""type"": ""Gene_or_gene_product""}]"
NF - kappaB activity has long been thought to be regulated mainly by IkappaB family members, which keep the transcription factor complex in an inactive form in the cytoplasm by masking the nuclear localization signal.	"IkappaB	69	76	Gene_or_gene_product"	"[{""token"": ""IkappaB"", ""start_span"": 69, ""end_span"": 76, ""type"": ""Gene_or_gene_product""}]"
This effect represents, together with phosphorylation of nucleosome components such as histone H3, an essential step leading to selective transcriptional activation of NF - kappaB - dependent gene expression.	"histone H3	87	97	Gene_or_gene_product"	"[{""token"": ""histone H3"", ""start_span"": 87, ""end_span"": 97, ""type"": ""Gene_or_gene_product""}]"
Human claspin is required for replication checkpoint control.	"claspin	6	13	Gene_or_gene_product"	"[{""token"": ""claspin"", ""start_span"": 6, ""end_span"": 13, ""type"": ""Gene_or_gene_product""}]"
In the present study we investigated the role of human Claspin in the DNA damage / replication checkpoint in mammalian cells.	"Claspin	55	62	Gene_or_gene_product"	"[{""token"": ""Claspin"", ""start_span"": 55, ""end_span"": 62, ""type"": ""Gene_or_gene_product""}]"
We observed that human Claspin is a cell cycle regulated protein that peaks at S / G2 phase.	"Claspin	23	30	Gene_or_gene_product"	"[{""token"": ""Claspin"", ""start_span"": 23, ""end_span"": 30, ""type"": ""Gene_or_gene_product""}]"
More importantly, down - regulation of Claspin augments the premature chromatin condensation induced by hydroxyurea, inhibits the UV - induced reduction of DNA synthesis, and decreases cell survival.	"Claspin	39	46	Gene_or_gene_product"	"[{""token"": ""Claspin"", ""start_span"": 39, ""end_span"": 46, ""type"": ""Gene_or_gene_product""}]"
Taken together, these data imply a potentially critical role for Claspin in replication checkpoint control in mammalian cells.	"Claspin	65	72	Gene_or_gene_product"	"[{""token"": ""Claspin"", ""start_span"": 65, ""end_span"": 72, ""type"": ""Gene_or_gene_product""}]"
Members of the Cbl family of molecular adaptors play key roles in regulating tyrosine kinase - dependent signaling in a variety of cellular systems.	"Cbl	15	18	Gene_or_gene_product"	"[{""token"": ""Cbl"", ""start_span"": 15, ""end_span"": 18, ""type"": ""Gene_or_gene_product""}]"
Caspases are activated using mechanisms of oligomeration and ' self - controlled proteolysis '.	"Caspases	0	8	Gene_or_gene_product"	"[{""token"": ""Caspases"", ""start_span"": 0, ""end_span"": 8, ""type"": ""Gene_or_gene_product""}]"
Activated caspases then cleaved target substrates.	"caspases	10	18	Gene_or_gene_product"	"[{""token"": ""caspases"", ""start_span"": 10, ""end_span"": 18, ""type"": ""Gene_or_gene_product""}]"
To date, more than 70 proteins have been identified to be substrates of caspases in mammalian cells.	"caspases	72	80	Gene_or_gene_product"	"[{""token"": ""caspases"", ""start_span"": 72, ""end_span"": 80, ""type"": ""Gene_or_gene_product""}]"
Caspases can alter the function of their target proteins by destroying structural components of the cytoskeleton and nuclear scaffold or by removing their regulatory domains.	"Caspases	0	8	Gene_or_gene_product"	"[{""token"": ""Caspases"", ""start_span"": 0, ""end_span"": 8, ""type"": ""Gene_or_gene_product""}]"
Activation of NF - kappaB is dependent on the degradation of IkappaBalpha.	"IkappaBalpha	61	73	Gene_or_gene_product"	"[{""token"": ""IkappaBalpha"", ""start_span"": 61, ""end_span"": 73, ""type"": ""Gene_or_gene_product""}]"
IkappaB kinase ( IKK) phosphorylates IkappaBalpha at the residues 32 and 36 followed by polyubiquitination at lysine 21 and 22 and subsequent degradation of the molecules by 26S proteasome.	"IkappaBalpha	37	49	Gene_or_gene_product"	"[{""token"": ""IkappaBalpha"", ""start_span"": 37, ""end_span"": 49, ""type"": ""Gene_or_gene_product""}]"
There is extensive crosstalk between the apoptotic and NF - kappaB signaling pathways that emanate from TNF - R1.	"TNF - R1	104	112	Gene_or_gene_product"	"[{""token"": ""TNF - R1"", ""start_span"": 104, ""end_span"": 112, ""type"": ""Gene_or_gene_product""}]"
Wnt signaling plays an important role in both oncogenesis and development.	"Wnt	0	3	Gene_or_gene_product"	"[{""token"": ""Wnt"", ""start_span"": 0, ""end_span"": 3, ""type"": ""Gene_or_gene_product""}]"
Although the key molecules required for transducing a Wnt signal have been identified, a quantitative understanding of this pathway has been lacking.	"Wnt	54	57	Gene_or_gene_product"	"[{""token"": ""Wnt"", ""start_span"": 54, ""end_span"": 57, ""type"": ""Gene_or_gene_product""}]"
We predict several unusual features of the Wnt pathway, some of which we tested experimentally.	"Wnt	43	46	Gene_or_gene_product"	"[{""token"": ""Wnt"", ""start_span"": 43, ""end_span"": 46, ""type"": ""Gene_or_gene_product""}]"
By applying control analysis to our mathematical model, we demonstrate the modular design, sensitivity, and robustness of the Wnt pathway and derive an explicit expression for tumor suppression and oncogenicity.	"Wnt	126	129	Gene_or_gene_product"	"[{""token"": ""Wnt"", ""start_span"": 126, ""end_span"": 129, ""type"": ""Gene_or_gene_product""}]"
Characterizing the role of MDM2 in diethylnitrosamine induced acute liver damage and development of pre - neoplastic lesions.	"MDM2	27	31	Gene_or_gene_product"	"[{""token"": ""MDM2"", ""start_span"": 27, ""end_span"": 31, ""type"": ""Gene_or_gene_product""}]"
A single dose of DEN induced a centrilobular p53 response that peaked at 24 h.	"p53	45	48	Gene_or_gene_product"	"[{""token"": ""p53"", ""start_span"": 45, ""end_span"": 48, ""type"": ""Gene_or_gene_product""}]"
It was associated with transcriptional activation of MDM2 and signs of apoptosis.	"MDM2	53	57	Gene_or_gene_product"	"[{""token"": ""MDM2"", ""start_span"": 53, ""end_span"": 57, ""type"": ""Gene_or_gene_product""}]"
Rats pre - treated with repeated low or high weekly doses of DEN exhibited EAF and these lesions expressed high levels of cytoplasmic MDM2.	"MDM2	134	138	Gene_or_gene_product"	"[{""token"": ""MDM2"", ""start_span"": 134, ""end_span"": 138, ""type"": ""Gene_or_gene_product""}]"
Consistent with a role of this phosphatase on cell wall physiology, cells lacking Msg5 displayed an increased sensitivity to the cell wall - interfering compound Congo Red.	"Msg5	82	86	Gene_or_gene_product"	"[{""token"": ""Msg5"", ""start_span"": 82, ""end_span"": 86, ""type"": ""Gene_or_gene_product""}]"
Our results indicate the existence of posttranscriptional mechanisms of regulation of DSPs in yeast and provide new insights into the negative control of the cell integrity pathway.	"DSPs	86	90	Gene_or_gene_product"	"[{""token"": ""DSPs"", ""start_span"": 86, ""end_span"": 90, ""type"": ""Gene_or_gene_product""}]"
Herein we report that exposure of RAW 264. 7 murine macrophages to CpG DNA ( but not non - CpG DNA) provoked the rapid tyrosine phosphorylation of vav1.	"vav1	147	151	Gene_or_gene_product"	"[{""token"": ""vav1"", ""start_span"": 147, ""end_span"": 151, ""type"": ""Gene_or_gene_product""}]"
E2F proteins can either activate or repress transcription.	"E2F	0	3	Gene_or_gene_product"	"[{""token"": ""E2F"", ""start_span"": 0, ""end_span"": 3, ""type"": ""Gene_or_gene_product""}]"
Here, we show that activating E2F species are required for hyperacetylation of target chromatin in human cells.	"E2F	30	33	Gene_or_gene_product"	"[{""token"": ""E2F"", ""start_span"": 30, ""end_span"": 33, ""type"": ""Gene_or_gene_product""}]"
Target gene activation and S - phase entry were also blocked by DN E2F1.	"E2F1	67	71	Gene_or_gene_product"	"[{""token"": ""E2F1"", ""start_span"": 67, ""end_span"": 71, ""type"": ""Gene_or_gene_product""}]"
We speculate that the activities of multiple HAT complexes account for E2F - dependent acetylation, transcription, and S - phase entry.	"E2F	71	74	Gene_or_gene_product"	"[{""token"": ""E2F"", ""start_span"": 71, ""end_span"": 74, ""type"": ""Gene_or_gene_product""}]"
TopBP1 is also known as a DNA damage response protein.	"TopBP1	0	6	Gene_or_gene_product"	"[{""token"": ""TopBP1"", ""start_span"": 0, ""end_span"": 6, ""type"": ""Gene_or_gene_product""}]"
These studies suggest that Rb acts as a link between apoptotic and proliferative pathways by interacting with distinct kinases and occupying different promoters.	"Rb	27	29	Gene_or_gene_product"	"[{""token"": ""Rb"", ""start_span"": 27, ""end_span"": 29, ""type"": ""Gene_or_gene_product""}]"
Active NF - kappa B - like transcription complexes are multimers consisting of one or two members of a family of proteins related to the c - Rel proto - oncoprotein.	"c - Rel	137	144	Gene_or_gene_product"	"[{""token"": ""c - Rel"", ""start_span"": 137, ""end_span"": 144, ""type"": ""Gene_or_gene_product""}]"
The induced p21 binds to both the Cdk4 / cyclin D and Cdk2 / cyclin E complexes and inhibits both of their kinase activities.	"p21	12	15	Gene_or_gene_product"	"[{""token"": ""p21"", ""start_span"": 12, ""end_span"": 15, ""type"": ""Gene_or_gene_product""}]"
A role for E2F6 in the restriction of male - germ - cell - specific gene expression.	"E2F6	11	15	Gene_or_gene_product"	"[{""token"": ""E2F6"", ""start_span"": 11, ""end_span"": 15, ""type"": ""Gene_or_gene_product""}]"
E2F transcription factors play a pivotal role in the regulation of cellular proliferation and can be subdivided into activating and repressing family members [ 1].	"E2F	0	3	Gene_or_gene_product"	"[{""token"": ""E2F"", ""start_span"": 0, ""end_span"": 3, ""type"": ""Gene_or_gene_product""}]"
Here, we show that E2F6 plays an unexpected and essential role in the tissue specificity of gene expression.	"E2F6	19	23	Gene_or_gene_product"	"[{""token"": ""E2F6"", ""start_span"": 19, ""end_span"": 23, ""type"": ""Gene_or_gene_product""}]"
Thus, E2F6 is essential for the long - term somatic silencing of certain male - germ - cell - specific genes, but it is dispensable for cell - cycle regulation.	"E2F6	6	10	Gene_or_gene_product"	"[{""token"": ""E2F6"", ""start_span"": 6, ""end_span"": 10, ""type"": ""Gene_or_gene_product""}]"
mTOR function in skeletal muscle hypertrophy: increased ribosomal RNA via cell cycle regulators.	"mTOR	0	4	Gene_or_gene_product"	"[{""token"": ""mTOR"", ""start_span"": 0, ""end_span"": 4, ""type"": ""Gene_or_gene_product""}]"
Here we have mapped the functional domains of Crt1 and identified two independent repression domains and a region required for gene activation.	"Crt1	46	50	Gene_or_gene_product"	"[{""token"": ""Crt1"", ""start_span"": 46, ""end_span"": 50, ""type"": ""Gene_or_gene_product""}]"
In addition, we identified a C - terminal repression domain, which is independent of Ssn6 - Tup1 and HDACs and functions at native genes in vivo.	"HDACs	101	106	Gene_or_gene_product"	"[{""token"": ""HDACs"", ""start_span"": 101, ""end_span"": 106, ""type"": ""Gene_or_gene_product""}]"
Crt1 mutants were constructed to dissect its activator and repressor functions.	"Crt1	0	4	Gene_or_gene_product"	"[{""token"": ""Crt1"", ""start_span"": 0, ""end_span"": 4, ""type"": ""Gene_or_gene_product""}]"
Further characterization of these mutants indicated that they are capable of receiving DNA damage signals and releasing the Ssn6 - Tup1 complex from the promoter but are selectively impaired for TFIID and SWI / SNF recruitment.	"TFIID	195	200	Gene_or_gene_product"	"[{""token"": ""TFIID"", ""start_span"": 195, ""end_span"": 200, ""type"": ""Gene_or_gene_product""}]"
These results imply a two - step activation model of the DNA damage - inducible genes and that Crt1 functions as a signal - dependent dual - transcription activator and repressor that acts in a transient manner.	"Crt1	95	99	Gene_or_gene_product"	"[{""token"": ""Crt1"", ""start_span"": 95, ""end_span"": 99, ""type"": ""Gene_or_gene_product""}]"
SCF ubiquitin ligases regulate the degradation of many proteins involved in the control of cell division and growth.	"ubiquitin	4	13	Gene_or_gene_product"	"[{""token"": ""ubiquitin"", ""start_span"": 4, ""end_span"": 13, ""type"": ""Gene_or_gene_product""}]"
Fbw7 thus negatively regulates several key oncoproteins.	"Fbw7	0	4	Gene_or_gene_product"	"[{""token"": ""Fbw7"", ""start_span"": 0, ""end_span"": 4, ""type"": ""Gene_or_gene_product""}]"
In this review we discuss the activities of the SCF ( Fbw7) in the context of its role as a tumor suppressor and highlight recent findings demonstrating that dominant oncogenes disable Fbw7 function.	"Fbw7	54	58	Gene_or_gene_product"	"[{""token"": ""Fbw7"", ""start_span"": 54, ""end_span"": 58, ""type"": ""Gene_or_gene_product""}]"
HCP 1 mRNA was highly expressed in duodenum and regulated by hypoxia.	"HCP 1	0	5	Gene_or_gene_product"	"[{""token"": ""HCP 1"", ""start_span"": 0, ""end_span"": 5, ""type"": ""Gene_or_gene_product""}]"
HCP 1 protein was iron regulated and localized to the brush - border membrane of duodenal enterocytes in iron deficiency.	"HCP 1	0	5	Gene_or_gene_product"	"[{""token"": ""HCP 1"", ""start_span"": 0, ""end_span"": 5, ""type"": ""Gene_or_gene_product""}]"
Our data indicate that HCP 1 is the long - sought intestinal heme transporter.	"HCP 1	23	28	Gene_or_gene_product"	"[{""token"": ""HCP 1"", ""start_span"": 23, ""end_span"": 28, ""type"": ""Gene_or_gene_product""}]"
RESULTS: Here, we examine time - dependent changes in protein - protein interactions that occur in response to Wnt treatment.	"Wnt	111	114	Gene_or_gene_product"	"[{""token"": ""Wnt"", ""start_span"": 111, ""end_span"": 114, ""type"": ""Gene_or_gene_product""}]"
Here, we have shown that enzymatically dephosphorylated purified Rad53 autoactivates in vitro through a phosphorylation - dependent mechanism.	"Rad53	65	70	Gene_or_gene_product"	"[{""token"": ""Rad53"", ""start_span"": 65, ""end_span"": 70, ""type"": ""Gene_or_gene_product""}]"
Autophosphorylation was Rad53 concentration - dependent, indicating that the reaction follows an intermolecular mechanism.	"Rad53	24	29	Gene_or_gene_product"	"[{""token"": ""Rad53"", ""start_span"": 24, ""end_span"": 29, ""type"": ""Gene_or_gene_product""}]"
DNA damage induced oligomerization of a subset of Rad53 molecules in vivo.	"Rad53	50	55	Gene_or_gene_product"	"[{""token"": ""Rad53"", ""start_span"": 50, ""end_span"": 55, ""type"": ""Gene_or_gene_product""}]"
The mechanisms of regulation of Hdm2 protein level by serum growth factors.	"Hdm2	32	36	Gene_or_gene_product"	"[{""token"": ""Hdm2"", ""start_span"": 32, ""end_span"": 36, ""type"": ""Gene_or_gene_product""}]"
In a well characterised non - transformed human fibroblast model, growth factors induce the expression of Hdm2 with rapid kinetics.	"Hdm2	106	110	Gene_or_gene_product"	"[{""token"": ""Hdm2"", ""start_span"": 106, ""end_span"": 110, ""type"": ""Gene_or_gene_product""}]"
In contrast to previous studies in which components of the growth factor signalling pathways were overexpressed, hdm2 mRNA expression is not induced with immediate - early kinetics in these cells.	"hdm2	113	117	Gene_or_gene_product"	"[{""token"": ""hdm2"", ""start_span"": 113, ""end_span"": 117, ""type"": ""Gene_or_gene_product""}]"
A deletion analysis of Bir1 identified two regions important for function.	"Bir1	23	27	Gene_or_gene_product"	"[{""token"": ""Bir1"", ""start_span"": 23, ""end_span"": 27, ""type"": ""Gene_or_gene_product""}]"
The middle region is not essential but is required to localize the inner kinetochore protein Ndc10 to the spindle during anaphase and to the midzone at telophase.	"Ndc10	93	98	Gene_or_gene_product"	"[{""token"": ""Ndc10"", ""start_span"": 93, ""end_span"": 98, ""type"": ""Gene_or_gene_product""}]"
Bir1 is phosphorylated in a cell cycle - dependent manner.	"Bir1	0	4	Gene_or_gene_product"	"[{""token"": ""Bir1"", ""start_span"": 0, ""end_span"": 4, ""type"": ""Gene_or_gene_product""}]"
The loss of Ndc10 from the anaphase spindle prevented elongation of the spindle beyond 7 microm.	"Ndc10	12	17	Gene_or_gene_product"	"[{""token"": ""Ndc10"", ""start_span"": 12, ""end_span"": 17, ""type"": ""Gene_or_gene_product""}]"
Levels of the p53 tumor suppressor protein are increased in human cytomegalovirus ( HCMV) - infected cells and may be important for HCMV pathogenesis.	"p53	14	17	Gene_or_gene_product"	"[{""token"": ""p53"", ""start_span"": 14, ""end_span"": 17, ""type"": ""Gene_or_gene_product""}]"
Here we report that, in contrast to uninfected cells, mdm2 was undetectable upon treatment of infected fibroblasts with the proteasome inhibitor MG132.	"mdm2	54	58	Gene_or_gene_product"	"[{""token"": ""mdm2"", ""start_span"": 54, ""end_span"": 58, ""type"": ""Gene_or_gene_product""}]"
Adeno - associated virus type 2 increases proteosome - dependent degradation of p21WAF1 in a human papillomavirus type 31b - positive cervical carcinoma line.	"p21WAF1	80	87	Gene_or_gene_product"	"[{""token"": ""p21WAF1"", ""start_span"": 80, ""end_span"": 87, ""type"": ""Gene_or_gene_product""}]"
Increased p21 expression and complex formation with cyclin E / CDK2 in retinoid - induced pre - B lymphoma cell apoptosis.	"p21	10	13	Gene_or_gene_product"	"[{""token"": ""p21"", ""start_span"": 10, ""end_span"": 13, ""type"": ""Gene_or_gene_product""}]"
Yet the role of p21 upregulation by RA in lymphoma cells remains unknown.	"p21	16	19	Gene_or_gene_product"	"[{""token"": ""p21"", ""start_span"": 16, ""end_span"": 19, ""type"": ""Gene_or_gene_product""}]"
CDK2 can alternatively promote apoptosis, but the mechanisms remain unknown.	"CDK2	0	4	Gene_or_gene_product"	"[{""token"": ""CDK2"", ""start_span"": 0, ""end_span"": 4, ""type"": ""Gene_or_gene_product""}]"
p53 transcription - dependent and - independent regulation of cerebellar neural precursor cell apoptosis.	"p53	0	3	Gene_or_gene_product"	"[{""token"": ""p53"", ""start_span"": 0, ""end_span"": 3, ""type"": ""Gene_or_gene_product""}]"
In contrast, STS caused cerebellar NPC death without requiring new protein synthesis or PUMA expression.	"PUMA	88	92	Gene_or_gene_product"	"[{""token"": ""PUMA"", ""start_span"": 88, ""end_span"": 92, ""type"": ""Gene_or_gene_product""}]"
Interestingly, STS - induced death of cerebellar granule neurons was p53 - independent, indicating a differentiation - dependent feature of neuronal apoptotic regulation.	"p53	69	72	Gene_or_gene_product"	"[{""token"": ""p53"", ""start_span"": 69, ""end_span"": 72, ""type"": ""Gene_or_gene_product""}]"
Thus, p53 has multiple death promoting mechanisms in cerebellar NPCs.	"p53	6	9	Gene_or_gene_product"	"[{""token"": ""p53"", ""start_span"": 6, ""end_span"": 9, ""type"": ""Gene_or_gene_product""}]"
Y88 phosphorylation does not prevent p27 binding to cyclin A / Cdk2.	"p27	37	40	Gene_or_gene_product"	"[{""token"": ""p27"", ""start_span"": 37, ""end_span"": 40, ""type"": ""Gene_or_gene_product""}]"
A systems - biology analysis of feedback inhibition in the Sho1 osmotic - stress - response pathway.	"Sho1	59	63	Gene_or_gene_product"	"[{""token"": ""Sho1"", ""start_span"": 59, ""end_span"": 63, ""type"": ""Gene_or_gene_product""}]"
For instance in yeast, the mitogen - activated protein ( MAP) kinase Hog1 is activated and inactivated within minutes, even when the osmotic - stress stimulus is sustained.	"Hog1	69	73	Gene_or_gene_product"	"[{""token"": ""Hog1"", ""start_span"": 69, ""end_span"": 73, ""type"": ""Gene_or_gene_product""}]"
RESULTS: Here, we used a combination of experimental and computational analyses to investigate the dynamic behavior of Hog1 activation in vivo.	"Hog1	119	123	Gene_or_gene_product"	"[{""token"": ""Hog1"", ""start_span"": 119, ""end_span"": 123, ""type"": ""Gene_or_gene_product""}]"
Computational modeling suggested that a negative - feedback loop operates early in the pathway and leads to rapid attenuation of Hog1 signaling.	"Hog1	129	133	Gene_or_gene_product"	"[{""token"": ""Hog1"", ""start_span"": 129, ""end_span"": 133, ""type"": ""Gene_or_gene_product""}]"
PRAS40 ( Ser ( 183)) was phosphorylated in intact cells; this phosphorylation was inhibited by rapamycin, by 2 - deoxyglucose, and by overexpression of the tuberous sclerosis complex heterodimer.	"PRAS40	0	6	Gene_or_gene_product"	"[{""token"": ""PRAS40"", ""start_span"": 0, ""end_span"": 6, ""type"": ""Gene_or_gene_product""}]"
These results establish PRAS40 as a physiological mTORC1 substrate that contains a variant TOS motif.	"PRAS40	24	30	Gene_or_gene_product"	"[{""token"": ""PRAS40"", ""start_span"": 24, ""end_span"": 30, ""type"": ""Gene_or_gene_product""}]"
Moreover, they indicate that the ability of raptor to bind endogenous substrates is limiting for the activity of mTORC1 in vivo and is therefore a potential locus of regulation.	"raptor	44	50	Gene_or_gene_product"	"[{""token"": ""raptor"", ""start_span"": 44, ""end_span"": 50, ""type"": ""Gene_or_gene_product""}]"
We observed a significant inverse association between MDM2 expression and tumor invasion ( P = 0. 01).	"MDM2	54	58	Gene_or_gene_product"	"[{""token"": ""MDM2"", ""start_span"": 54, ""end_span"": 58, ""type"": ""Gene_or_gene_product""}]"
Furthermore, the presence of liver metastasis was also significantly associated with low MDM2 expression ( P = 0. 02).	"MDM2	89	93	Gene_or_gene_product"	"[{""token"": ""MDM2"", ""start_span"": 89, ""end_span"": 93, ""type"": ""Gene_or_gene_product""}]"
Eco1 - dependent cohesin acetylation during establishment of sister chromatid cohesion.	"Eco1	0	4	Gene_or_gene_product"	"[{""token"": ""Eco1"", ""start_span"": 0, ""end_span"": 4, ""type"": ""Gene_or_gene_product""}]"
We identified spontaneous suppressors of the thermosensitive eco1 - 1 allele in budding yeast.	"eco1 - 1	61	69	Gene_or_gene_product"	"[{""token"": ""eco1 - 1"", ""start_span"": 61, ""end_span"": 69, ""type"": ""Gene_or_gene_product""}]"
"The tumor suppressor protein p53 is considered the "" Guardian of the Genome "", crucial for cell cycle control and mutated in over 50% of human cancers."	"p53	29	32	Gene_or_gene_product"	"[{""token"": ""p53"", ""start_span"": 29, ""end_span"": 32, ""type"": ""Gene_or_gene_product""}]"
Following cellular stress, post - translational modifications such as phosphorylation and acetylation stabilise and activate p53 for cell cycle arrest, DNA repair, apoptosis or senescence.	"p53	125	128	Gene_or_gene_product"	"[{""token"": ""p53"", ""start_span"": 125, ""end_span"": 128, ""type"": ""Gene_or_gene_product""}]"
Using site - specific antibodies we demonstrate that in murine p53, S15 is phosphorylated in a tetramerisation - dependent manner.	"p53	63	66	Gene_or_gene_product"	"[{""token"": ""p53"", ""start_span"": 63, ""end_span"": 66, ""type"": ""Gene_or_gene_product""}]"
In contrast, human p53 S15 phosphorylation is not tetramerisation - dependent.	"p53	19	22	Gene_or_gene_product"	"[{""token"": ""p53"", ""start_span"": 19, ""end_span"": 22, ""type"": ""Gene_or_gene_product""}]"
Inability to form tetramers in human p53 proteins reduced site - specific N - terminal phosphorylation at S6, S9 and S46 and reduced C - terminal phosphorylation and acetylation at S315 and K382 respectively.	"p53	37	40	Gene_or_gene_product"	"[{""token"": ""p53"", ""start_span"": 37, ""end_span"": 40, ""type"": ""Gene_or_gene_product""}]"
Isoindolinones are a novel class of MDM2 - antagonists of moderate affinity, which still require the development of more potent candidates for clinical applications.	"MDM2	36	40	Gene_or_gene_product"	"[{""token"": ""MDM2"", ""start_span"": 36, ""end_span"": 40, ""type"": ""Gene_or_gene_product""}]"
However, interplay between the N - terminal phosphorylations and C - terminal acetylations of p53 in this context remains unclear.	"p53	94	97	Gene_or_gene_product"	"[{""token"": ""p53"", ""start_span"": 94, ""end_span"": 97, ""type"": ""Gene_or_gene_product""}]"
Modification of cysteine 179 of IkappaBalpha kinase by nimbolide leads to down - regulation of NF - kappaB - regulated cell survival and proliferative proteins and sensitization of tumor cells to chemotherapeutic agents.	"IkappaBalpha	32	44	Gene_or_gene_product"	"[{""token"": ""IkappaBalpha"", ""start_span"": 32, ""end_span"": 44, ""type"": ""Gene_or_gene_product""}]"
We found that suppression of NF - kappaB activation by nimbolide was caused by inhibition of IkappaB kinase ( IKK), which led to suppression of IkappaBalpha phosphorylation and degradation, nuclear translocation, DNA binding, and gene transcription.	"IkappaBalpha	144	156	Gene_or_gene_product"	"[{""token"": ""IkappaBalpha"", ""start_span"": 144, ""end_span"": 156, ""type"": ""Gene_or_gene_product""}]"
Replacement of Cys ( 179) of IKK - beta with alanine abolished the effect of nimbolide, suggesting that Cys ( 179) plays a critical role in inhibiting the NF - kappaB activation.	"IKK - beta	29	39	Gene_or_gene_product"	"[{""token"": ""IKK - beta"", ""start_span"": 29, ""end_span"": 39, ""type"": ""Gene_or_gene_product""}]"
The DNA binding activity of NF - kappaB is critical for VCAM - 1 expression during inflammation.	"VCAM - 1	56	64	Gene_or_gene_product"	"[{""token"": ""VCAM - 1"", ""start_span"": 56, ""end_span"": 64, ""type"": ""Gene_or_gene_product""}]"
p50 NF - kappaB binding to its consensus sequence increased its susceptibility to phosphorylation by DNA - PK.	"p50	0	3	Gene_or_gene_product"	"[{""token"": ""p50"", ""start_span"": 0, ""end_span"": 3, ""type"": ""Gene_or_gene_product""}]"
Analyses of the p50 NF - kappaB protein sequence revealed that both serine 20 and serine 227 at the amino terminus of the protein are putative sites for phosphorylation by DNA - PK.	"p50	16	19	Gene_or_gene_product"	"[{""token"": ""p50"", ""start_span"": 16, ""end_span"": 19, ""type"": ""Gene_or_gene_product""}]"
Signaling crosstalk between the beta - catenin and NF - kappaB pathways represents a functional network.	"beta - catenin	32	46	Gene_or_gene_product"	"[{""token"": ""beta - catenin"", ""start_span"": 32, ""end_span"": 46, ""type"": ""Gene_or_gene_product""}]"
Such a dynamic and complex binding of beta - catenin and NF - kappaB on promoters might contribute to the regulated expression of their target genes.	"beta - catenin	38	52	Gene_or_gene_product"	"[{""token"": ""beta - catenin"", ""start_span"": 38, ""end_span"": 52, ""type"": ""Gene_or_gene_product""}]"
Consistently, Zac1 overexpression suppressed cellular NF - kappaB activity.	"Zac1	14	18	Gene_or_gene_product"	"[{""token"": ""Zac1"", ""start_span"": 14, ""end_span"": 18, ""type"": ""Gene_or_gene_product""}]"
The majority of human pancreatic cancers have activating mutations in the KRAS proto - oncogene.	"KRAS	74	78	Gene_or_gene_product"	"[{""token"": ""KRAS"", ""start_span"": 74, ""end_span"": 78, ""type"": ""Gene_or_gene_product""}]"
The Notch signaling pathway has been implicated in both developmental processes and tumorigenesis.	"Notch	4	9	Gene_or_gene_product"	"[{""token"": ""Notch"", ""start_span"": 4, ""end_span"": 9, ""type"": ""Gene_or_gene_product""}]"
Aberrant Notch signaling has been repeatedly demonstrated to facilitate the proliferation and survival of glioma cells by regulating downstream effectors or other signaling pathways.	"Notch	9	14	Gene_or_gene_product"	"[{""token"": ""Notch"", ""start_span"": 9, ""end_span"": 14, ""type"": ""Gene_or_gene_product""}]"
We detected nuclear interaction of these proteins and demonstrated the requirement of all three for FN1 transcription.	"FN1	100	103	Gene_or_gene_product"	"[{""token"": ""FN1"", ""start_span"": 100, ""end_span"": 103, ""type"": ""Gene_or_gene_product""}]"
Structure - based analysis of the molecular recognitions between HIV - 1 TAR - RNA and transcription factor nuclear factor - kappaB ( NFkB).	"TAR	73	76	Gene_or_gene_product"	"[{""token"": ""TAR"", ""start_span"": 73, ""end_span"": 76, ""type"": ""Gene_or_gene_product""}]"
"In this paper we applied the "" macromolecular docking "" procedure to perform molecular modeling with the aim of screening transcription factor sequences for possible interaction to the HIV - 1 TAR - RNA, employing the software Hex version 4. 2."	"TAR	193	196	Gene_or_gene_product"	"[{""token"": ""TAR"", ""start_span"": 193, ""end_span"": 196, ""type"": ""Gene_or_gene_product""}]"
Despite the fact that our data do not indicate whether NF - kB / TAR - RNA complexes play a role in the early steps of HIV - 1 transcriptional activation, the results presented strongly indicate that interactions between transcription factors recruited at the level of HIV - 1 LTR might interact with the TAR - RNA and deserve further studies aimed to determine its role in the HIV - 1 life cycle.	"TAR	65	68	Gene_or_gene_product"	"[{""token"": ""TAR"", ""start_span"": 65, ""end_span"": 68, ""type"": ""Gene_or_gene_product""}]"
Steric and conformational features of the aconitase mechanism.	"aconitase	42	51	Gene_or_gene_product"	"[{""token"": ""aconitase"", ""start_span"": 42, ""end_span"": 51, ""type"": ""Gene_or_gene_product""}]"
Crystal structures of mitochondrial aconitase with alpha - methylisocitrate and with sulfate bound have been solved and refined at 2. 0 A resolution with R factors of 18. 2 and 16. 8%, respectively.	"aconitase	36	45	Gene_or_gene_product"	"[{""token"": ""aconitase"", ""start_span"": 36, ""end_span"": 45, ""type"": ""Gene_or_gene_product""}]"
The steric factors and conformational effects observed in both new structures support the proposed mechanism for the overall reaction catalyzed by aconitase.	"aconitase	147	156	Gene_or_gene_product"	"[{""token"": ""aconitase"", ""start_span"": 147, ""end_span"": 156, ""type"": ""Gene_or_gene_product""}]"
Crystals of aconitase with sulfate bound are isomorphous to those with isocitrate bound.	"aconitase	12	21	Gene_or_gene_product"	"[{""token"": ""aconitase"", ""start_span"": 12, ""end_span"": 21, ""type"": ""Gene_or_gene_product""}]"
Mdr2 expression in SVs caused a time - and temperature - dependent enhancement of PC translocation to the inner leaflet of the membrane.	"Mdr2	0	4	Gene_or_gene_product"	"[{""token"": ""Mdr2"", ""start_span"": 0, ""end_span"": 4, ""type"": ""Gene_or_gene_product""}]"
Cloning, expression, purification, and characterization of the human broad specificity lysosomal acid alpha - mannosidase.	"alpha - mannosidase	102	121	Gene_or_gene_product"	"[{""token"": ""alpha - mannosidase"", ""start_span"": 102, ""end_span"": 121, ""type"": ""Gene_or_gene_product""}]"
We have cloned and expressed two cDNAs encoding the human lysosomal alpha - mannosidase ( EC 3. 2. 1. 24) by RT - PCR of human spleen mRNA.	"alpha - mannosidase	68	87	Gene_or_gene_product"	"[{""token"": ""alpha - mannosidase"", ""start_span"": 68, ""end_span"": 87, ""type"": ""Gene_or_gene_product""}]"
No alpha - mannosidase activity could be detected in Pichia transformants containing this coding region, indicating that it did not encode a functional enzyme.	"alpha - mannosidase	3	22	Gene_or_gene_product"	"[{""token"": ""alpha - mannosidase"", ""start_span"": 3, ""end_span"": 22, ""type"": ""Gene_or_gene_product""}]"
Human chromosome mapping of the mannosidase gene confirmed that the functional gene maps to the MANB locus on chromosome 19.	"mannosidase	32	43	Gene_or_gene_product"	"[{""token"": ""mannosidase"", ""start_span"": 32, ""end_span"": 43, ""type"": ""Gene_or_gene_product""}]"
In cells, Mnk1 is post - translationally modified and enzymatically activated in response to treatment with either peptide growth factors, phorbol esters, anisomycin or UV.	"Mnk1	10	14	Gene_or_gene_product"	"[{""token"": ""Mnk1"", ""start_span"": 10, ""end_span"": 14, ""type"": ""Gene_or_gene_product""}]"
Phosphatidylinositol - 4 - phosphate 5 - kinase isozymes catalyze the synthesis of 3 - phosphate - containing phosphatidylinositol signaling molecules.	"Phosphatidylinositol - 4 - phosphate 5 - kinase	0	47	Gene_or_gene_product"	"[{""token"": ""Phosphatidylinositol - 4 - phosphate 5 - kinase"", ""start_span"": 0, ""end_span"": 47, ""type"": ""Gene_or_gene_product""}]"
Therefore, the PIP5Ks can synthesize phosphatidylinositol 4, 5 - bisphosphate and two 3 - phosphate - containing polyphosphoinositides.	"PIP5Ks	15	21	Gene_or_gene_product"	"[{""token"": ""PIP5Ks"", ""start_span"": 15, ""end_span"": 21, ""type"": ""Gene_or_gene_product""}]"
These unexpected activities position the PIP5Ks as potential participants in the generation of all polyphosphoinositide signaling molecules.	"PIP5Ks	41	47	Gene_or_gene_product"	"[{""token"": ""PIP5Ks"", ""start_span"": 41, ""end_span"": 47, ""type"": ""Gene_or_gene_product""}]"
The biological effects of the p53 tumor suppressor protein are elicited, at least in part, through sequence - specific transactivation of a battery of target genes.	"p53	30	33	Gene_or_gene_product"	"[{""token"": ""p53"", ""start_span"": 30, ""end_span"": 33, ""type"": ""Gene_or_gene_product""}]"
PAG608 encodes a nuclear zinc finger protein, which appears to localize preferentially to nucleoli when expressed at moderate levels in transfected cells.	"PAG608	0	6	Gene_or_gene_product"	"[{""token"": ""PAG608"", ""start_span"": 0, ""end_span"": 6, ""type"": ""Gene_or_gene_product""}]"
Transient overexpression of PAG608 in human tumor - derived cells leads to distinctive changes in nuclear morphology, and can promote apoptosis.	"PAG608	28	34	Gene_or_gene_product"	"[{""token"": ""PAG608"", ""start_span"": 28, ""end_span"": 34, ""type"": ""Gene_or_gene_product""}]"
Organic anion transporting polypeptide mediates organic anion / HCO3 - exchange.	"Organic anion transporting polypeptide	0	38	Gene_or_gene_product"	"[{""token"": ""Organic anion transporting polypeptide"", ""start_span"": 0, ""end_span"": 38, ""type"": ""Gene_or_gene_product""}]"
These data indicate that oatp - mediated taurocholate transport is Na + - independent, saturable, and accompanied by HCO3 - exchange.	"oatp	25	29	Gene_or_gene_product"	"[{""token"": ""oatp"", ""start_span"": 25, ""end_span"": 29, ""type"": ""Gene_or_gene_product""}]"
We conclude that organic anion / base exchange is an important, potentially regulatable component of oatp function.	"oatp	101	105	Gene_or_gene_product"	"[{""token"": ""oatp"", ""start_span"": 101, ""end_span"": 105, ""type"": ""Gene_or_gene_product""}]"
Cdc53 is a scaffold protein for multiple Cdc34 / Skp1 / F - box proteincomplexes that regulate cell division and methionine biosynthesis in yeast.	"Cdc53	0	5	Gene_or_gene_product"	"[{""token"": ""Cdc53"", ""start_span"": 0, ""end_span"": 5, ""type"": ""Gene_or_gene_product""}]"
Skp1 binds a motif called the F - box and in turn F - box proteins appear to recruit specific substrates for ubiquitination.	"Skp1	0	4	Gene_or_gene_product"	"[{""token"": ""Skp1"", ""start_span"": 0, ""end_span"": 4, ""type"": ""Gene_or_gene_product""}]"
Combinatorial control of SCF complexes may provide a basis for the regulation of diverse cellular processes.	"SCF	25	28	Gene_or_gene_product"	"[{""token"": ""SCF"", ""start_span"": 25, ""end_span"": 28, ""type"": ""Gene_or_gene_product""}]"
This occurs via the novel, putative TPP pyrophosphatase localised in the mitochondrial matrix, as shown both by digitonin titration and by an HPLC enzyme assay carried out on the mitochondrial matrix fraction.	"TPP pyrophosphatase	36	55	Gene_or_gene_product"	"[{""token"": ""TPP pyrophosphatase"", ""start_span"": 36, ""end_span"": 55, ""type"": ""Gene_or_gene_product""}]"
Maturation of human cyclin E requires the function of eukaryotic chaperonin CCT.	"cyclin E	20	28	Gene_or_gene_product"	"[{""token"": ""cyclin E"", ""start_span"": 20, ""end_span"": 28, ""type"": ""Gene_or_gene_product""}]"
Whereas degradation of cyclin E has been shown to be exquisitely regulated by ubiquitination and proteasomal action, little is known about posttranscriptional aspects of its biogenesis.	"cyclin E	23	31	Gene_or_gene_product"	"[{""token"": ""cyclin E"", ""start_span"": 23, ""end_span"": 31, ""type"": ""Gene_or_gene_product""}]"
In a yeast - based screen designed to identify human proteins that interact with human cyclin E, we identified components of the eukaryotic cytosolic chaperonin CCT.	"cyclin E	87	95	Gene_or_gene_product"	"[{""token"": ""cyclin E"", ""start_span"": 87, ""end_span"": 95, ""type"": ""Gene_or_gene_product""}]"
We found that the endogenous CCT complex in yeast was essential for the maturation of cyclin E in vivo.	"cyclin E	86	94	Gene_or_gene_product"	"[{""token"": ""cyclin E"", ""start_span"": 86, ""end_span"": 94, ""type"": ""Gene_or_gene_product""}]"
Under conditions of impaired CCT function, cyclin E failed to accumulate.	"cyclin E	43	51	Gene_or_gene_product"	"[{""token"": ""cyclin E"", ""start_span"": 43, ""end_span"": 51, ""type"": ""Gene_or_gene_product""}]"
Furthermore, newly translated cyclin E, both in vitro in reticulocyte lysate and in vivo in human cells in culture, is efficiently bound and processed by the CCT.	"cyclin E	30	38	Gene_or_gene_product"	"[{""token"": ""cyclin E"", ""start_span"": 30, ""end_span"": 38, ""type"": ""Gene_or_gene_product""}]"
In vitro, in the presence of ATP, the bound protein is folded and released in order to become associated with Cdk2.	"Cdk2	110	114	Gene_or_gene_product"	"[{""token"": ""Cdk2"", ""start_span"": 110, ""end_span"": 114, ""type"": ""Gene_or_gene_product""}]"
Thus, both the acquisition of the native state and turnover of cyclin E involve ATP - dependent processes mediated by large oligomeric assemblies.	"cyclin E	63	71	Gene_or_gene_product"	"[{""token"": ""cyclin E"", ""start_span"": 63, ""end_span"": 71, ""type"": ""Gene_or_gene_product""}]"
BACKGROUND: In human cells, the mitosis - inducing kinase Cdc2 is inhibited by phosphorylation on Thr14 and Tyr15.	"Cdc2	58	62	Gene_or_gene_product"	"[{""token"": ""Cdc2"", ""start_span"": 58, ""end_span"": 62, ""type"": ""Gene_or_gene_product""}]"
Disruption of these phosphorylation sites abrogates checkpoint - mediated regulation of Cdc2 and renders cells highly sensitive to agents that damage DNA.	"Cdc2	88	92	Gene_or_gene_product"	"[{""token"": ""Cdc2"", ""start_span"": 88, ""end_span"": 92, ""type"": ""Gene_or_gene_product""}]"
RESULTS: Here, we show that the activity of Cdc25 decreased following exposure to ionizing radiation.	"Cdc25	44	49	Gene_or_gene_product"	"[{""token"": ""Cdc25"", ""start_span"": 44, ""end_span"": 49, ""type"": ""Gene_or_gene_product""}]"
We also identified two human kinases that phosphorylate and inactivate Cdc25 in vitro.	"Cdc25	71	76	Gene_or_gene_product"	"[{""token"": ""Cdc25"", ""start_span"": 71, ""end_span"": 76, ""type"": ""Gene_or_gene_product""}]"
One is the previously characterized Chk1 kinase.	"Chk1	36	40	Gene_or_gene_product"	"[{""token"": ""Chk1"", ""start_span"": 36, ""end_span"": 40, ""type"": ""Gene_or_gene_product""}]"
The second is novel and is homologous to the Cds1 / Rad53 family of checkpoint kinases in yeast.	"Cds1 / Rad53	45	57	Gene_or_gene_product"	"[{""token"": ""Cds1 / Rad53"", ""start_span"": 45, ""end_span"": 57, ""type"": ""Gene_or_gene_product""}]"
Human Cds1 was found to be activated in response to DNA damage.	"Cds1	6	10	Gene_or_gene_product"	"[{""token"": ""Cds1"", ""start_span"": 6, ""end_span"": 10, ""type"": ""Gene_or_gene_product""}]"
