Sentence	entity_1	entity_2	json	split
Here we report that overproduction of either kinase - active or kinase - inactive forms of Myt1 blocked the nuclear - cytoplasmic shuttling of cyclin B1 and caused cells to delay in the G2 phase of the cell cycle.	nuclear,108,115,Cellular_component	cytoplasmic,118,129,Cellular_component	"[{""token"": ""nuclear"", ""start_span"": 108, ""end_span"": 115, ""type"": ""Cellular_component""}, {""token"": ""cytoplasmic"", ""start_span"": 118, ""end_span"": 129, ""type"": ""Cellular_component""}]"	train
Post - translational acetylation of histone H4 N - terminal tail in chromatin has been associated with several nuclear processes including transcription.	chromatin,68,77,Cellular_component	nuclear,111,118,Cellular_component	"[{""token"": ""chromatin"", ""start_span"": 68, ""end_span"": 77, ""type"": ""Cellular_component""}, {""token"": ""nuclear"", ""start_span"": 111, ""end_span"": 118, ""type"": ""Cellular_component""}]"	train
In response to extracellular stimuli, mitogen - activated protein kinase ( MAPK, also known as ERK) translocates from the cytoplasm to the nucleus.	cytoplasm,122,131,Cellular_component	nucleus,139,146,Cellular_component	"[{""token"": ""cytoplasm"", ""start_span"": 122, ""end_span"": 131, ""type"": ""Cellular_component""}, {""token"": ""nucleus"", ""start_span"": 139, ""end_span"": 146, ""type"": ""Cellular_component""}]"	train
MAP kinase kinase ( MAPKK, also know as MEK), which possesses a nuclear export signal ( NES), acts as a cytoplasmic anchor of MAPK.	nuclear,64,71,Cellular_component	cytoplasmic,104,115,Cellular_component	"[{""token"": ""nuclear"", ""start_span"": 64, ""end_span"": 71, ""type"": ""Cellular_component""}, {""token"": ""cytoplasmic"", ""start_span"": 104, ""end_span"": 115, ""type"": ""Cellular_component""}]"	train
We then show that nuclear entry of MAPK through a nuclear pore occurs via two distinct mechanisms.	nuclear,18,25,Cellular_component	nuclear pore,50,62,Cellular_component	"[{""token"": ""nuclear"", ""start_span"": 18, ""end_span"": 25, ""type"": ""Cellular_component""}, {""token"": ""nuclear pore"", ""start_span"": 50, ""end_span"": 62, ""type"": ""Cellular_component""}]"	train
Nuclear import of wild - type MAPK ( mol. wt 42 kDa) was induced by activation of the MAPK pathway even in the presence of wheat germ agglutinin or dominant - negative Ran, whereas nuclear import of beta - galactosidase ( beta - gal) - fused MAPK ( mol. wt 160 kDa), which occurred in response to stimuli, was completely blocked by these inhibitors.	Nuclear,0,7,Cellular_component	nuclear,181,188,Cellular_component	"[{""token"": ""Nuclear"", ""start_span"": 0, ""end_span"": 7, ""type"": ""Cellular_component""}, {""token"": ""nuclear"", ""start_span"": 181, ""end_span"": 188, ""type"": ""Cellular_component""}]"	train
Moreover, while a dimerization - deficient mutant of MAPK was able to translocate to the nucleus upon stimulation, this mutant MAPK, when fused to beta - gal, became unable to enter the nucleus.	nucleus,89,96,Cellular_component	nucleus,186,193,Cellular_component	"[{""token"": ""nucleus"", ""start_span"": 89, ""end_span"": 96, ""type"": ""Cellular_component""}, {""token"": ""nucleus"", ""start_span"": 186, ""end_span"": 193, ""type"": ""Cellular_component""}]"	train
The stability of the protein is greatly reduced in a mutant that is constitutively localised to the nucleus, but is restored in a deletion derivative which remains in the cytoplasm.	nucleus,100,107,Cellular_component	cytoplasm,171,180,Cellular_component	"[{""token"": ""nucleus"", ""start_span"": 100, ""end_span"": 107, ""type"": ""Cellular_component""}, {""token"": ""cytoplasm"", ""start_span"": 171, ""end_span"": 180, ""type"": ""Cellular_component""}]"	train
Many cell surface proteins are anchored to the membrane via a glycosylphosphatidylinositol ( GPI) moiety, which is attached to the C terminus of the proteins.	cell surface,5,17,Cellular_component	membrane,47,55,Cellular_component	"[{""token"": ""cell surface"", ""start_span"": 5, ""end_span"": 17, ""type"": ""Cellular_component""}, {""token"": ""membrane"", ""start_span"": 47, ""end_span"": 55, ""type"": ""Cellular_component""}]"	train
Cells overexpressing a non - degradable Far1 were unable to polarize their actin cytoskeleton because they failed to relocate Cdc24 to the incipient bud site.	cytoskeleton,81,93,Cellular_component	bud site,149,157,Cellular_component	"[{""token"": ""cytoskeleton"", ""start_span"": 81, ""end_span"": 93, ""type"": ""Cellular_component""}, {""token"": ""bud site"", ""start_span"": 149, ""end_span"": 157, ""type"": ""Cellular_component""}]"	train
This mechanism ensures that Cdc24 is targeted to the site of receptor - associated heterotrimeric G - protein activation at the plasma membrane, thereby allowing polarization of the actin cytoskeleton along the morphogenetic gradient of pheromone.	plasma membrane,128,143,Cellular_component	cytoskeleton,188,200,Cellular_component	"[{""token"": ""plasma membrane"", ""start_span"": 128, ""end_span"": 143, ""type"": ""Cellular_component""}, {""token"": ""cytoskeleton"", ""start_span"": 188, ""end_span"": 200, ""type"": ""Cellular_component""}]"	train
NF - kappaB is normally sequestered in the cytoplasm of nonstimulated cells and consequently must be translocated into the nucleus to function.	cytoplasm,43,52,Cellular_component	nucleus,123,130,Cellular_component	"[{""token"": ""cytoplasm"", ""start_span"": 43, ""end_span"": 52, ""type"": ""Cellular_component""}, {""token"": ""nucleus"", ""start_span"": 123, ""end_span"": 130, ""type"": ""Cellular_component""}]"	train
The subcellular location of NF - kappaB is controlled by a family of inhibitory proteins, IkappaBs, which bind NF - kappaB and mask its nuclear localization signal, thereby preventing nuclear uptake.	nuclear,136,143,Cellular_component	nuclear,184,191,Cellular_component	"[{""token"": ""nuclear"", ""start_span"": 136, ""end_span"": 143, ""type"": ""Cellular_component""}, {""token"": ""nuclear"", ""start_span"": 184, ""end_span"": 191, ""type"": ""Cellular_component""}]"	train
Exposure of cells to a variety of extracellular stimuli leads to the rapid phosphorylation, ubiquitination, and ultimately proteolytic degradation of IkappaB, which frees NF - kappaB to translocate to the nucleus where it regulates gene transcription.	extracellular,34,47,Cellular_component	nucleus,205,212,Cellular_component	"[{""token"": ""extracellular"", ""start_span"": 34, ""end_span"": 47, ""type"": ""Cellular_component""}, {""token"": ""nucleus"", ""start_span"": 205, ""end_span"": 212, ""type"": ""Cellular_component""}]"	train
Confocal microscopy showed an evident increase in immunostaining intensity in the nuclear interior after growth factor treatment but no changes in the subcellular distribution of Akt / PKB when a LY294002 pre - treatment was administered to the cells.	nuclear interior,82,98,Cellular_component	subcellular,151,162,Cellular_component	"[{""token"": ""nuclear interior"", ""start_span"": 82, ""end_span"": 98, ""type"": ""Cellular_component""}, {""token"": ""subcellular"", ""start_span"": 151, ""end_span"": 162, ""type"": ""Cellular_component""}]"	train
This function of Nud1p is distinct from its role in cell - cycle control: Nud1p binds the spindle checkpoint control proteins Bfa1p and Bub2p to the SPB, and is part of the mitotic exit network ( MEN) in which it functions upstream of CDC15 but downstream of LTE1.	spindle,90,97,Cellular_component	SPB,149,152,Cellular_component	"[{""token"": ""spindle"", ""start_span"": 90, ""end_span"": 97, ""type"": ""Cellular_component""}, {""token"": ""SPB"", ""start_span"": 149, ""end_span"": 152, ""type"": ""Cellular_component""}]"	train
Sites of Mps1p phosphorylation and Ser ( 36) are located within the N - terminal globular domain of Spc110p, which resides at the inner plaque of the SPB and binds the Tub4p complex.	inner plaque,130,142,Cellular_component	SPB,150,153,Cellular_component	"[{""token"": ""inner plaque"", ""start_span"": 130, ""end_span"": 142, ""type"": ""Cellular_component""}, {""token"": ""SPB"", ""start_span"": 150, ""end_span"": 153, ""type"": ""Cellular_component""}]"	train
A mutant of Cdc25C that is unable to bind 14 - 3 - 3 was partially nuclear in the absence of LMB and its nuclear accumulation was greatly enhanced by LMB - treatment.	nuclear,67,74,Cellular_component	nuclear,105,112,Cellular_component	"[{""token"": ""nuclear"", ""start_span"": 67, ""end_span"": 74, ""type"": ""Cellular_component""}, {""token"": ""nuclear"", ""start_span"": 105, ""end_span"": 112, ""type"": ""Cellular_component""}]"	train
These findings suggest that the nuclear export of Cdc25C is mediated by an intrinsic NES and that 14 - 3 - 3 binding negatively regulates nuclear import.	nuclear,32,39,Cellular_component	nuclear,138,145,Cellular_component	"[{""token"": ""nuclear"", ""start_span"": 32, ""end_span"": 39, ""type"": ""Cellular_component""}, {""token"": ""nuclear"", ""start_span"": 138, ""end_span"": 145, ""type"": ""Cellular_component""}]"	train
Subcellular fractionation revealed that both MACS1 and Sa protein are localized in the mitochondrial matrix.	Subcellular,0,11,Cellular_component	mitochondrial matrix,87,107,Cellular_component	"[{""token"": ""Subcellular"", ""start_span"": 0, ""end_span"": 11, ""type"": ""Cellular_component""}, {""token"": ""mitochondrial matrix"", ""start_span"": 87, ""end_span"": 107, ""type"": ""Cellular_component""}]"	train
Many eukaryotic cell surface proteins are anchored to the plasma membrane via glycosylphosphatidylinositol ( GPI).	cell surface,16,28,Cellular_component	plasma membrane,58,73,Cellular_component	"[{""token"": ""cell surface"", ""start_span"": 16, ""end_span"": 28, ""type"": ""Cellular_component""}, {""token"": ""plasma membrane"", ""start_span"": 58, ""end_span"": 73, ""type"": ""Cellular_component""}]"	train
Kip1p of Saccharomyces cerevisiae is a bipolar kinesin in the conserved bimC kinesin subfamily that mediates mitotic spindle - pole separation.	mitotic spindle,109,124,Cellular_component	pole,127,131,Cellular_component	"[{""token"": ""mitotic spindle"", ""start_span"": 109, ""end_span"": 124, ""type"": ""Cellular_component""}, {""token"": ""pole"", ""start_span"": 127, ""end_span"": 131, ""type"": ""Cellular_component""}]"	train
Degradation also required import of Kip1p into the nucleus, but occurred independently of spindle association.	nucleus,51,58,Cellular_component	spindle,90,97,Cellular_component	"[{""token"": ""nucleus"", ""start_span"": 51, ""end_span"": 58, ""type"": ""Cellular_component""}, {""token"": ""spindle"", ""start_span"": 90, ""end_span"": 97, ""type"": ""Cellular_component""}]"	train
The timing of degradation suggests that Kip1p functions primarily during spindle assembly and metaphase, and that Kip1p degradation facilitates structural changes in the mitotic spindle as anaphase progresses.	spindle,73,80,Cellular_component	mitotic spindle,170,185,Cellular_component	"[{""token"": ""spindle"", ""start_span"": 73, ""end_span"": 80, ""type"": ""Cellular_component""}, {""token"": ""mitotic spindle"", ""start_span"": 170, ""end_span"": 185, ""type"": ""Cellular_component""}]"	train
Formation of the Bub3 - Cdc20 complex requires all kinetochore checkpoint proteins but, surprisingly, not intact kinetochores.	kinetochore,51,62,Cellular_component	kinetochores,113,125,Cellular_component	"[{""token"": ""kinetochore"", ""start_span"": 51, ""end_span"": 62, ""type"": ""Cellular_component""}, {""token"": ""kinetochores"", ""start_span"": 113, ""end_span"": 125, ""type"": ""Cellular_component""}]"	train
We recently demonstrated that exogenously added HSP70 possesses potent cytokine activity, with the ability to bind with high affinity to the plasma membrane, elicit a rapid intracellular Ca ( 2 +) flux, activate NF - kappaB, and up - regulate the expression of pro - inflammatory cytokines in human monocytes.	plasma membrane,141,156,Cellular_component	intracellular,173,186,Cellular_component	"[{""token"": ""plasma membrane"", ""start_span"": 141, ""end_span"": 156, ""type"": ""Cellular_component""}, {""token"": ""intracellular"", ""start_span"": 173, ""end_span"": 186, ""type"": ""Cellular_component""}]"	train
Dephosphorylation promotes Crz1p nuclear localization in part by increasing the efficiency of its nuclear import.	nuclear,33,40,Cellular_component	nuclear,98,105,Cellular_component	"[{""token"": ""nuclear"", ""start_span"": 33, ""end_span"": 40, ""type"": ""Cellular_component""}, {""token"": ""nuclear"", ""start_span"": 98, ""end_span"": 105, ""type"": ""Cellular_component""}]"	train
Immunohistochemical analysis and co - purification studies have revealed the association of UPase with the cytoskeleton and the cellular membrane.	cytoskeleton,107,119,Cellular_component	cellular membrane,128,145,Cellular_component	"[{""token"": ""cytoskeleton"", ""start_span"": 107, ""end_span"": 119, ""type"": ""Cellular_component""}, {""token"": ""cellular membrane"", ""start_span"": 128, ""end_span"": 145, ""type"": ""Cellular_component""}]"	train
The Mpk1 MAP kinase of the Saccharomyces cerevisiae cell wall integrity signalling pathway phosphorylates and activates the Rlm1 transcription factor in response to cell wall stress.	cell wall,52,61,Cellular_component	cell wall,165,174,Cellular_component	"[{""token"": ""cell wall"", ""start_span"": 52, ""end_span"": 61, ""type"": ""Cellular_component""}, {""token"": ""cell wall"", ""start_span"": 165, ""end_span"": 174, ""type"": ""Cellular_component""}]"	train
Finally, intracellular localization analyses show that Rlm1 resides in the nucleus regardless of its activation and phosphorylation status.	intracellular,9,22,Cellular_component	nucleus,75,82,Cellular_component	"[{""token"": ""intracellular"", ""start_span"": 9, ""end_span"": 22, ""type"": ""Cellular_component""}, {""token"": ""nucleus"", ""start_span"": 75, ""end_span"": 82, ""type"": ""Cellular_component""}]"	train
First, an estrogen receptor - E2F1 fusion protein ( ER - E2F1) potently activates the endogenous cyclin D3 mRNA upon treatment with 4 - hydroxytamoxifen, which induces nuclear accumulation of the otherwise cytosolic fusion protein.	nuclear,168,175,Cellular_component	cytosolic,206,215,Cellular_component	"[{""token"": ""nuclear"", ""start_span"": 168, ""end_span"": 175, ""type"": ""Cellular_component""}, {""token"": ""cytosolic"", ""start_span"": 206, ""end_span"": 215, ""type"": ""Cellular_component""}]"	train
Under basal conditions, RSK1 is located in the cytosol and upon stimulation, RSK1 translocates to the plasma membrane where it is fully activated.	cytosol,47,54,Cellular_component	plasma membrane,102,117,Cellular_component	"[{""token"": ""cytosol"", ""start_span"": 47, ""end_span"": 54, ""type"": ""Cellular_component""}, {""token"": ""plasma membrane"", ""start_span"": 102, ""end_span"": 117, ""type"": ""Cellular_component""}]"	train
After 5 min of serum stimulation, a portion of 14 - 3 - 3beta and RSK1 translocated to the membrane fraction, and immunofluorescence studies demonstrated colocalization of RSK1 and 14 - 3 - 3beta at the plasma membrane in vivo.	membrane,91,99,Cellular_component	plasma membrane,203,218,Cellular_component	"[{""token"": ""membrane"", ""start_span"": 91, ""end_span"": 99, ""type"": ""Cellular_component""}, {""token"": ""plasma membrane"", ""start_span"": 203, ""end_span"": 218, ""type"": ""Cellular_component""}]"	train
Induction of septin ring dynamics in telophase is triggered by the translocation of Rts1, a kinetochore - associated regulatory subunit of PP2A phosphatase, to the bud neck and correlates with Rts1 - dependent dephosphorylation of Shs1.	kinetochore,92,103,Cellular_component	bud neck,164,172,Cellular_component	"[{""token"": ""kinetochore"", ""start_span"": 92, ""end_span"": 103, ""type"": ""Cellular_component""}, {""token"": ""bud neck"", ""start_span"": 164, ""end_span"": 172, ""type"": ""Cellular_component""}]"	train
It is essential for the continuation of peroxisomal beta - oxidation that a redox shuttle system exist across the peroxisomal membrane to reoxidize NADH.	peroxisomal,40,51,Cellular_component	peroxisomal membrane,114,134,Cellular_component	"[{""token"": ""peroxisomal"", ""start_span"": 40, ""end_span"": 51, ""type"": ""Cellular_component""}, {""token"": ""peroxisomal membrane"", ""start_span"": 114, ""end_span"": 134, ""type"": ""Cellular_component""}]"	train
This review summarizes recent discoveries in the field of iron transport that have shed light on the molecular mechanisms of dietary iron uptake, pathways for iron efflux to and between peripheral tissues, proteins implicated in organellar transport of iron ( particularly the mitochondrion), and novel regulators that have been proposed to control iron assimilation.	organellar,229,239,Cellular_component	mitochondrion,277,290,Cellular_component	"[{""token"": ""organellar"", ""start_span"": 229, ""end_span"": 239, ""type"": ""Cellular_component""}, {""token"": ""mitochondrion"", ""start_span"": 277, ""end_span"": 290, ""type"": ""Cellular_component""}]"	train
Mutations that disrupt the concentration of Ran in the nucleus displaced Mad2p but not Mad1p from the NPC.	nucleus,55,62,Cellular_component	NPC,102,105,Cellular_component	"[{""token"": ""nucleus"", ""start_span"": 55, ""end_span"": 62, ""type"": ""Cellular_component""}, {""token"": ""NPC"", ""start_span"": 102, ""end_span"": 105, ""type"": ""Cellular_component""}]"	train
RhoA - mediated Phospholipase D1 signaling is not required for the formation of stress fibers and focal adhesions.	stress fibers,80,93,Cellular_component	focal adhesions,98,113,Cellular_component	"[{""token"": ""stress fibers"", ""start_span"": 80, ""end_span"": 93, ""type"": ""Cellular_component""}, {""token"": ""focal adhesions"", ""start_span"": 98, ""end_span"": 113, ""type"": ""Cellular_component""}]"	train
Our results show that PLD1 is not required for the RhoA - mediated stress fiber and focal adhesion formation.	stress fiber,67,79,Cellular_component	focal adhesion,84,98,Cellular_component	"[{""token"": ""stress fiber"", ""start_span"": 67, ""end_span"": 79, ""type"": ""Cellular_component""}, {""token"": ""focal adhesion"", ""start_span"": 84, ""end_span"": 98, ""type"": ""Cellular_component""}]"	train
During meiosis, cohesins - - protein complexes that hold sister chromatids together - - are lost from chromosomes in a step - wise manner.	chromatids,64,74,Cellular_component	chromosomes,102,113,Cellular_component	"[{""token"": ""chromatids"", ""start_span"": 64, ""end_span"": 74, ""type"": ""Cellular_component""}, {""token"": ""chromosomes"", ""start_span"": 102, ""end_span"": 113, ""type"": ""Cellular_component""}]"	train
Loss of cohesins from chromosome arms is necessary for homologous chromosomes to segregate during meiosis I.	chromosome arms,22,37,Cellular_component	chromosomes,66,77,Cellular_component	"[{""token"": ""chromosome arms"", ""start_span"": 22, ""end_span"": 37, ""type"": ""Cellular_component""}, {""token"": ""chromosomes"", ""start_span"": 66, ""end_span"": 77, ""type"": ""Cellular_component""}]"	train
Our data further implicate two other key regulators of meiotic chromosome segregation, the cohesin protector Sgo1 and meiotic recombination in bringing about the step - wise loss of cohesins and thus the establishment of the meiotic chromosome segregation pattern.	chromosome,63,73,Cellular_component	chromosome,233,243,Cellular_component	"[{""token"": ""chromosome"", ""start_span"": 63, ""end_span"": 73, ""type"": ""Cellular_component""}, {""token"": ""chromosome"", ""start_span"": 233, ""end_span"": 243, ""type"": ""Cellular_component""}]"	train
In addition, a gin4 mutant lacking the Elm1 - dependent phosphorylation sites exhibited an impaired localization to the bud - neck and, as a result, induced a significant growth defect with an elongated bud morphology.	bud - neck,120,130,Cellular_component	bud,203,206,Cellular_component	"[{""token"": ""bud - neck"", ""start_span"": 120, ""end_span"": 130, ""type"": ""Cellular_component""}, {""token"": ""bud"", ""start_span"": 203, ""end_span"": 206, ""type"": ""Cellular_component""}]"	train
Cyclin A may associated with condensing chromosomes in prophase, but is not associated with condensed chromosomes in metaphase.	chromosomes,40,51,Cellular_component	chromosomes,102,113,Cellular_component	"[{""token"": ""chromosomes"", ""start_span"": 40, ""end_span"": 51, ""type"": ""Cellular_component""}, {""token"": ""chromosomes"", ""start_span"": 102, ""end_span"": 113, ""type"": ""Cellular_component""}]"	train
In mitotic cells, cyclin B1 associates with condensed chromosomes in prophase and metaphase, and with the mitotic apparatus.	chromosomes,54,65,Cellular_component	mitotic apparatus,106,123,Cellular_component	"[{""token"": ""chromosomes"", ""start_span"": 54, ""end_span"": 65, ""type"": ""Cellular_component""}, {""token"": ""mitotic apparatus"", ""start_span"": 106, ""end_span"": 123, ""type"": ""Cellular_component""}]"	train
The nuclear, but not the cytoplasmic form, of cyclin A is associated with a 33 - kD PSTAIRE - containing protein.	nuclear,4,11,Cellular_component	cytoplasmic,25,36,Cellular_component	"[{""token"": ""nuclear"", ""start_span"": 4, ""end_span"": 11, ""type"": ""Cellular_component""}, {""token"": ""cytoplasmic"", ""start_span"": 25, ""end_span"": 36, ""type"": ""Cellular_component""}]"	train
Ipl1p - dependent phosphorylation of Mad3p is required for the spindle checkpoint response to lack of tension at kinetochores.	spindle,63,70,Cellular_component	kinetochores,113,125,Cellular_component	"[{""token"": ""spindle"", ""start_span"": 63, ""end_span"": 70, ""type"": ""Cellular_component""}, {""token"": ""kinetochores"", ""start_span"": 113, ""end_span"": 125, ""type"": ""Cellular_component""}]"	train
Passenger protein homologues in the budding yeast Saccharomyces cerevisiae play a critical role early in mitosis, ensuring proper biorientation of kinetochore - microtubule attachments.	kinetochore,147,158,Cellular_component	microtubule,161,172,Cellular_component	"[{""token"": ""kinetochore"", ""start_span"": 147, ""end_span"": 158, ""type"": ""Cellular_component""}, {""token"": ""microtubule"", ""start_span"": 161, ""end_span"": 172, ""type"": ""Cellular_component""}]"	train
Both p53 and the small molecular weight forms of p53 were aberrantly expressed between the nuclear and cytosolic fractions of melanoma cell lines, compared with normal fibroblasts.	nuclear,91,98,Cellular_component	cytosolic fractions,103,122,Cellular_component	"[{""token"": ""nuclear"", ""start_span"": 91, ""end_span"": 98, ""type"": ""Cellular_component""}, {""token"": ""cytosolic fractions"", ""start_span"": 103, ""end_span"": 122, ""type"": ""Cellular_component""}]"	train
At the onset of anaphase, sister - chromatid cohesion is dissolved abruptly and irreversibly, ensuring that all chromosome pairs disjoin almost simultaneously.	sister - chromatid,26,44,Cellular_component	chromosome,112,122,Cellular_component	"[{""token"": ""sister - chromatid"", ""start_span"": 26, ""end_span"": 44, ""type"": ""Cellular_component""}, {""token"": ""chromosome"", ""start_span"": 112, ""end_span"": 122, ""type"": ""Cellular_component""}]"	train
Our results also suggest that coupling securin degradation with changes in Cdk1 and Cdc14 activities helps coordinate the initiation of sister - chromatid separation with changes in spindle dynamics.	sister - chromatid,136,154,Cellular_component	spindle,182,189,Cellular_component	"[{""token"": ""sister - chromatid"", ""start_span"": 136, ""end_span"": 154, ""type"": ""Cellular_component""}, {""token"": ""spindle"", ""start_span"": 182, ""end_span"": 189, ""type"": ""Cellular_component""}]"	train
In addition, SDF - 1alpha treatment also increased IkappaB kinase alpha / beta ( IKK alpha / beta) phosphorylation, IkappaBalpha phosphorylation, IkappaBalpha degradation, p65 phosphorylation at Ser ( 276), translocation of p65 and p50 from cytosol to nucleus and kappaB - luciferase activity.	cytosol,241,248,Cellular_component	nucleus,252,259,Cellular_component	"[{""token"": ""cytosol"", ""start_span"": 241, ""end_span"": 248, ""type"": ""Cellular_component""}, {""token"": ""nucleus"", ""start_span"": 252, ""end_span"": 259, ""type"": ""Cellular_component""}]"	train
In addition, IL - 33 can act in an intracrine fashion by translocating to the nucleus, where it binds to the chromatin and modulates gene expression.	nucleus,78,85,Cellular_component	chromatin,109,118,Cellular_component	"[{""token"": ""nucleus"", ""start_span"": 78, ""end_span"": 85, ""type"": ""Cellular_component""}, {""token"": ""chromatin"", ""start_span"": 109, ""end_span"": 118, ""type"": ""Cellular_component""}]"	train
We suggest that nuclear IL - 33 sequesters nuclear NF - kappaB and reduces NF - kappaB - triggered gene expression to dampen proinflammatory signaling.	nuclear,16,23,Cellular_component	nuclear,43,50,Cellular_component	"[{""token"": ""nuclear"", ""start_span"": 16, ""end_span"": 23, ""type"": ""Cellular_component""}, {""token"": ""nuclear"", ""start_span"": 43, ""end_span"": 50, ""type"": ""Cellular_component""}]"	train
Human biliverdin reductase ( hBVR), a Ser / Thr / Tyr kinase and intracellular scaffold / bridge / anchor, is a nuclear transporter of MEK1 / 2 - stimulated ERK1 / 2 ( Lerner - Marmarosh, N., Miralem, T., Gibbs, P. E., and Maines, M. D. ( 2008) Proc. Natl. Acad. Sci. U. S. A. 105, 6870 - 6875).	intracellular,65,78,Cellular_component	nuclear,112,119,Cellular_component	"[{""token"": ""intracellular"", ""start_span"": 65, ""end_span"": 78, ""type"": ""Cellular_component""}, {""token"": ""nuclear"", ""start_span"": 112, ""end_span"": 119, ""type"": ""Cellular_component""}]"	train
These results also show propionyl - CoA must be formed during the metabolism of alpha - ketoisovalerate and that extra - mitochondrial free carnitine rapidly interacts with matrix short - chain aliphatic acyl - CoA generated from alpha - keto acids of branched - chain amino acids and pyruvate in the presence and absence of malate.	extra - mitochondrial,113,134,Cellular_component	matrix,173,179,Cellular_component	"[{""token"": ""extra - mitochondrial"", ""start_span"": 113, ""end_span"": 134, ""type"": ""Cellular_component""}, {""token"": ""matrix"", ""start_span"": 173, ""end_span"": 179, ""type"": ""Cellular_component""}]"	train
The gene encoding p15 is located on chromosome 9 adjacent to the p16 gene at a frequent site of chromosomal abnormality in human tumours ( 9p21).	chromosome 9,36,48,Cellular_component	chromosomal,96,107,Cellular_component	"[{""token"": ""chromosome 9"", ""start_span"": 36, ""end_span"": 48, ""type"": ""Cellular_component""}, {""token"": ""chromosomal"", ""start_span"": 96, ""end_span"": 107, ""type"": ""Cellular_component""}]"	train
A role in folding newly translated cytoskeletal proteins in the cytosol of eukaryotes has been proposed for t - complex polypeptide 1 ( TCP1).	cytoskeletal,35,47,Cellular_component	cytosol,64,71,Cellular_component	"[{""token"": ""cytoskeletal"", ""start_span"": 35, ""end_span"": 47, ""type"": ""Cellular_component""}, {""token"": ""cytosol"", ""start_span"": 64, ""end_span"": 71, ""type"": ""Cellular_component""}]"	train
The calcium - dependent activation of the enzyme is mediated by an N - terminal C2 domain, which is responsible for calcium - dependent translocation of the enzyme to membranes and that enables the intact enzyme to hydrolyze membrane - resident substrates.	membranes,167,176,Cellular_component	membrane,225,233,Cellular_component	"[{""token"": ""membranes"", ""start_span"": 167, ""end_span"": 176, ""type"": ""Cellular_component""}, {""token"": ""membrane"", ""start_span"": 225, ""end_span"": 233, ""type"": ""Cellular_component""}]"	train
In the Erk MAP kinase pathway, activation of MAP kinases takes place in the cytoplasm and the activated enzyme moves to the nucleus.	cytoplasm,76,85,Cellular_component	nucleus,124,131,Cellular_component	"[{""token"": ""cytoplasm"", ""start_span"": 76, ""end_span"": 85, ""type"": ""Cellular_component""}, {""token"": ""nucleus"", ""start_span"": 124, ""end_span"": 131, ""type"": ""Cellular_component""}]"	train
Following phosphorylation of MAPKAP kinase - 2, nuclear p38 was exported to the cytoplasm in a complex with MAPKAP kinase - 2.	nuclear,48,55,Cellular_component	cytoplasm,80,89,Cellular_component	"[{""token"": ""nuclear"", ""start_span"": 48, ""end_span"": 55, ""type"": ""Cellular_component""}, {""token"": ""cytoplasm"", ""start_span"": 80, ""end_span"": 89, ""type"": ""Cellular_component""}]"	train
We further expressed the UMP - CMP kinase as a fusion protein to the green fluorescent protein in Chinese hamster ovary cells, and showed that the fusion protein was located in the cytosol and nucleus.	cytosol,181,188,Cellular_component	nucleus,193,200,Cellular_component	"[{""token"": ""cytosol"", ""start_span"": 181, ""end_span"": 188, ""type"": ""Cellular_component""}, {""token"": ""nucleus"", ""start_span"": 193, ""end_span"": 200, ""type"": ""Cellular_component""}]"	valid
Successful mitosis requires faithful DNA replication, spindle assembly, chromosome segregation, and cell division.	spindle,54,61,Cellular_component	chromosome,72,82,Cellular_component	"[{""token"": ""spindle"", ""start_span"": 54, ""end_span"": 61, ""type"": ""Cellular_component""}, {""token"": ""chromosome"", ""start_span"": 72, ""end_span"": 82, ""type"": ""Cellular_component""}]"	valid
However, E2F is not a general regulator of oxidative phosphorylation genes since three additional nuclear - encoded mitochondrial genes were unaffected by E2F1 or E2F6.	nuclear,98,105,Cellular_component	mitochondrial,116,129,Cellular_component	"[{""token"": ""nuclear"", ""start_span"": 98, ""end_span"": 105, ""type"": ""Cellular_component""}, {""token"": ""mitochondrial"", ""start_span"": 116, ""end_span"": 129, ""type"": ""Cellular_component""}]"	valid
Preventing nuclear export destabilized Far1, while conversely cytoplasmic Far1 was stabilized, although the protein was efficiently phosphorylated in a Cdc28 - Cln - dependent manner.	nuclear,11,18,Cellular_component	cytoplasmic,62,73,Cellular_component	"[{""token"": ""nuclear"", ""start_span"": 11, ""end_span"": 18, ""type"": ""Cellular_component""}, {""token"": ""cytoplasmic"", ""start_span"": 62, ""end_span"": 73, ""type"": ""Cellular_component""}]"	valid
A cytoplasmic form of Cdc4 was unable to complement the growth defect of cdc4 - 1 cells, but it was sufficient to degrade Far1 in the cytoplasm.	cytoplasmic,2,13,Cellular_component	cytoplasm,134,143,Cellular_component	"[{""token"": ""cytoplasmic"", ""start_span"": 2, ""end_span"": 13, ""type"": ""Cellular_component""}, {""token"": ""cytoplasm"", ""start_span"": 134, ""end_span"": 143, ""type"": ""Cellular_component""}]"	valid
PIG - M transfers the first mannose to glycosylphosphatidylinositol on the lumenal side of the ER.	lumenal side,75,87,Cellular_component	ER,95,97,Cellular_component	"[{""token"": ""lumenal side"", ""start_span"": 75, ""end_span"": 87, ""type"": ""Cellular_component""}, {""token"": ""ER"", ""start_span"": 95, ""end_span"": 97, ""type"": ""Cellular_component""}]"	valid
Glycosylphosphatidylinositol ( GPI) acts as a membrane anchor of many cell surface proteins.	membrane,46,54,Cellular_component	cell surface,70,82,Cellular_component	"[{""token"": ""membrane"", ""start_span"": 46, ""end_span"": 54, ""type"": ""Cellular_component""}, {""token"": ""cell surface"", ""start_span"": 70, ""end_span"": 82, ""type"": ""Cellular_component""}]"	valid
Since the natural site of herpesvirus latency is in neurons, we investigated the status of ND10 and centromeres in uninfected and infected human cells with neuronal characteristics.	ND10,91,95,Cellular_component	centromeres,100,111,Cellular_component	"[{""token"": ""ND10"", ""start_span"": 91, ""end_span"": 95, ""type"": ""Cellular_component""}, {""token"": ""centromeres"", ""start_span"": 100, ""end_span"": 111, ""type"": ""Cellular_component""}]"	valid
These results correlated with less - efficient disruption of ND10 and centromeres induced by ICP0 in NT2 and hNT cells.	ND10,61,65,Cellular_component	centromeres,70,81,Cellular_component	"[{""token"": ""ND10"", ""start_span"": 61, ""end_span"": 65, ""type"": ""Cellular_component""}, {""token"": ""centromeres"", ""start_span"": 70, ""end_span"": 81, ""type"": ""Cellular_component""}]"	valid
Thus, p70S6K is itself a dual pathway kinase, signaling cell survival as well as growth through differential substrates which include mitochondrial BAD and the ribosomal subunit S6, respectively.	mitochondrial,134,147,Cellular_component	ribosomal,160,169,Cellular_component	"[{""token"": ""mitochondrial"", ""start_span"": 134, ""end_span"": 147, ""type"": ""Cellular_component""}, {""token"": ""ribosomal"", ""start_span"": 160, ""end_span"": 169, ""type"": ""Cellular_component""}]"	valid
DFMO - induced NF - kappa B activation was accompanied by the translocation of p65 from the cytoplasm into the nucleus.	cytoplasm,92,101,Cellular_component	nucleus,111,118,Cellular_component	"[{""token"": ""cytoplasm"", ""start_span"": 92, ""end_span"": 101, ""type"": ""Cellular_component""}, {""token"": ""nucleus"", ""start_span"": 111, ""end_span"": 118, ""type"": ""Cellular_component""}]"	valid
Two independent nuclear localization signals ( NLS) that could target reporter proteins to the nucleus in transient transfection and microinjection experiments were identified in the C terminus of p130.	nuclear,16,23,Cellular_component	nucleus,95,102,Cellular_component	"[{""token"": ""nuclear"", ""start_span"": 16, ""end_span"": 23, ""type"": ""Cellular_component""}, {""token"": ""nucleus"", ""start_span"": 95, ""end_span"": 102, ""type"": ""Cellular_component""}]"	valid
Because this complex is suggested to be essential for chromosomal DNA replication, it seems likely that S - Cdk positively regulates formation of the Sld2 - Dpb11 complex and, consequently, chromosomal DNA replication.	chromosomal,54,65,Cellular_component	chromosomal,190,201,Cellular_component	"[{""token"": ""chromosomal"", ""start_span"": 54, ""end_span"": 65, ""type"": ""Cellular_component""}, {""token"": ""chromosomal"", ""start_span"": 190, ""end_span"": 201, ""type"": ""Cellular_component""}]"	valid
NF - kappaB activity has long been thought to be regulated mainly by IkappaB family members, which keep the transcription factor complex in an inactive form in the cytoplasm by masking the nuclear localization signal.	cytoplasm,164,173,Cellular_component	nuclear,189,196,Cellular_component	"[{""token"": ""cytoplasm"", ""start_span"": 164, ""end_span"": 173, ""type"": ""Cellular_component""}, {""token"": ""nuclear"", ""start_span"": 189, ""end_span"": 196, ""type"": ""Cellular_component""}]"	valid
Caspases can alter the function of their target proteins by destroying structural components of the cytoskeleton and nuclear scaffold or by removing their regulatory domains.	cytoskeleton,100,112,Cellular_component	nuclear scaffold,117,133,Cellular_component	"[{""token"": ""cytoskeleton"", ""start_span"": 100, ""end_span"": 112, ""type"": ""Cellular_component""}, {""token"": ""nuclear scaffold"", ""start_span"": 117, ""end_span"": 133, ""type"": ""Cellular_component""}]"	valid
Consistent with a role of this phosphatase on cell wall physiology, cells lacking Msg5 displayed an increased sensitivity to the cell wall - interfering compound Congo Red.	cell wall,46,55,Cellular_component	cell wall,129,138,Cellular_component	"[{""token"": ""cell wall"", ""start_span"": 46, ""end_span"": 55, ""type"": ""Cellular_component""}, {""token"": ""cell wall"", ""start_span"": 129, ""end_span"": 138, ""type"": ""Cellular_component""}]"	valid
Immunodetection studies revealed that endogenous E2F1 and E2F2 proteins were cytoplasmic in myoblasts and myotubes, whereas E2F4 was abundant in the nuclei of both.	cytoplasmic,77,88,Cellular_component	nuclei,149,155,Cellular_component	"[{""token"": ""cytoplasmic"", ""start_span"": 77, ""end_span"": 88, ""type"": ""Cellular_component""}, {""token"": ""nuclei"", ""start_span"": 149, ""end_span"": 155, ""type"": ""Cellular_component""}]"	valid
The loss of Ndc10 from the anaphase spindle prevented elongation of the spindle beyond 7 microm.	spindle,36,43,Cellular_component	spindle,72,79,Cellular_component	"[{""token"": ""spindle"", ""start_span"": 36, ""end_span"": 43, ""type"": ""Cellular_component""}, {""token"": ""spindle"", ""start_span"": 72, ""end_span"": 79, ""type"": ""Cellular_component""}]"	valid
We conclude that phosphorylation of the middle region of Bir1 is required to bring Ndc10 to the spindle at anaphase, which is required for full spindle elongation.	spindle,96,103,Cellular_component	spindle,144,151,Cellular_component	"[{""token"": ""spindle"", ""start_span"": 96, ""end_span"": 103, ""type"": ""Cellular_component""}, {""token"": ""spindle"", ""start_span"": 144, ""end_span"": 151, ""type"": ""Cellular_component""}]"	valid
In addition, genotoxic agents increased nuclear p53 immunoreactivity, whereas STS produced rapid cytoplasmic p53 accumulation.	nuclear,40,47,Cellular_component	cytoplasmic,97,108,Cellular_component	"[{""token"": ""nuclear"", ""start_span"": 40, ""end_span"": 47, ""type"": ""Cellular_component""}, {""token"": ""cytoplasmic"", ""start_span"": 97, ""end_span"": 108, ""type"": ""Cellular_component""}]"	valid
Replicated chromosomes are held together by the chromosomal cohesin complex from the time of their synthesis in S phase onward.	chromosomes,11,22,Cellular_component	chromosomal,48,59,Cellular_component	"[{""token"": ""chromosomes"", ""start_span"": 11, ""end_span"": 22, ""type"": ""Cellular_component""}, {""token"": ""chromosomal"", ""start_span"": 48, ""end_span"": 59, ""type"": ""Cellular_component""}]"	valid
P - glycoproteins ( P - gps) encoded by the mouse mdr2 and mdr3 genes were expressed in secretory vesicles ( SVs) from the yeast mutant sec6 - 4, and their capacity to function as a lipid translocase / flippase was tested.	secretory vesicles,88,106,Cellular_component	SVs,109,112,Cellular_component	"[{""token"": ""secretory vesicles"", ""start_span"": 88, ""end_span"": 106, ""type"": ""Cellular_component""}, {""token"": ""SVs"", ""start_span"": 109, ""end_span"": 112, ""type"": ""Cellular_component""}]"	valid
An assay that uses a fluorescent phosphatidylcholine ( PC) analog was developed to quantitate asymmetric lipid distribution in the outer and inner leaflets of the lipid bilayer of these vesicles.	lipid bilayer,163,176,Cellular_component	vesicles,186,194,Cellular_component	"[{""token"": ""lipid bilayer"", ""start_span"": 163, ""end_span"": 176, ""type"": ""Cellular_component""}, {""token"": ""vesicles"", ""start_span"": 186, ""end_span"": 194, ""type"": ""Cellular_component""}]"	valid
The Mdr2 - mediated effect was specific since expression of Mdr3 in these vesicles was without effect on the membrane distribution of PC.	vesicles,74,82,Cellular_component	membrane,109,117,Cellular_component	"[{""token"": ""vesicles"", ""start_span"": 74, ""end_span"": 82, ""type"": ""Cellular_component""}, {""token"": ""membrane"", ""start_span"": 109, ""end_span"": 117, ""type"": ""Cellular_component""}]"	valid
Human chromosome mapping of the mannosidase gene confirmed that the functional gene maps to the MANB locus on chromosome 19.	chromosome,6,16,Cellular_component	chromosome 19,110,123,Cellular_component	"[{""token"": ""chromosome"", ""start_span"": 6, ""end_span"": 16, ""type"": ""Cellular_component""}, {""token"": ""chromosome 19"", ""start_span"": 110, ""end_span"": 123, ""type"": ""Cellular_component""}]"	valid
Sequence comparisons were made to previously published human cDNA sequences encoding a putative lysosomal alpha - mannosidase ( Nebes, V. L., and Schmidt, M. C. ( 1994) Biochem. Biophys. Res. Commun. 200, 239 - 245) and several differences were found relative to the functional lysosomal alpha - mannosidase encoded by the 3 - kb spleen cDNA.	lysosomal,96,105,Cellular_component	lysosomal,278,287,Cellular_component	"[{""token"": ""lysosomal"", ""start_span"": 96, ""end_span"": 105, ""type"": ""Cellular_component""}, {""token"": ""lysosomal"", ""start_span"": 278, ""end_span"": 287, ""type"": ""Cellular_component""}]"	valid
PAG608 encodes a nuclear zinc finger protein, which appears to localize preferentially to nucleoli when expressed at moderate levels in transfected cells.	nuclear,17,24,Cellular_component	nucleoli,90,98,Cellular_component	"[{""token"": ""nuclear"", ""start_span"": 17, ""end_span"": 24, ""type"": ""Cellular_component""}, {""token"": ""nucleoli"", ""start_span"": 90, ""end_span"": 98, ""type"": ""Cellular_component""}]"	valid
Rat liver mitochondria can hydrolyse thiamine pyrophosphate to thiamine monophosphate which can cross the mitochondrial membrane in a carrier - mediated process.	mitochondria,10,22,Cellular_component	mitochondrial membrane,106,128,Cellular_component	"[{""token"": ""mitochondria"", ""start_span"": 10, ""end_span"": 22, ""type"": ""Cellular_component""}, {""token"": ""mitochondrial membrane"", ""start_span"": 106, ""end_span"": 128, ""type"": ""Cellular_component""}]"	valid
This occurs via the novel, putative TPP pyrophosphatase localised in the mitochondrial matrix, as shown both by digitonin titration and by an HPLC enzyme assay carried out on the mitochondrial matrix fraction.	mitochondrial matrix,73,93,Cellular_component	mitochondrial matrix,179,199,Cellular_component	"[{""token"": ""mitochondrial matrix"", ""start_span"": 73, ""end_span"": 93, ""type"": ""Cellular_component""}, {""token"": ""mitochondrial matrix"", ""start_span"": 179, ""end_span"": 199, ""type"": ""Cellular_component""}]"	valid
When the Myc - epitope - tagged enzyme was expressed in COS - 7 cells and stained with anti - Myc polyclonal antibody, a signal was observed at ruffling membranes and in the cytoplasm.	ruffling membranes,144,162,Cellular_component	cytoplasm,174,183,Cellular_component	"[{""token"": ""ruffling membranes"", ""start_span"": 144, ""end_span"": 162, ""type"": ""Cellular_component""}, {""token"": ""cytoplasm"", ""start_span"": 174, ""end_span"": 183, ""type"": ""Cellular_component""}]"	test
Silencing requires the assembly of a specialized chromatin structure analogous to heterochromatin.	chromatin,49,58,Cellular_component	heterochromatin,82,97,Cellular_component	"[{""token"": ""chromatin"", ""start_span"": 49, ""end_span"": 58, ""type"": ""Cellular_component""}, {""token"": ""heterochromatin"", ""start_span"": 82, ""end_span"": 97, ""type"": ""Cellular_component""}]"	test
BACKGROUND: Many signals are transduced from the cell surface to the nucleus through mitogen - activated protein ( MAP) kinase cascades.	cell surface,49,61,Cellular_component	nucleus,69,76,Cellular_component	"[{""token"": ""cell surface"", ""start_span"": 49, ""end_span"": 61, ""type"": ""Cellular_component""}, {""token"": ""nucleus"", ""start_span"": 69, ""end_span"": 76, ""type"": ""Cellular_component""}]"	test
The amino - terminally truncated epimerase does not localize to any cellular compartment, whereas the full - length enzyme is in the Golgi, where heparan sulfate synthesis is thought to occur.	cellular compartment,68,88,Cellular_component	Golgi,133,138,Cellular_component	"[{""token"": ""cellular compartment"", ""start_span"": 68, ""end_span"": 88, ""type"": ""Cellular_component""}, {""token"": ""Golgi"", ""start_span"": 133, ""end_span"": 138, ""type"": ""Cellular_component""}]"	test
Overexpression of the N77Y protein blocks nuclear protein import and concentrates Ran at the nuclear rim.	nuclear,42,49,Cellular_component	nuclear rim,93,104,Cellular_component	"[{""token"": ""nuclear"", ""start_span"": 42, ""end_span"": 49, ""type"": ""Cellular_component""}, {""token"": ""nuclear rim"", ""start_span"": 93, ""end_span"": 104, ""type"": ""Cellular_component""}]"	test
These data support a mechanism in which NTF2 interacts transiently with FxFG nucleoporins to translocate through the pore and import RanGDP into the nucleus.	pore,117,121,Cellular_component	nucleus,149,156,Cellular_component	"[{""token"": ""pore"", ""start_span"": 117, ""end_span"": 121, ""type"": ""Cellular_component""}, {""token"": ""nucleus"", ""start_span"": 149, ""end_span"": 156, ""type"": ""Cellular_component""}]"	test
Cell cycle commitment is associated not only with major alterations in gene expression but also with highly polarized cell growth; the mitogen - activated protein kinase ( MAPK) Slt2 is required to maintain cell wall integrity during periods of polarized growth and cell wall stress.	cell wall,207,216,Cellular_component	cell wall,266,275,Cellular_component	"[{""token"": ""cell wall"", ""start_span"": 207, ""end_span"": 216, ""type"": ""Cellular_component""}, {""token"": ""cell wall"", ""start_span"": 266, ""end_span"": 275, ""type"": ""Cellular_component""}]"	test
Hydrolysis of membrane - bound SM2 by the recombinant Hex S was synergistically stimulated by the GM2 activator protein and the lysosomal anionic phospholipid bis ( monoacylglycero) phosphate.	membrane,14,22,Cellular_component	lysosomal,128,137,Cellular_component	"[{""token"": ""membrane"", ""start_span"": 14, ""end_span"": 22, ""type"": ""Cellular_component""}, {""token"": ""lysosomal"", ""start_span"": 128, ""end_span"": 137, ""type"": ""Cellular_component""}]"	test
Here we show that KSR1 translocates from the cytoplasm to the cell surface in response to growth factor treatment and that this process is regulated by Cdc25C - associated kinase 1 ( C - TAK1).	cytoplasm,45,54,Cellular_component	cell surface,62,74,Cellular_component	"[{""token"": ""cytoplasm"", ""start_span"": 45, ""end_span"": 54, ""type"": ""Cellular_component""}, {""token"": ""cell surface"", ""start_span"": 62, ""end_span"": 74, ""type"": ""Cellular_component""}]"	test
Surprisingly, although its two recognized substrates, IkappaB ( alpha) and beta - catenin, are present in the cytoplasm, we have found that E3RS is located predominantly in the nucleus.	cytoplasm,110,119,Cellular_component	nucleus,177,184,Cellular_component	"[{""token"": ""cytoplasm"", ""start_span"": 110, ""end_span"": 119, ""type"": ""Cellular_component""}, {""token"": ""nucleus"", ""start_span"": 177, ""end_span"": 184, ""type"": ""Cellular_component""}]"	test
Here we show that Cdh1p is nuclear during the G ( 1) phase of the cell cycle, but redistributes to the cytoplasm between S phase and the end of mitosis.	nuclear,27,34,Cellular_component	cytoplasm,103,112,Cellular_component	"[{""token"": ""nuclear"", ""start_span"": 27, ""end_span"": 34, ""type"": ""Cellular_component""}, {""token"": ""cytoplasm"", ""start_span"": 103, ""end_span"": 112, ""type"": ""Cellular_component""}]"	test
The SP100 and NBS1 proteins co - localized in PODs and APBs in normal human fibroblast MRC5 and ALT line VA13 at G2 phase, respectively.	PODs,46,50,Cellular_component	APBs,55,59,Cellular_component	"[{""token"": ""PODs"", ""start_span"": 46, ""end_span"": 50, ""type"": ""Cellular_component""}, {""token"": ""APBs"", ""start_span"": 55, ""end_span"": 59, ""type"": ""Cellular_component""}]"	test
On the other hand, nuclear accumulation of Cdc28 requires the nuclear localization signal of Cln3, which is also found in Whi3 complexes.	nuclear,19,26,Cellular_component	nuclear,62,69,Cellular_component	"[{""token"": ""nuclear"", ""start_span"": 19, ""end_span"": 26, ""type"": ""Cellular_component""}, {""token"": ""nuclear"", ""start_span"": 62, ""end_span"": 69, ""type"": ""Cellular_component""}]"	test
Both Cln3 and Cdc28 are mainly cytoplasmic during early G1, and become nuclear in late G1.	cytoplasmic,31,42,Cellular_component	nuclear,71,78,Cellular_component	"[{""token"": ""cytoplasmic"", ""start_span"": 31, ""end_span"": 42, ""type"": ""Cellular_component""}, {""token"": ""nuclear"", ""start_span"": 71, ""end_span"": 78, ""type"": ""Cellular_component""}]"	test
Perturbations of the septin collar at the bud neck lead to Swe1 stabilization, delaying the G ( 2) / M transition.	collar,28,34,Cellular_component	bud neck,42,50,Cellular_component	"[{""token"": ""collar"", ""start_span"": 28, ""end_span"": 34, ""type"": ""Cellular_component""}, {""token"": ""bud neck"", ""start_span"": 42, ""end_span"": 50, ""type"": ""Cellular_component""}]"	test
NF - kappaB transcription factors are retained in the cytoplasm in an inactive form until they are activated and rapidly imported into the nucleus.	cytoplasm,54,63,Cellular_component	nucleus,139,146,Cellular_component	"[{""token"": ""cytoplasm"", ""start_span"": 54, ""end_span"": 63, ""type"": ""Cellular_component""}, {""token"": ""nucleus"", ""start_span"": 139, ""end_span"": 146, ""type"": ""Cellular_component""}]"	test
Mitogen - activated protein kinase ( MAPK) cascades are central components of the intracellular signaling networks used by eukaryotic cells to respond to a wide spectrum of extracellular stimuli.	intracellular,82,95,Cellular_component	extracellular,173,186,Cellular_component	"[{""token"": ""intracellular"", ""start_span"": 82, ""end_span"": 95, ""type"": ""Cellular_component""}, {""token"": ""extracellular"", ""start_span"": 173, ""end_span"": 186, ""type"": ""Cellular_component""}]"	test
This study highlights the complex interplay between the pathways that regulate Hdm2 protein synthesis in cancer cells, and furthermore emphasizes the export of hdm2 mRNA from the nucleus to the cytoplasm as a key point of control in this process.	nucleus,179,186,Cellular_component	cytoplasm,194,203,Cellular_component	"[{""token"": ""nucleus"", ""start_span"": 179, ""end_span"": 186, ""type"": ""Cellular_component""}, {""token"": ""cytoplasm"", ""start_span"": 194, ""end_span"": 203, ""type"": ""Cellular_component""}]"	test
Mitochondrial fractionation studies and quantitative electron microscopic immunocytochemistry revealed that most catalase was matrix - associated.	Mitochondrial,0,13,Cellular_component	matrix,126,132,Cellular_component	"[{""token"": ""Mitochondrial"", ""start_span"": 0, ""end_span"": 13, ""type"": ""Cellular_component""}, {""token"": ""matrix"", ""start_span"": 126, ""end_span"": 132, ""type"": ""Cellular_component""}]"	test
Thus catalase, representing 0. 025% of heart mitochondrial protein, is important for detoxifying mitochondrial derived H2O2 and represents a key antioxidant defense mechanism for myocardial tissue.	mitochondrial,45,58,Cellular_component	mitochondrial,97,110,Cellular_component	"[{""token"": ""mitochondrial"", ""start_span"": 45, ""end_span"": 58, ""type"": ""Cellular_component""}, {""token"": ""mitochondrial"", ""start_span"": 97, ""end_span"": 110, ""type"": ""Cellular_component""}]"	test
The family of S6Ks consists of two forms, S6K1 and - 2, that have cytoplasmic and nuclear splicing variants, S6K1 II and S6K1 I, respectively.	cytoplasmic,66,77,Cellular_component	nuclear,82,89,Cellular_component	"[{""token"": ""cytoplasmic"", ""start_span"": 66, ""end_span"": 77, ""type"": ""Cellular_component""}, {""token"": ""nuclear"", ""start_span"": 82, ""end_span"": 89, ""type"": ""Cellular_component""}]"	test
Nuclear - cytoplasmic shuttling of both isoforms induced by mitogenic stimuli has been reported recently.	Nuclear,0,7,Cellular_component	cytoplasmic,10,21,Cellular_component	"[{""token"": ""Nuclear"", ""start_span"": 0, ""end_span"": 7, ""type"": ""Cellular_component""}, {""token"": ""cytoplasmic"", ""start_span"": 10, ""end_span"": 21, ""type"": ""Cellular_component""}]"	test
Treatment of cells with the nuclear export inhibitor leptomycin B revealed that the S17E mutant accumulates in the nucleus to the same extent as S6K1 II wild type.	nuclear,28,35,Cellular_component	nucleus,115,122,Cellular_component	"[{""token"": ""nuclear"", ""start_span"": 28, ""end_span"": 35, ""type"": ""Cellular_component""}, {""token"": ""nucleus"", ""start_span"": 115, ""end_span"": 122, ""type"": ""Cellular_component""}]"	test
This bud elongation was independent of the morphogenesis checkpoint, and the combination of acm1Delta and hsl1Delta resulted in a dramatic enhancement of bud elongation and G2 / M delay.	bud,5,8,Cellular_component	bud,154,157,Cellular_component	"[{""token"": ""bud"", ""start_span"": 5, ""end_span"": 8, ""type"": ""Cellular_component""}, {""token"": ""bud"", ""start_span"": 154, ""end_span"": 157, ""type"": ""Cellular_component""}]"	test
In addition, both recombinant and native Rtt109 - Vps75 HAT complexes exhibited no detectable activity toward nucleosomal H3, suggesting that H3 - Lys - 56 acetylation is at least in part regulated by the inability of Rtt109 - Vps75 complexes to acetylate nucleosomal H3 during G ( 2) / M phase of the cell cycle.	nucleosomal,110,121,Cellular_component	nucleosomal,256,267,Cellular_component	"[{""token"": ""nucleosomal"", ""start_span"": 110, ""end_span"": 121, ""type"": ""Cellular_component""}, {""token"": ""nucleosomal"", ""start_span"": 256, ""end_span"": 267, ""type"": ""Cellular_component""}]"	test
In the absence of Ipl1, Rts1 can initially bind to centromeric regions but disappears from these regions after anaphase I onset.	centromeric regions,51,70,Cellular_component	regions,97,104,Cellular_component	"[{""token"": ""centromeric regions"", ""start_span"": 51, ""end_span"": 70, ""type"": ""Cellular_component""}, {""token"": ""regions"", ""start_span"": 97, ""end_span"": 104, ""type"": ""Cellular_component""}]"	test
We suggest that centromeric Ipl1 ensures the continued centromeric presence of active Rts1 / PP2A, which in turn locally protects cohesin and cohesion.	centromeric,16,27,Cellular_component	centromeric,55,66,Cellular_component	"[{""token"": ""centromeric"", ""start_span"": 16, ""end_span"": 27, ""type"": ""Cellular_component""}, {""token"": ""centromeric"", ""start_span"": 55, ""end_span"": 66, ""type"": ""Cellular_component""}]"	test
Alcohol - induced degradation of IkappaBalpha in the presence of a 26S proteasome inhibitor suggested proteasome - independent IkappaBalpha degradation.	26S proteasome,67,81,Cellular_component	proteasome,102,112,Cellular_component	"[{""token"": ""26S proteasome"", ""start_span"": 67, ""end_span"": 81, ""type"": ""Cellular_component""}, {""token"": ""proteasome"", ""start_span"": 102, ""end_span"": 112, ""type"": ""Cellular_component""}]"	test
RESULTS: We demonstrate that in Saccharomyces cerevisiae, several cyclin / CDK complexes are protected from inhibitory tyrosine phosphorylation, allowing Clb5, 6p to promote DNA replication and Clb3, 4p to promote spindle assembly, even under checkpoint - inducing conditions that block nuclear division.	spindle,214,221,Cellular_component	nuclear,287,294,Cellular_component	"[{""token"": ""spindle"", ""start_span"": 214, ""end_span"": 221, ""type"": ""Cellular_component""}, {""token"": ""nuclear"", ""start_span"": 287, ""end_span"": 294, ""type"": ""Cellular_component""}]"	test
Stimulation of synovial fibroblasts with adiponectin activated IkappaB kinase alpha / beta ( IKK alpha / beta), IkappaBalpha phosphorylation, IkappaBalpha degradation, p65 phosphorylation at Ser ( 276), p65 and p50 translocation from the cytosol to the nucleus, and kappaB - luciferase activity.	cytosol,238,245,Cellular_component	nucleus,253,260,Cellular_component	"[{""token"": ""cytosol"", ""start_span"": 238, ""end_span"": 245, ""type"": ""Cellular_component""}, {""token"": ""nucleus"", ""start_span"": 253, ""end_span"": 260, ""type"": ""Cellular_component""}]"	test
These findings establish URI and PP1gamma as integral components of an S6K1 - regulated mitochondrial pathway dedicated, in part, to oppose sustained S6K1 survival signaling and to ensure that the mitochondrial threshold for apoptosis is set in accord with nutrient and growth factor availability.	mitochondrial,88,101,Cellular_component	mitochondrial,197,210,Cellular_component	"[{""token"": ""mitochondrial"", ""start_span"": 88, ""end_span"": 101, ""type"": ""Cellular_component""}, {""token"": ""mitochondrial"", ""start_span"": 197, ""end_span"": 210, ""type"": ""Cellular_component""}]"	test
Bub1 kinase is a core component of the spindle checkpoint, and cells lacking Bub1 fail to arrest in response to microtubule drugs and precociously segregate their DNA.	spindle,39,46,Cellular_component	microtubule,112,123,Cellular_component	"[{""token"": ""spindle"", ""start_span"": 39, ""end_span"": 46, ""type"": ""Cellular_component""}, {""token"": ""microtubule"", ""start_span"": 112, ""end_span"": 123, ""type"": ""Cellular_component""}]"	test
During meiosis this protein regulates the removal of cohesins, the proteins that hold sister chromatids together, from chromosomes.	chromatids,93,103,Cellular_component	chromosomes,119,130,Cellular_component	"[{""token"": ""chromatids"", ""start_span"": 93, ""end_span"": 103, ""type"": ""Cellular_component""}, {""token"": ""chromosomes"", ""start_span"": 119, ""end_span"": 130, ""type"": ""Cellular_component""}]"	test
During mitosis, Sgo1 is required for sensing the absence of tension caused by sister kinetochores not being attached to microtubules emanating from opposite poles.	kinetochores,85,97,Cellular_component	microtubules,120,132,Cellular_component	"[{""token"": ""kinetochores"", ""start_span"": 85, ""end_span"": 97, ""type"": ""Cellular_component""}, {""token"": ""microtubules"", ""start_span"": 120, ""end_span"": 132, ""type"": ""Cellular_component""}]"	test
Here we describe a differential requirement for Sgo1 in the segregation of homologous chromosomes and sister chromatids.	chromosomes,86,97,Cellular_component	chromatids,109,119,Cellular_component	"[{""token"": ""chromosomes"", ""start_span"": 86, ""end_span"": 97, ""type"": ""Cellular_component""}, {""token"": ""chromatids"", ""start_span"": 109, ""end_span"": 119, ""type"": ""Cellular_component""}]"	test
Analysis of the nucleocytoplasmic protein shuttling has been greatly facilitated by the use of leptomycin B ( LMB), an inhibitor of CRM1 - dependent nuclear export.	nucleocytoplasmic,16,33,Cellular_component	nuclear,149,156,Cellular_component	"[{""token"": ""nucleocytoplasmic"", ""start_span"": 16, ""end_span"": 33, ""type"": ""Cellular_component""}, {""token"": ""nuclear"", ""start_span"": 149, ""end_span"": 156, ""type"": ""Cellular_component""}]"	test
Chromatin immunoprecipitation analyses demonstrated that p65 translocation into the nucleus prevented the recruitment of E2F1 to the PDK4 promoter and its subsequent E2F1 - dependent gene transcription.	Chromatin,0,9,Cellular_component	nucleus,84,91,Cellular_component	"[{""token"": ""Chromatin"", ""start_span"": 0, ""end_span"": 9, ""type"": ""Cellular_component""}, {""token"": ""nucleus"", ""start_span"": 84, ""end_span"": 91, ""type"": ""Cellular_component""}]"	test
Unlike E2F - 1, - 2, and - 3, E2F - 4 did not accumulate in the nucleus unless it was coexpressed with DP - 2, p107 and p130, but not pRb, stimulated nuclear localization of E2F - 4, either alone or in combination with DP - 2.	nucleus,64,71,Cellular_component	nuclear,150,157,Cellular_component	"[{""token"": ""nucleus"", ""start_span"": 64, ""end_span"": 71, ""type"": ""Cellular_component""}, {""token"": ""nuclear"", ""start_span"": 150, ""end_span"": 157, ""type"": ""Cellular_component""}]"	test
5 - fold increase in the density of plasma membrane protoplasmic face intramembrane particles.	plasma membrane protoplasmic face,36,69,Cellular_component	intramembrane,70,83,Cellular_component	"[{""token"": ""plasma membrane protoplasmic face"", ""start_span"": 36, ""end_span"": 69, ""type"": ""Cellular_component""}, {""token"": ""intramembrane"", ""start_span"": 70, ""end_span"": 83, ""type"": ""Cellular_component""}]"	test
Luminal membrane vesicles ( LMV) were isolated from human and pig colonic tissues.	Luminal membrane vesicles,0,25,Cellular_component	LMV,28,31,Cellular_component	"[{""token"": ""Luminal membrane vesicles"", ""start_span"": 0, ""end_span"": 25, ""type"": ""Cellular_component""}, {""token"": ""LMV"", ""start_span"": 28, ""end_span"": 31, ""type"": ""Cellular_component""}]"	test
The activity of cysteine - sensitive alkaline phosphatase, and the abundance of villin, NHE2 and NHE3 proteins, markers of the colonic luminal membrane, were significantly enriched in the LMV compared with the original cellular homogenate.	colonic luminal membrane,127,151,Cellular_component	LMV,188,191,Cellular_component	"[{""token"": ""colonic luminal membrane"", ""start_span"": 127, ""end_span"": 151, ""type"": ""Cellular_component""}, {""token"": ""LMV"", ""start_span"": 188, ""end_span"": 191, ""type"": ""Cellular_component""}]"	test
Cyclin B1 localization changes dramatically during the cell cycle, precipitously transiting from the cytoplasm to the nucleus at the beginning of mitosis.	cytoplasm,101,110,Cellular_component	nucleus,118,125,Cellular_component	"[{""token"": ""cytoplasm"", ""start_span"": 101, ""end_span"": 110, ""type"": ""Cellular_component""}, {""token"": ""nucleus"", ""start_span"": 118, ""end_span"": 125, ""type"": ""Cellular_component""}]"	test
We propose that the observed cytoplasmic localization of Cyclin B1 during interphase reflects the equilibrium between ongoing nuclear import and rapid CRM1 - mediated export.	cytoplasmic,29,40,Cellular_component	nuclear,126,133,Cellular_component	"[{""token"": ""cytoplasmic"", ""start_span"": 29, ""end_span"": 40, ""type"": ""Cellular_component""}, {""token"": ""nuclear"", ""start_span"": 126, ""end_span"": 133, ""type"": ""Cellular_component""}]"	test
In prokaryotes both of them are found in polysaccharides of the cell wall, while in animals only L - fucose has been described, which mainly participates to the structure of glycoconjugates, either in the cell membrane or secreted in biological fluids, such as ABH blood groups and Lewis system antigens.	cell wall,64,73,Cellular_component	cell membrane,205,218,Cellular_component	"[{""token"": ""cell wall"", ""start_span"": 64, ""end_span"": 73, ""type"": ""Cellular_component""}, {""token"": ""cell membrane"", ""start_span"": 205, ""end_span"": 218, ""type"": ""Cellular_component""}]"	test
