We show that A20 does not inhibit TNF - induced nuclear translocation and DNA binding of NF - kappaB, although it completely prevents the TNF - induced activation of an NF - kappaB - dependent reporter gene, as well as TNF - induced IL - 6 and granulocyte macrophage - colony stimulating factor gene expression.	"A20	13	16	Gene_or_gene_product"	"TNF	34	37	Gene_or_gene_product"	"nuclear	48	55	Cellular_component"	"NF - kappaB	89	100	Complex"	"TNF	138	141	Gene_or_gene_product"	"NF - kappaB	169	180	Complex"	"TNF	219	222	Gene_or_gene_product"	"IL - 6	233	239	Gene_or_gene_product"	"granulocyte macrophage - colony stimulating factor	244	294	Gene_or_gene_product"	"[{""token"": ""A20"", ""start_span"": 13, ""end_span"": 16, ""type"": ""Gene_or_gene_product""}, {""token"": ""TNF"", ""start_span"": 34, ""end_span"": 37, ""type"": ""Gene_or_gene_product""}, {""token"": ""nuclear"", ""start_span"": 48, ""end_span"": 55, ""type"": ""Cellular_component""}, {""token"": ""NF - kappaB"", ""start_span"": 89, ""end_span"": 100, ""type"": ""Complex""}, {""token"": ""TNF"", ""start_span"": 138, ""end_span"": 141, ""type"": ""Gene_or_gene_product""}, {""token"": ""NF - kappaB"", ""start_span"": 169, ""end_span"": 180, ""type"": ""Complex""}, {""token"": ""TNF"", ""start_span"": 219, ""end_span"": 222, ""type"": ""Gene_or_gene_product""}, {""token"": ""IL - 6"", ""start_span"": 233, ""end_span"": 239, ""type"": ""Gene_or_gene_product""}, {""token"": ""granulocyte macrophage - colony stimulating factor"", ""start_span"": 244, ""end_span"": 294, ""type"": ""Gene_or_gene_product""}]"
MAO A preferentially oxidizes serotonin ( 5 - hydroxytryptamine, 5 - HT) and norepinephrine ( NE), whereas MAO B preferentially oxidizes phenylethylamine ( PEA).	"MAO A	0	5	Gene_or_gene_product"	"serotonin	30	39	Chemical"	"5 - hydroxytryptamine	42	63	Chemical"	"5 - HT	65	71	Chemical"	"norepinephrine	77	91	Chemical"	"NE	94	96	Chemical"	"MAO B	107	112	Gene_or_gene_product"	"phenylethylamine	137	153	Chemical"	"PEA	156	159	Chemical"	"[{""token"": ""MAO A"", ""start_span"": 0, ""end_span"": 5, ""type"": ""Gene_or_gene_product""}, {""token"": ""serotonin"", ""start_span"": 30, ""end_span"": 39, ""type"": ""Chemical""}, {""token"": ""5 - hydroxytryptamine"", ""start_span"": 42, ""end_span"": 63, ""type"": ""Chemical""}, {""token"": ""5 - HT"", ""start_span"": 65, ""end_span"": 71, ""type"": ""Chemical""}, {""token"": ""norepinephrine"", ""start_span"": 77, ""end_span"": 91, ""type"": ""Chemical""}, {""token"": ""NE"", ""start_span"": 94, ""end_span"": 96, ""type"": ""Chemical""}, {""token"": ""MAO B"", ""start_span"": 107, ""end_span"": 112, ""type"": ""Gene_or_gene_product""}, {""token"": ""phenylethylamine"", ""start_span"": 137, ""end_span"": 153, ""type"": ""Chemical""}, {""token"": ""PEA"", ""start_span"": 156, ""end_span"": 159, ""type"": ""Chemical""}]"
Here we show evidence that tyrosine ( Tyr190 in Xenopus MPK1 / ERK2) phosphorylation of MAPK by MAPKK is necessary and sufficient for the dissociation of the MAPKK - MAPK complex, and that the dissociation of the complex is required for the nuclear translocation of MAPK.	"tyrosine	27	35	Chemical"	"Tyr190	38	44	Chemical"	"MPK1	56	60	Gene_or_gene_product"	"ERK2	63	67	Gene_or_gene_product"	"MAPK	88	92	Gene_or_gene_product"	"MAPKK	96	101	Gene_or_gene_product"	"MAPKK - MAPK	158	170	Complex"	"nuclear	241	248	Cellular_component"	"MAPK	266	270	Gene_or_gene_product"	"[{""token"": ""tyrosine"", ""start_span"": 27, ""end_span"": 35, ""type"": ""Chemical""}, {""token"": ""Tyr190"", ""start_span"": 38, ""end_span"": 44, ""type"": ""Chemical""}, {""token"": ""MPK1"", ""start_span"": 56, ""end_span"": 60, ""type"": ""Gene_or_gene_product""}, {""token"": ""ERK2"", ""start_span"": 63, ""end_span"": 67, ""type"": ""Gene_or_gene_product""}, {""token"": ""MAPK"", ""start_span"": 88, ""end_span"": 92, ""type"": ""Gene_or_gene_product""}, {""token"": ""MAPKK"", ""start_span"": 96, ""end_span"": 101, ""type"": ""Gene_or_gene_product""}, {""token"": ""MAPKK - MAPK"", ""start_span"": 158, ""end_span"": 170, ""type"": ""Complex""}, {""token"": ""nuclear"", ""start_span"": 241, ""end_span"": 248, ""type"": ""Cellular_component""}, {""token"": ""MAPK"", ""start_span"": 266, ""end_span"": 270, ""type"": ""Gene_or_gene_product""}]"
Nuclear import of wild - type MAPK ( mol. wt 42 kDa) was induced by activation of the MAPK pathway even in the presence of wheat germ agglutinin or dominant - negative Ran, whereas nuclear import of beta - galactosidase ( beta - gal) - fused MAPK ( mol. wt 160 kDa), which occurred in response to stimuli, was completely blocked by these inhibitors.	"Nuclear	0	7	Cellular_component"	"MAPK	30	34	Gene_or_gene_product"	"MAPK	86	90	Gene_or_gene_product"	"agglutinin	134	144	Gene_or_gene_product"	"Ran	168	171	Gene_or_gene_product"	"nuclear	181	188	Cellular_component"	"beta - galactosidase	199	219	Gene_or_gene_product"	"beta - gal	222	232	Gene_or_gene_product"	"MAPK	242	246	Gene_or_gene_product"	"[{""token"": ""Nuclear"", ""start_span"": 0, ""end_span"": 7, ""type"": ""Cellular_component""}, {""token"": ""MAPK"", ""start_span"": 30, ""end_span"": 34, ""type"": ""Gene_or_gene_product""}, {""token"": ""MAPK"", ""start_span"": 86, ""end_span"": 90, ""type"": ""Gene_or_gene_product""}, {""token"": ""agglutinin"", ""start_span"": 134, ""end_span"": 144, ""type"": ""Gene_or_gene_product""}, {""token"": ""Ran"", ""start_span"": 168, ""end_span"": 171, ""type"": ""Gene_or_gene_product""}, {""token"": ""nuclear"", ""start_span"": 181, ""end_span"": 188, ""type"": ""Cellular_component""}, {""token"": ""beta - galactosidase"", ""start_span"": 199, ""end_span"": 219, ""type"": ""Gene_or_gene_product""}, {""token"": ""beta - gal"", ""start_span"": 222, ""end_span"": 232, ""type"": ""Gene_or_gene_product""}, {""token"": ""MAPK"", ""start_span"": 242, ""end_span"": 246, ""type"": ""Gene_or_gene_product""}]"
Proinflammatory cytokines, such as tumor necrosis factor ( TNF), activate NF - kappaB by stimulating the activity of the IkappaB kinases ( IKKs) which phosphorylate IkappaBalpha on serine residues 32 and 36, targeting it for rapid degradation by the 26 S proteasome.	"tumor necrosis factor	35	56	Gene_or_gene_product"	"TNF	59	62	Gene_or_gene_product"	"NF - kappaB	74	85	Complex"	"IkappaB kinases	121	136	Complex"	"IKKs	139	143	Complex"	"IkappaBalpha	165	177	Gene_or_gene_product"	"serine residues 32	181	199	Chemical"	"36	204	206	Chemical"	"26 S proteasome	250	265	Cellular_component"	"[{""token"": ""tumor necrosis factor"", ""start_span"": 35, ""end_span"": 56, ""type"": ""Gene_or_gene_product""}, {""token"": ""TNF"", ""start_span"": 59, ""end_span"": 62, ""type"": ""Gene_or_gene_product""}, {""token"": ""NF - kappaB"", ""start_span"": 74, ""end_span"": 85, ""type"": ""Complex""}, {""token"": ""IkappaB kinases"", ""start_span"": 121, ""end_span"": 136, ""type"": ""Complex""}, {""token"": ""IKKs"", ""start_span"": 139, ""end_span"": 143, ""type"": ""Complex""}, {""token"": ""IkappaBalpha"", ""start_span"": 165, ""end_span"": 177, ""type"": ""Gene_or_gene_product""}, {""token"": ""serine residues 32"", ""start_span"": 181, ""end_span"": 199, ""type"": ""Chemical""}, {""token"": ""36"", ""start_span"": 204, ""end_span"": 206, ""type"": ""Chemical""}, {""token"": ""26 S proteasome"", ""start_span"": 250, ""end_span"": 265, ""type"": ""Cellular_component""}]"
Biosynthesis of GPI in the Pig - n knockout cells was not affected by YW3548 / BE49385A, and yeast overexpressing MCD4 was highly resistant to YW3548 / BE49385A, suggesting that Pig - n and Mcd4p are targets of this drug.	"GPI	16	19	Chemical"	"Pig - n	27	34	Gene_or_gene_product"	"YW3548	70	76	Chemical"	"BE49385A	79	87	Chemical"	"MCD4	114	118	Gene_or_gene_product"	"YW3548	143	149	Chemical"	"BE49385A	152	160	Chemical"	"Pig - n	178	185	Gene_or_gene_product"	"Mcd4p	190	195	Gene_or_gene_product"	"[{""token"": ""GPI"", ""start_span"": 16, ""end_span"": 19, ""type"": ""Chemical""}, {""token"": ""Pig - n"", ""start_span"": 27, ""end_span"": 34, ""type"": ""Gene_or_gene_product""}, {""token"": ""YW3548"", ""start_span"": 70, ""end_span"": 76, ""type"": ""Chemical""}, {""token"": ""BE49385A"", ""start_span"": 79, ""end_span"": 87, ""type"": ""Chemical""}, {""token"": ""MCD4"", ""start_span"": 114, ""end_span"": 118, ""type"": ""Gene_or_gene_product""}, {""token"": ""YW3548"", ""start_span"": 143, ""end_span"": 149, ""type"": ""Chemical""}, {""token"": ""BE49385A"", ""start_span"": 152, ""end_span"": 160, ""type"": ""Chemical""}, {""token"": ""Pig - n"", ""start_span"": 178, ""end_span"": 185, ""type"": ""Gene_or_gene_product""}, {""token"": ""Mcd4p"", ""start_span"": 190, ""end_span"": 195, ""type"": ""Gene_or_gene_product""}]"
Dominant negative constructs of TLR2 or TLR6 inhibit the responses of STF and OspA - L as well as PSM in TLR2 - transfected HMEC, supporting the concept of functional cooperation between TLR2 and TLR6 for all these TLR2 ligands.	"TLR2	32	36	Gene_or_gene_product"	"TLR6	40	44	Gene_or_gene_product"	"STF	70	73	Gene_or_gene_product"	"OspA - L	78	86	Gene_or_gene_product"	"PSM	98	101	Complex"	"TLR2	105	109	Gene_or_gene_product"	"TLR2	187	191	Gene_or_gene_product"	"TLR6	196	200	Gene_or_gene_product"	"TLR2	215	219	Gene_or_gene_product"	"[{""token"": ""TLR2"", ""start_span"": 32, ""end_span"": 36, ""type"": ""Gene_or_gene_product""}, {""token"": ""TLR6"", ""start_span"": 40, ""end_span"": 44, ""type"": ""Gene_or_gene_product""}, {""token"": ""STF"", ""start_span"": 70, ""end_span"": 73, ""type"": ""Gene_or_gene_product""}, {""token"": ""OspA - L"", ""start_span"": 78, ""end_span"": 86, ""type"": ""Gene_or_gene_product""}, {""token"": ""PSM"", ""start_span"": 98, ""end_span"": 101, ""type"": ""Complex""}, {""token"": ""TLR2"", ""start_span"": 105, ""end_span"": 109, ""type"": ""Gene_or_gene_product""}, {""token"": ""TLR2"", ""start_span"": 187, ""end_span"": 191, ""type"": ""Gene_or_gene_product""}, {""token"": ""TLR6"", ""start_span"": 196, ""end_span"": 200, ""type"": ""Gene_or_gene_product""}, {""token"": ""TLR2"", ""start_span"": 215, ""end_span"": 219, ""type"": ""Gene_or_gene_product""}]"
Collectively, these findings suggest that there is functional interaction between TLR2 and TLR6 in the cellular response to STF and OspA - L in addition to S. epidermidis ( PSM) Ags, and that engagement of TLR2 triggers a signaling cascade, which shares the IL - 1R signaling molecules, similar to the TLR4 - LPS signaling cascade.	"TLR2	82	86	Gene_or_gene_product"	"TLR6	91	95	Gene_or_gene_product"	"STF	124	127	Gene_or_gene_product"	"OspA - L	132	140	Gene_or_gene_product"	"PSM	173	176	Complex"	"TLR2	206	210	Gene_or_gene_product"	"IL - 1R	258	265	Gene_or_gene_product"	"TLR4	302	306	Gene_or_gene_product"	"LPS	309	312	Chemical"	"[{""token"": ""TLR2"", ""start_span"": 82, ""end_span"": 86, ""type"": ""Gene_or_gene_product""}, {""token"": ""TLR6"", ""start_span"": 91, ""end_span"": 95, ""type"": ""Gene_or_gene_product""}, {""token"": ""STF"", ""start_span"": 124, ""end_span"": 127, ""type"": ""Gene_or_gene_product""}, {""token"": ""OspA - L"", ""start_span"": 132, ""end_span"": 140, ""type"": ""Gene_or_gene_product""}, {""token"": ""PSM"", ""start_span"": 173, ""end_span"": 176, ""type"": ""Complex""}, {""token"": ""TLR2"", ""start_span"": 206, ""end_span"": 210, ""type"": ""Gene_or_gene_product""}, {""token"": ""IL - 1R"", ""start_span"": 258, ""end_span"": 265, ""type"": ""Gene_or_gene_product""}, {""token"": ""TLR4"", ""start_span"": 302, ""end_span"": 306, ""type"": ""Gene_or_gene_product""}, {""token"": ""LPS"", ""start_span"": 309, ""end_span"": 312, ""type"": ""Chemical""}]"
Tumor development is dependent upon the inactivation of two key tumor - suppressor networks, p16 ( Ink4a) - cycD / cdk4 - pRB - E2F and p19 ( Arf) - mdm2 - p53, that regulate cellular proliferation and the tumor surveillance response.	"p16	93	96	Gene_or_gene_product"	"Ink4a	99	104	Gene_or_gene_product"	"cycD / cdk4	108	119	Complex"	"pRB	122	125	Gene_or_gene_product"	"E2F	128	131	Gene_or_gene_product"	"p19	136	139	Gene_or_gene_product"	"Arf	142	145	Gene_or_gene_product"	"mdm2	149	153	Gene_or_gene_product"	"p53	156	159	Gene_or_gene_product"	"[{""token"": ""p16"", ""start_span"": 93, ""end_span"": 96, ""type"": ""Gene_or_gene_product""}, {""token"": ""Ink4a"", ""start_span"": 99, ""end_span"": 104, ""type"": ""Gene_or_gene_product""}, {""token"": ""cycD / cdk4"", ""start_span"": 108, ""end_span"": 119, ""type"": ""Complex""}, {""token"": ""pRB"", ""start_span"": 122, ""end_span"": 125, ""type"": ""Gene_or_gene_product""}, {""token"": ""E2F"", ""start_span"": 128, ""end_span"": 131, ""type"": ""Gene_or_gene_product""}, {""token"": ""p19"", ""start_span"": 136, ""end_span"": 139, ""type"": ""Gene_or_gene_product""}, {""token"": ""Arf"", ""start_span"": 142, ""end_span"": 145, ""type"": ""Gene_or_gene_product""}, {""token"": ""mdm2"", ""start_span"": 149, ""end_span"": 153, ""type"": ""Gene_or_gene_product""}, {""token"": ""p53"", ""start_span"": 156, ""end_span"": 159, ""type"": ""Gene_or_gene_product""}]"
Further, the interaction between TSC1 / TSC2 and components of the beta - catenin degradation complex was dependent on Wnt stimulation such that binding of tuberin to GSK3 and Axin was reduced in the presence of Wnt whereas the tuberin - Dishevelled interaction was increased.	"TSC1 / TSC2	33	44	Complex"	"beta - catenin degradation complex	67	101	Complex"	"Wnt	119	122	Gene_or_gene_product"	"tuberin	156	163	Gene_or_gene_product"	"GSK3	167	171	Gene_or_gene_product"	"Axin	176	180	Gene_or_gene_product"	"Wnt	212	215	Gene_or_gene_product"	"tuberin	228	235	Gene_or_gene_product"	"Dishevelled	238	249	Gene_or_gene_product"	"[{""token"": ""TSC1 / TSC2"", ""start_span"": 33, ""end_span"": 44, ""type"": ""Complex""}, {""token"": ""beta - catenin degradation complex"", ""start_span"": 67, ""end_span"": 101, ""type"": ""Complex""}, {""token"": ""Wnt"", ""start_span"": 119, ""end_span"": 122, ""type"": ""Gene_or_gene_product""}, {""token"": ""tuberin"", ""start_span"": 156, ""end_span"": 163, ""type"": ""Gene_or_gene_product""}, {""token"": ""GSK3"", ""start_span"": 167, ""end_span"": 171, ""type"": ""Gene_or_gene_product""}, {""token"": ""Axin"", ""start_span"": 176, ""end_span"": 180, ""type"": ""Gene_or_gene_product""}, {""token"": ""Wnt"", ""start_span"": 212, ""end_span"": 215, ""type"": ""Gene_or_gene_product""}, {""token"": ""tuberin"", ""start_span"": 228, ""end_span"": 235, ""type"": ""Gene_or_gene_product""}, {""token"": ""Dishevelled"", ""start_span"": 238, ""end_span"": 249, ""type"": ""Gene_or_gene_product""}]"
LY294002 also attenuated high glucose - induced binding of p21 ( WAF1) to the cyclin E / cdk2 complex, whereas attenuating high glucose - induced TGF - beta bioactivity, Smad2 / 3 phosphorylation, and Smad2 / 3 DNA - binding activity at 36 - 48 h.	"LY294002	0	8	Chemical"	"glucose	30	37	Chemical"	"p21	59	62	Gene_or_gene_product"	"WAF1	65	69	Gene_or_gene_product"	"cyclin E / cdk2	78	93	Complex"	"glucose	128	135	Chemical"	"TGF - beta	146	156	Gene_or_gene_product"	"Smad2 / 3	170	179	Gene_or_gene_product"	"Smad2 / 3	201	210	Gene_or_gene_product"	"[{""token"": ""LY294002"", ""start_span"": 0, ""end_span"": 8, ""type"": ""Chemical""}, {""token"": ""glucose"", ""start_span"": 30, ""end_span"": 37, ""type"": ""Chemical""}, {""token"": ""p21"", ""start_span"": 59, ""end_span"": 62, ""type"": ""Gene_or_gene_product""}, {""token"": ""WAF1"", ""start_span"": 65, ""end_span"": 69, ""type"": ""Gene_or_gene_product""}, {""token"": ""cyclin E / cdk2"", ""start_span"": 78, ""end_span"": 93, ""type"": ""Complex""}, {""token"": ""glucose"", ""start_span"": 128, ""end_span"": 135, ""type"": ""Chemical""}, {""token"": ""TGF - beta"", ""start_span"": 146, ""end_span"": 156, ""type"": ""Gene_or_gene_product""}, {""token"": ""Smad2 / 3"", ""start_span"": 170, ""end_span"": 179, ""type"": ""Gene_or_gene_product""}, {""token"": ""Smad2 / 3"", ""start_span"": 201, ""end_span"": 210, ""type"": ""Gene_or_gene_product""}]"
We concluded that PI3K is required for high glucose - induced cell cycle - dependent hypertrophy, p21 ( WAF1) transcription and expression, p21 ( WAF1) binding to the cyclin E / cdk2 complex, TGF - beta bioactivity, and Smad2 / 3 activity in LLC - PK1 cells.	"PI3K	18	22	Gene_or_gene_product"	"glucose	44	51	Chemical"	"p21	98	101	Gene_or_gene_product"	"WAF1	104	108	Gene_or_gene_product"	"p21	140	143	Gene_or_gene_product"	"WAF1	146	150	Gene_or_gene_product"	"cyclin E / cdk2	167	182	Complex"	"TGF - beta	192	202	Gene_or_gene_product"	"Smad2 / 3	220	229	Gene_or_gene_product"	"[{""token"": ""PI3K"", ""start_span"": 18, ""end_span"": 22, ""type"": ""Gene_or_gene_product""}, {""token"": ""glucose"", ""start_span"": 44, ""end_span"": 51, ""type"": ""Chemical""}, {""token"": ""p21"", ""start_span"": 98, ""end_span"": 101, ""type"": ""Gene_or_gene_product""}, {""token"": ""WAF1"", ""start_span"": 104, ""end_span"": 108, ""type"": ""Gene_or_gene_product""}, {""token"": ""p21"", ""start_span"": 140, ""end_span"": 143, ""type"": ""Gene_or_gene_product""}, {""token"": ""WAF1"", ""start_span"": 146, ""end_span"": 150, ""type"": ""Gene_or_gene_product""}, {""token"": ""cyclin E / cdk2"", ""start_span"": 167, ""end_span"": 182, ""type"": ""Complex""}, {""token"": ""TGF - beta"", ""start_span"": 192, ""end_span"": 202, ""type"": ""Gene_or_gene_product""}, {""token"": ""Smad2 / 3"", ""start_span"": 220, ""end_span"": 229, ""type"": ""Gene_or_gene_product""}]"
Our data show that Bir1p links together a large passenger complex containing Ndc10p, Sli15p ( INCENP), and Ipl1p ( Aurora B) and that the interaction between Bir1p and Sli15p is specifically involved in regulating septin dynamics during anaphase.	"Bir1p	19	24	Gene_or_gene_product"	"Ndc10p	77	83	Gene_or_gene_product"	"Sli15p	85	91	Gene_or_gene_product"	"INCENP	94	100	Gene_or_gene_product"	"Ipl1p	107	112	Gene_or_gene_product"	"Aurora B	115	123	Gene_or_gene_product"	"Bir1p	158	163	Gene_or_gene_product"	"Sli15p	168	174	Gene_or_gene_product"	"septin	214	220	Gene_or_gene_product"	"[{""token"": ""Bir1p"", ""start_span"": 19, ""end_span"": 24, ""type"": ""Gene_or_gene_product""}, {""token"": ""Ndc10p"", ""start_span"": 77, ""end_span"": 83, ""type"": ""Gene_or_gene_product""}, {""token"": ""Sli15p"", ""start_span"": 85, ""end_span"": 91, ""type"": ""Gene_or_gene_product""}, {""token"": ""INCENP"", ""start_span"": 94, ""end_span"": 100, ""type"": ""Gene_or_gene_product""}, {""token"": ""Ipl1p"", ""start_span"": 107, ""end_span"": 112, ""type"": ""Gene_or_gene_product""}, {""token"": ""Aurora B"", ""start_span"": 115, ""end_span"": 123, ""type"": ""Gene_or_gene_product""}, {""token"": ""Bir1p"", ""start_span"": 158, ""end_span"": 163, ""type"": ""Gene_or_gene_product""}, {""token"": ""Sli15p"", ""start_span"": 168, ""end_span"": 174, ""type"": ""Gene_or_gene_product""}, {""token"": ""septin"", ""start_span"": 214, ""end_span"": 220, ""type"": ""Gene_or_gene_product""}]"
The difference between the effects of ROS and NO on AT ( 1) R expression may be caused by the difference between intracellular location of ROS signaling and that of NO signaling, as the agonist - induced S - nitrosylation of NF - kappaB requires a local interaction between NO synthase ( NOS) and NF - kappaB in the perinuclear region.	"ROS	38	41	Chemical"	"NO	46	48	Chemical"	"intracellular	113	126	Cellular_component"	"ROS	139	142	Chemical"	"NO	165	167	Chemical"	"NF - kappaB	225	236	Complex"	"NO synthase	274	285	Gene_or_gene_product"	"NOS	288	291	Gene_or_gene_product"	"NF - kappaB	297	308	Complex"	"[{""token"": ""ROS"", ""start_span"": 38, ""end_span"": 41, ""type"": ""Chemical""}, {""token"": ""NO"", ""start_span"": 46, ""end_span"": 48, ""type"": ""Chemical""}, {""token"": ""intracellular"", ""start_span"": 113, ""end_span"": 126, ""type"": ""Cellular_component""}, {""token"": ""ROS"", ""start_span"": 139, ""end_span"": 142, ""type"": ""Chemical""}, {""token"": ""NO"", ""start_span"": 165, ""end_span"": 167, ""type"": ""Chemical""}, {""token"": ""NF - kappaB"", ""start_span"": 225, ""end_span"": 236, ""type"": ""Complex""}, {""token"": ""NO synthase"", ""start_span"": 274, ""end_span"": 285, ""type"": ""Gene_or_gene_product""}, {""token"": ""NOS"", ""start_span"": 288, ""end_span"": 291, ""type"": ""Gene_or_gene_product""}, {""token"": ""NF - kappaB"", ""start_span"": 297, ""end_span"": 308, ""type"": ""Complex""}]"
Inhibitors of Akt, p38 MAPK, ERK 1 / 2, or NF - kappaB significantly suppressed, whereas blocking JNK and AP - 1 substantially augmented IL - 23 p19 production from IL - 17 - stimulated hPDLFs.	"Akt	14	17	Gene_or_gene_product"	"p38 MAPK	19	27	Gene_or_gene_product"	"ERK 1 / 2	29	38	Gene_or_gene_product"	"NF - kappaB	43	54	Complex"	"JNK	98	101	Gene_or_gene_product"	"AP - 1	106	112	Complex"	"IL - 23	137	144	Complex"	"p19	145	148	Gene_or_gene_product"	"IL - 17	165	172	Complex"	"[{""token"": ""Akt"", ""start_span"": 14, ""end_span"": 17, ""type"": ""Gene_or_gene_product""}, {""token"": ""p38 MAPK"", ""start_span"": 19, ""end_span"": 27, ""type"": ""Gene_or_gene_product""}, {""token"": ""ERK 1 / 2"", ""start_span"": 29, ""end_span"": 38, ""type"": ""Gene_or_gene_product""}, {""token"": ""NF - kappaB"", ""start_span"": 43, ""end_span"": 54, ""type"": ""Complex""}, {""token"": ""JNK"", ""start_span"": 98, ""end_span"": 101, ""type"": ""Gene_or_gene_product""}, {""token"": ""AP - 1"", ""start_span"": 106, ""end_span"": 112, ""type"": ""Complex""}, {""token"": ""IL - 23"", ""start_span"": 137, ""end_span"": 144, ""type"": ""Complex""}, {""token"": ""p19"", ""start_span"": 145, ""end_span"": 148, ""type"": ""Gene_or_gene_product""}, {""token"": ""IL - 17"", ""start_span"": 165, ""end_span"": 172, ""type"": ""Complex""}]"
Thus, these results provide evidence that hPDLFs are a target of Th17, and that IL - 17 appears to up - regulate the expression of IL - 23 p19 via a homeostatic mechanism involving Akt -, p38 MAPK -, and ERK 1 / 2 - dependent NF - kappaB signalling versus the JNK / AP - 1 pathway.	"IL - 17	80	87	Complex"	"IL - 23	131	138	Complex"	"p19	139	142	Gene_or_gene_product"	"Akt	181	184	Gene_or_gene_product"	"p38 MAPK	188	196	Gene_or_gene_product"	"ERK 1 / 2	204	213	Gene_or_gene_product"	"NF - kappaB	226	237	Complex"	"JNK	260	263	Gene_or_gene_product"	"AP - 1	266	272	Complex"	"[{""token"": ""IL - 17"", ""start_span"": 80, ""end_span"": 87, ""type"": ""Complex""}, {""token"": ""IL - 23"", ""start_span"": 131, ""end_span"": 138, ""type"": ""Complex""}, {""token"": ""p19"", ""start_span"": 139, ""end_span"": 142, ""type"": ""Gene_or_gene_product""}, {""token"": ""Akt"", ""start_span"": 181, ""end_span"": 184, ""type"": ""Gene_or_gene_product""}, {""token"": ""p38 MAPK"", ""start_span"": 188, ""end_span"": 196, ""type"": ""Gene_or_gene_product""}, {""token"": ""ERK 1 / 2"", ""start_span"": 204, ""end_span"": 213, ""type"": ""Gene_or_gene_product""}, {""token"": ""NF - kappaB"", ""start_span"": 226, ""end_span"": 237, ""type"": ""Complex""}, {""token"": ""JNK"", ""start_span"": 260, ""end_span"": 263, ""type"": ""Gene_or_gene_product""}, {""token"": ""AP - 1"", ""start_span"": 266, ""end_span"": 272, ""type"": ""Complex""}]"
Human TNFAIP3 interacting protein 1 ( TNIP1) has diverse functions including support of HIV replication through its interaction with viral Nef and matrix proteins, reduction of TNFalpha - induced signaling through its interaction with NF - kappaB pathway proteins, and corepression of agonist - bound retinoic acid receptors and peroxisome proliferator - activated receptors ( PPAR).	"TNFAIP3 interacting protein 1	6	35	Gene_or_gene_product"	"TNIP1	38	43	Gene_or_gene_product"	"Nef	139	142	Gene_or_gene_product"	"matrix	147	153	Cellular_component"	"TNFalpha	177	185	Gene_or_gene_product"	"NF - kappaB	235	246	Complex"	"retinoic acid receptors	301	324	Gene_or_gene_product"	"peroxisome proliferator - activated receptors	329	374	Gene_or_gene_product"	"PPAR	377	381	Gene_or_gene_product"	"[{""token"": ""TNFAIP3 interacting protein 1"", ""start_span"": 6, ""end_span"": 35, ""type"": ""Gene_or_gene_product""}, {""token"": ""TNIP1"", ""start_span"": 38, ""end_span"": 43, ""type"": ""Gene_or_gene_product""}, {""token"": ""Nef"", ""start_span"": 139, ""end_span"": 142, ""type"": ""Gene_or_gene_product""}, {""token"": ""matrix"", ""start_span"": 147, ""end_span"": 153, ""type"": ""Cellular_component""}, {""token"": ""TNFalpha"", ""start_span"": 177, ""end_span"": 185, ""type"": ""Gene_or_gene_product""}, {""token"": ""NF - kappaB"", ""start_span"": 235, ""end_span"": 246, ""type"": ""Complex""}, {""token"": ""retinoic acid receptors"", ""start_span"": 301, ""end_span"": 324, ""type"": ""Gene_or_gene_product""}, {""token"": ""peroxisome proliferator - activated receptors"", ""start_span"": 329, ""end_span"": 374, ""type"": ""Gene_or_gene_product""}, {""token"": ""PPAR"", ""start_span"": 377, ""end_span"": 381, ""type"": ""Gene_or_gene_product""}]"
Human biliverdin reductase ( hBVR), a Ser / Thr / Tyr kinase and intracellular scaffold / bridge / anchor, is a nuclear transporter of MEK1 / 2 - stimulated ERK1 / 2 ( Lerner - Marmarosh, N., Miralem, T., Gibbs, P. E., and Maines, M. D. ( 2008) Proc. Natl. Acad. Sci. U. S. A. 105, 6870 - 6875).	"biliverdin reductase	6	26	Gene_or_gene_product"	"hBVR	29	33	Gene_or_gene_product"	"Ser	38	41	Chemical"	"Thr	44	47	Chemical"	"Tyr	50	53	Chemical"	"intracellular	65	78	Cellular_component"	"nuclear	112	119	Cellular_component"	"MEK1 / 2	135	143	Gene_or_gene_product"	"ERK1 / 2	157	165	Gene_or_gene_product"	"[{""token"": ""biliverdin reductase"", ""start_span"": 6, ""end_span"": 26, ""type"": ""Gene_or_gene_product""}, {""token"": ""hBVR"", ""start_span"": 29, ""end_span"": 33, ""type"": ""Gene_or_gene_product""}, {""token"": ""Ser"", ""start_span"": 38, ""end_span"": 41, ""type"": ""Chemical""}, {""token"": ""Thr"", ""start_span"": 44, ""end_span"": 47, ""type"": ""Chemical""}, {""token"": ""Tyr"", ""start_span"": 50, ""end_span"": 53, ""type"": ""Chemical""}, {""token"": ""intracellular"", ""start_span"": 65, ""end_span"": 78, ""type"": ""Cellular_component""}, {""token"": ""nuclear"", ""start_span"": 112, ""end_span"": 119, ""type"": ""Cellular_component""}, {""token"": ""MEK1 / 2"", ""start_span"": 135, ""end_span"": 143, ""type"": ""Gene_or_gene_product""}, {""token"": ""ERK1 / 2"", ""start_span"": 157, ""end_span"": 165, ""type"": ""Gene_or_gene_product""}]"
The unequivocal demonstration that considerable amounts of propionylcarnitine or isobutyrylcarnitine efflux from heart mitochondria metabolizing alpha - ketoisovalerate and alpha - keto - beta - methylvalerate provides evidence for a role ( via removal of non - metabolizable propionyl - CoA or slowly metabolizable acyl - CoAs) for carnitine in tissues which have limited capacity to metabolize propionyl - CoA.	"propionylcarnitine	59	77	Chemical"	"isobutyrylcarnitine	81	100	Chemical"	"mitochondria	119	131	Cellular_component"	"alpha - ketoisovalerate	145	168	Chemical"	"alpha - keto - beta - methylvalerate	173	209	Chemical"	"propionyl - CoA	276	291	Chemical"	"acyl - CoAs	316	327	Chemical"	"carnitine	333	342	Chemical"	"propionyl - CoA	396	411	Chemical"	"[{""token"": ""propionylcarnitine"", ""start_span"": 59, ""end_span"": 77, ""type"": ""Chemical""}, {""token"": ""isobutyrylcarnitine"", ""start_span"": 81, ""end_span"": 100, ""type"": ""Chemical""}, {""token"": ""mitochondria"", ""start_span"": 119, ""end_span"": 131, ""type"": ""Cellular_component""}, {""token"": ""alpha - ketoisovalerate"", ""start_span"": 145, ""end_span"": 168, ""type"": ""Chemical""}, {""token"": ""alpha - keto - beta - methylvalerate"", ""start_span"": 173, ""end_span"": 209, ""type"": ""Chemical""}, {""token"": ""propionyl - CoA"", ""start_span"": 276, ""end_span"": 291, ""type"": ""Chemical""}, {""token"": ""acyl - CoAs"", ""start_span"": 316, ""end_span"": 327, ""type"": ""Chemical""}, {""token"": ""carnitine"", ""start_span"": 333, ""end_span"": 342, ""type"": ""Chemical""}, {""token"": ""propionyl - CoA"", ""start_span"": 396, ""end_span"": 411, ""type"": ""Chemical""}]"
These results also show propionyl - CoA must be formed during the metabolism of alpha - ketoisovalerate and that extra - mitochondrial free carnitine rapidly interacts with matrix short - chain aliphatic acyl - CoA generated from alpha - keto acids of branched - chain amino acids and pyruvate in the presence and absence of malate.	"propionyl - CoA	24	39	Chemical"	"alpha - ketoisovalerate	80	103	Chemical"	"extra - mitochondrial	113	134	Cellular_component"	"carnitine	140	149	Chemical"	"matrix	173	179	Cellular_component"	"acyl - CoA	204	214	Chemical"	"alpha - keto acids	230	248	Chemical"	"pyruvate	285	293	Chemical"	"malate	325	331	Chemical"	"[{""token"": ""propionyl - CoA"", ""start_span"": 24, ""end_span"": 39, ""type"": ""Chemical""}, {""token"": ""alpha - ketoisovalerate"", ""start_span"": 80, ""end_span"": 103, ""type"": ""Chemical""}, {""token"": ""extra - mitochondrial"", ""start_span"": 113, ""end_span"": 134, ""type"": ""Cellular_component""}, {""token"": ""carnitine"", ""start_span"": 140, ""end_span"": 149, ""type"": ""Chemical""}, {""token"": ""matrix"", ""start_span"": 173, ""end_span"": 179, ""type"": ""Cellular_component""}, {""token"": ""acyl - CoA"", ""start_span"": 204, ""end_span"": 214, ""type"": ""Chemical""}, {""token"": ""alpha - keto acids"", ""start_span"": 230, ""end_span"": 248, ""type"": ""Chemical""}, {""token"": ""pyruvate"", ""start_span"": 285, ""end_span"": 293, ""type"": ""Chemical""}, {""token"": ""malate"", ""start_span"": 325, ""end_span"": 331, ""type"": ""Chemical""}]"
