Specifically, the Ndc10p component of the centromere DNA - binding CBF3 complex is altered by the glc7 - 10 mutation; Ndc10p is hyperphosphorylated in glc7 - 10 extracts.	"Ndc10p	18	24	Gene_or_gene_product"	"CBF3	67	71	Complex"	"glc7 - 10	98	107	Gene_or_gene_product"	"Ndc10p	118	124	Gene_or_gene_product"	"glc7 - 10	151	160	Gene_or_gene_product"	"[{""token"": ""Ndc10p"", ""start_span"": 18, ""end_span"": 24, ""type"": ""Gene_or_gene_product""}, {""token"": ""CBF3"", ""start_span"": 67, ""end_span"": 71, ""type"": ""Complex""}, {""token"": ""glc7 - 10"", ""start_span"": 98, ""end_span"": 107, ""type"": ""Gene_or_gene_product""}, {""token"": ""Ndc10p"", ""start_span"": 118, ""end_span"": 124, ""type"": ""Gene_or_gene_product""}, {""token"": ""glc7 - 10"", ""start_span"": 151, ""end_span"": 160, ""type"": ""Gene_or_gene_product""}]"
We have cloned the human Na + - dependent multivitamin transporter ( SMVT), which transports the water - soluble vitamins pantothenate, biotin, and lipoate, from a placental choriocarcinoma cell line ( JAR).	"Na + - dependent multivitamin transporter	25	66	Gene_or_gene_product"	"SMVT	69	73	Gene_or_gene_product"	"pantothenate	122	134	Chemical"	"biotin	136	142	Chemical"	"lipoate	148	155	Chemical"	"[{""token"": ""Na + - dependent multivitamin transporter"", ""start_span"": 25, ""end_span"": 66, ""type"": ""Gene_or_gene_product""}, {""token"": ""SMVT"", ""start_span"": 69, ""end_span"": 73, ""type"": ""Gene_or_gene_product""}, {""token"": ""pantothenate"", ""start_span"": 122, ""end_span"": 134, ""type"": ""Chemical""}, {""token"": ""biotin"", ""start_span"": 136, ""end_span"": 142, ""type"": ""Chemical""}, {""token"": ""lipoate"", ""start_span"": 148, ""end_span"": 155, ""type"": ""Chemical""}]"
The human SMVT, when expressed in Xenopus laevis oocytes, induces inward currents in the presence of pantothenate, biotin, and lipoate in a Na + -, concentration -, and potential - dependent manner.	"SMVT	10	14	Gene_or_gene_product"	"pantothenate	101	113	Chemical"	"biotin	115	121	Chemical"	"lipoate	127	134	Chemical"	"Na +	140	144	Chemical"	"[{""token"": ""SMVT"", ""start_span"": 10, ""end_span"": 14, ""type"": ""Gene_or_gene_product""}, {""token"": ""pantothenate"", ""start_span"": 101, ""end_span"": 113, ""type"": ""Chemical""}, {""token"": ""biotin"", ""start_span"": 115, ""end_span"": 121, ""type"": ""Chemical""}, {""token"": ""lipoate"", ""start_span"": 127, ""end_span"": 134, ""type"": ""Chemical""}, {""token"": ""Na +"", ""start_span"": 140, ""end_span"": 144, ""type"": ""Chemical""}]"
The sympathoneural neurotransmitter norepinephrine ( NE) is deaminated to 3, 4 - dihydroxymandelaldehyde ( DHMAL) and subsequently converted to either 3, 4 - dihydroxymandelic acid ( DHMA) or 3, 4 - dihydroxyphenylglycol ( DHPG).	"norepinephrine	36	50	Chemical"	"NE	53	55	Chemical"	"DHMAL	107	112	Chemical"	"DHMA	183	187	Chemical"	"DHPG	223	227	Chemical"	"[{""token"": ""norepinephrine"", ""start_span"": 36, ""end_span"": 50, ""type"": ""Chemical""}, {""token"": ""NE"", ""start_span"": 53, ""end_span"": 55, ""type"": ""Chemical""}, {""token"": ""DHMAL"", ""start_span"": 107, ""end_span"": 112, ""type"": ""Chemical""}, {""token"": ""DHMA"", ""start_span"": 183, ""end_span"": 187, ""type"": ""Chemical""}, {""token"": ""DHPG"", ""start_span"": 223, ""end_span"": 227, ""type"": ""Chemical""}]"
The in vitro incubation of NE with aldose reductase in the presence of monoamine oxidase ( MAO) resulted in the formation of DHPG, which was confirmed by mass spectrometry.	"NE	27	29	Chemical"	"aldose reductase	35	51	Gene_or_gene_product"	"monoamine oxidase	71	88	Gene_or_gene_product"	"MAO	91	94	Gene_or_gene_product"	"DHPG	125	129	Chemical"	"[{""token"": ""NE"", ""start_span"": 27, ""end_span"": 29, ""type"": ""Chemical""}, {""token"": ""aldose reductase"", ""start_span"": 35, ""end_span"": 51, ""type"": ""Gene_or_gene_product""}, {""token"": ""monoamine oxidase"", ""start_span"": 71, ""end_span"": 88, ""type"": ""Gene_or_gene_product""}, {""token"": ""MAO"", ""start_span"": 91, ""end_span"": 94, ""type"": ""Gene_or_gene_product""}, {""token"": ""DHPG"", ""start_span"": 125, ""end_span"": 129, ""type"": ""Chemical""}]"
We have investigated the kinetic parameters for the phosphorylation of 1 - beta - D - arabinofuranosylcytosine ( araC) and 2 ', 2 ' - difluorodeoxycytidine ( dFdC) to their diphosphate forms catalyzed by human UMP - CMP kinase.	"1 - beta - D - arabinofuranosylcytosine	71	110	Chemical"	"araC	113	117	Chemical"	"dFdC	158	162	Chemical"	"diphosphate	173	184	Chemical"	"UMP - CMP kinase	210	226	Gene_or_gene_product"	"[{""token"": ""1 - beta - D - arabinofuranosylcytosine"", ""start_span"": 71, ""end_span"": 110, ""type"": ""Chemical""}, {""token"": ""araC"", ""start_span"": 113, ""end_span"": 117, ""type"": ""Chemical""}, {""token"": ""dFdC"", ""start_span"": 158, ""end_span"": 162, ""type"": ""Chemical""}, {""token"": ""diphosphate"", ""start_span"": 173, ""end_span"": 184, ""type"": ""Chemical""}, {""token"": ""UMP - CMP kinase"", ""start_span"": 210, ""end_span"": 226, ""type"": ""Gene_or_gene_product""}]"
The monophosphates of araC and dFdC were shown to be phosphorylated with similar efficiency as dCMP and CMP.	"monophosphates	4	18	Chemical"	"araC	22	26	Chemical"	"dFdC	31	35	Chemical"	"dCMP	95	99	Chemical"	"CMP	104	107	Chemical"	"[{""token"": ""monophosphates"", ""start_span"": 4, ""end_span"": 18, ""type"": ""Chemical""}, {""token"": ""araC"", ""start_span"": 22, ""end_span"": 26, ""type"": ""Chemical""}, {""token"": ""dFdC"", ""start_span"": 31, ""end_span"": 35, ""type"": ""Chemical""}, {""token"": ""dCMP"", ""start_span"": 95, ""end_span"": 99, ""type"": ""Chemical""}, {""token"": ""CMP"", ""start_span"": 104, ""end_span"": 107, ""type"": ""Chemical""}]"
We further showed, in a combined enzymatic assay, that human deoxycytidine kinase and UMP - CMP kinase together phosphorylated araC, dFdC, and 2 ', 3 ' - dideoxycytidine to their diphosphate forms.	"deoxycytidine kinase	61	81	Gene_or_gene_product"	"UMP - CMP kinase	86	102	Gene_or_gene_product"	"araC	127	131	Chemical"	"dFdC	133	137	Chemical"	"diphosphate	179	190	Chemical"	"[{""token"": ""deoxycytidine kinase"", ""start_span"": 61, ""end_span"": 81, ""type"": ""Gene_or_gene_product""}, {""token"": ""UMP - CMP kinase"", ""start_span"": 86, ""end_span"": 102, ""type"": ""Gene_or_gene_product""}, {""token"": ""araC"", ""start_span"": 127, ""end_span"": 131, ""type"": ""Chemical""}, {""token"": ""dFdC"", ""start_span"": 133, ""end_span"": 137, ""type"": ""Chemical""}, {""token"": ""diphosphate"", ""start_span"": 179, ""end_span"": 190, ""type"": ""Chemical""}]"
Using both indirect immunofluorescence with anti - Hsl7 antibodies and a fusion of Hsl7 to green fluorescent protein, we found that Hsl7 also localizes to the bud neck, congruent with the septin ring that faces the daughter cell.	"Hsl7	51	55	Gene_or_gene_product"	"Hsl7	83	87	Gene_or_gene_product"	"Hsl7	132	136	Gene_or_gene_product"	"bud neck	159	167	Cellular_component"	"septin	188	194	Gene_or_gene_product"	"[{""token"": ""Hsl7"", ""start_span"": 51, ""end_span"": 55, ""type"": ""Gene_or_gene_product""}, {""token"": ""Hsl7"", ""start_span"": 83, ""end_span"": 87, ""type"": ""Gene_or_gene_product""}, {""token"": ""Hsl7"", ""start_span"": 132, ""end_span"": 136, ""type"": ""Gene_or_gene_product""}, {""token"": ""bud neck"", ""start_span"": 159, ""end_span"": 167, ""type"": ""Cellular_component""}, {""token"": ""septin"", ""start_span"": 188, ""end_span"": 194, ""type"": ""Gene_or_gene_product""}]"
Hsl7 plus Swe1 and Hsl7 plus Hsl1 can be coimmunoprecipitated from extracts of cells overexpressing these proteins, confirming that Hsl7 physically associates with both partners.	"Hsl7	0	4	Gene_or_gene_product"	"Swe1	10	14	Gene_or_gene_product"	"Hsl7	19	23	Gene_or_gene_product"	"Hsl1	29	33	Gene_or_gene_product"	"Hsl7	132	136	Gene_or_gene_product"	"[{""token"": ""Hsl7"", ""start_span"": 0, ""end_span"": 4, ""type"": ""Gene_or_gene_product""}, {""token"": ""Swe1"", ""start_span"": 10, ""end_span"": 14, ""type"": ""Gene_or_gene_product""}, {""token"": ""Hsl7"", ""start_span"": 19, ""end_span"": 23, ""type"": ""Gene_or_gene_product""}, {""token"": ""Hsl1"", ""start_span"": 29, ""end_span"": 33, ""type"": ""Gene_or_gene_product""}, {""token"": ""Hsl7"", ""start_span"": 132, ""end_span"": 136, ""type"": ""Gene_or_gene_product""}]"
Moreover, Hsl7 does not localize to the bud neck in an hsl1Delta mutant, whereas Hsl1 is localized normally in an hsl7Delta mutant.	"Hsl7	10	14	Gene_or_gene_product"	"bud neck	40	48	Cellular_component"	"hsl1Delta	55	64	Gene_or_gene_product"	"Hsl1	81	85	Gene_or_gene_product"	"hsl7Delta	114	123	Gene_or_gene_product"	"[{""token"": ""Hsl7"", ""start_span"": 10, ""end_span"": 14, ""type"": ""Gene_or_gene_product""}, {""token"": ""bud neck"", ""start_span"": 40, ""end_span"": 48, ""type"": ""Cellular_component""}, {""token"": ""hsl1Delta"", ""start_span"": 55, ""end_span"": 64, ""type"": ""Gene_or_gene_product""}, {""token"": ""Hsl1"", ""start_span"": 81, ""end_span"": 85, ""type"": ""Gene_or_gene_product""}, {""token"": ""hsl7Delta"", ""start_span"": 114, ""end_span"": 123, ""type"": ""Gene_or_gene_product""}]"
Thus, Hsl1 and Hsl7 promote proper timing of cell cycle progression by coupling septin ring assembly to alleviation of Swe1 - dependent inhibition of Cdc28.	"Hsl1	6	10	Gene_or_gene_product"	"Hsl7	15	19	Gene_or_gene_product"	"septin	80	86	Gene_or_gene_product"	"Swe1	119	123	Gene_or_gene_product"	"Cdc28	150	155	Gene_or_gene_product"	"[{""token"": ""Hsl1"", ""start_span"": 6, ""end_span"": 10, ""type"": ""Gene_or_gene_product""}, {""token"": ""Hsl7"", ""start_span"": 15, ""end_span"": 19, ""type"": ""Gene_or_gene_product""}, {""token"": ""septin"", ""start_span"": 80, ""end_span"": 86, ""type"": ""Gene_or_gene_product""}, {""token"": ""Swe1"", ""start_span"": 119, ""end_span"": 123, ""type"": ""Gene_or_gene_product""}, {""token"": ""Cdc28"", ""start_span"": 150, ""end_span"": 155, ""type"": ""Gene_or_gene_product""}]"
First, PKC activity and maturation is controlled by autophosphorylation and transphosphorylation mechanisms, which includes phosphorylation of PKC isozymes by phosphoinositide - dependent protein kinases ( PDKs) and tyrosine kinases.	"PKC	7	10	Gene_or_gene_product"	"PKC	143	146	Gene_or_gene_product"	"phosphoinositide - dependent protein kinases	159	203	Gene_or_gene_product"	"PDKs	206	210	Gene_or_gene_product"	"tyrosine	216	224	Chemical"	"[{""token"": ""PKC"", ""start_span"": 7, ""end_span"": 10, ""type"": ""Gene_or_gene_product""}, {""token"": ""PKC"", ""start_span"": 143, ""end_span"": 146, ""type"": ""Gene_or_gene_product""}, {""token"": ""phosphoinositide - dependent protein kinases"", ""start_span"": 159, ""end_span"": 203, ""type"": ""Gene_or_gene_product""}, {""token"": ""PDKs"", ""start_span"": 206, ""end_span"": 210, ""type"": ""Gene_or_gene_product""}, {""token"": ""tyrosine"", ""start_span"": 216, ""end_span"": 224, ""type"": ""Chemical""}]"
However, E2F is not a general regulator of oxidative phosphorylation genes since three additional nuclear - encoded mitochondrial genes were unaffected by E2F1 or E2F6.	"E2F	9	12	Gene_or_gene_product"	"nuclear	98	105	Cellular_component"	"mitochondrial	116	129	Cellular_component"	"E2F1	155	159	Gene_or_gene_product"	"E2F6	163	167	Gene_or_gene_product"	"[{""token"": ""E2F"", ""start_span"": 9, ""end_span"": 12, ""type"": ""Gene_or_gene_product""}, {""token"": ""nuclear"", ""start_span"": 98, ""end_span"": 105, ""type"": ""Cellular_component""}, {""token"": ""mitochondrial"", ""start_span"": 116, ""end_span"": 129, ""type"": ""Cellular_component""}, {""token"": ""E2F1"", ""start_span"": 155, ""end_span"": 159, ""type"": ""Gene_or_gene_product""}, {""token"": ""E2F6"", ""start_span"": 163, ""end_span"": 167, ""type"": ""Gene_or_gene_product""}]"
Preventing nuclear export destabilized Far1, while conversely cytoplasmic Far1 was stabilized, although the protein was efficiently phosphorylated in a Cdc28 - Cln - dependent manner.	"nuclear	11	18	Cellular_component"	"Far1	39	43	Gene_or_gene_product"	"cytoplasmic	62	73	Cellular_component"	"Far1	74	78	Gene_or_gene_product"	"Cdc28 - Cln	152	163	Complex"	"[{""token"": ""nuclear"", ""start_span"": 11, ""end_span"": 18, ""type"": ""Cellular_component""}, {""token"": ""Far1"", ""start_span"": 39, ""end_span"": 43, ""type"": ""Gene_or_gene_product""}, {""token"": ""cytoplasmic"", ""start_span"": 62, ""end_span"": 73, ""type"": ""Cellular_component""}, {""token"": ""Far1"", ""start_span"": 74, ""end_span"": 78, ""type"": ""Gene_or_gene_product""}, {""token"": ""Cdc28 - Cln"", ""start_span"": 152, ""end_span"": 163, ""type"": ""Complex""}]"
A cytoplasmic form of Cdc4 was unable to complement the growth defect of cdc4 - 1 cells, but it was sufficient to degrade Far1 in the cytoplasm.	"cytoplasmic	2	13	Cellular_component"	"Cdc4	22	26	Gene_or_gene_product"	"cdc4 - 1	73	81	Gene_or_gene_product"	"Far1	122	126	Gene_or_gene_product"	"cytoplasm	134	143	Cellular_component"	"[{""token"": ""cytoplasmic"", ""start_span"": 2, ""end_span"": 13, ""type"": ""Cellular_component""}, {""token"": ""Cdc4"", ""start_span"": 22, ""end_span"": 26, ""type"": ""Gene_or_gene_product""}, {""token"": ""cdc4 - 1"", ""start_span"": 73, ""end_span"": 81, ""type"": ""Gene_or_gene_product""}, {""token"": ""Far1"", ""start_span"": 122, ""end_span"": 126, ""type"": ""Gene_or_gene_product""}, {""token"": ""cytoplasm"", ""start_span"": 134, ""end_span"": 143, ""type"": ""Cellular_component""}]"
PIG - M transfers the first mannose to glycosylphosphatidylinositol on the lumenal side of the ER.	"PIG - M	0	7	Gene_or_gene_product"	"mannose	28	35	Chemical"	"glycosylphosphatidylinositol	39	67	Chemical"	"lumenal side	75	87	Cellular_component"	"ER	95	97	Cellular_component"	"[{""token"": ""PIG - M"", ""start_span"": 0, ""end_span"": 7, ""type"": ""Gene_or_gene_product""}, {""token"": ""mannose"", ""start_span"": 28, ""end_span"": 35, ""type"": ""Chemical""}, {""token"": ""glycosylphosphatidylinositol"", ""start_span"": 39, ""end_span"": 67, ""type"": ""Chemical""}, {""token"": ""lumenal side"", ""start_span"": 75, ""end_span"": 87, ""type"": ""Cellular_component""}, {""token"": ""ER"", ""start_span"": 95, ""end_span"": 97, ""type"": ""Cellular_component""}]"
We found that NT2 cells, a neuronally committed human teratocarcinoma cell line, have abnormal ND10 characterized by low expression of the major ND10 component PML and no detectable expression of another major ND10 antigen, Sp100.	"ND10	95	99	Cellular_component"	"ND10	145	149	Cellular_component"	"PML	160	163	Gene_or_gene_product"	"ND10	210	214	Cellular_component"	"Sp100	224	229	Gene_or_gene_product"	"[{""token"": ""ND10"", ""start_span"": 95, ""end_span"": 99, ""type"": ""Cellular_component""}, {""token"": ""ND10"", ""start_span"": 145, ""end_span"": 149, ""type"": ""Cellular_component""}, {""token"": ""PML"", ""start_span"": 160, ""end_span"": 163, ""type"": ""Gene_or_gene_product""}, {""token"": ""ND10"", ""start_span"": 210, ""end_span"": 214, ""type"": ""Cellular_component""}, {""token"": ""Sp100"", ""start_span"": 224, ""end_span"": 229, ""type"": ""Gene_or_gene_product""}]"
IKK activation by TRAF6 requires two intermediary factors, TRAF6 - regulated IKK activator 1 ( TRIKA1) and TRIKA2 ( ref. 5).	"IKK	0	3	Complex"	"TRAF6	18	23	Gene_or_gene_product"	"TRAF6 - regulated IKK activator 1	59	92	Gene_or_gene_product"	"TRIKA1	95	101	Gene_or_gene_product"	"TRIKA2	107	113	Gene_or_gene_product"	"[{""token"": ""IKK"", ""start_span"": 0, ""end_span"": 3, ""type"": ""Complex""}, {""token"": ""TRAF6"", ""start_span"": 18, ""end_span"": 23, ""type"": ""Gene_or_gene_product""}, {""token"": ""TRAF6 - regulated IKK activator 1"", ""start_span"": 59, ""end_span"": 92, ""type"": ""Gene_or_gene_product""}, {""token"": ""TRIKA1"", ""start_span"": 95, ""end_span"": 101, ""type"": ""Gene_or_gene_product""}, {""token"": ""TRIKA2"", ""start_span"": 107, ""end_span"": 113, ""type"": ""Gene_or_gene_product""}]"
TRIKA1 is a dimeric ubiquitin - conjugating enzyme complex composed of Ubc13 and Uev1A ( or the functionally equivalent Mms2).	"TRIKA1	0	6	Complex"	"ubiquitin	20	29	Gene_or_gene_product"	"Ubc13	71	76	Gene_or_gene_product"	"Uev1A	81	86	Gene_or_gene_product"	"Mms2	120	124	Gene_or_gene_product"	"[{""token"": ""TRIKA1"", ""start_span"": 0, ""end_span"": 6, ""type"": ""Complex""}, {""token"": ""ubiquitin"", ""start_span"": 20, ""end_span"": 29, ""type"": ""Gene_or_gene_product""}, {""token"": ""Ubc13"", ""start_span"": 71, ""end_span"": 76, ""type"": ""Gene_or_gene_product""}, {""token"": ""Uev1A"", ""start_span"": 81, ""end_span"": 86, ""type"": ""Gene_or_gene_product""}, {""token"": ""Mms2"", ""start_span"": 120, ""end_span"": 124, ""type"": ""Gene_or_gene_product""}]"
Here we report the purification and identification of TRIKA2, which is composed of TAK1, TAB1 and TAB2, a protein kinase complex previously implicated in IKK activation through an unknown mechanism.	"TRIKA2	54	60	Complex"	"TAK1	83	87	Gene_or_gene_product"	"TAB1	89	93	Gene_or_gene_product"	"TAB2	98	102	Gene_or_gene_product"	"IKK	154	157	Complex"	"[{""token"": ""TRIKA2"", ""start_span"": 54, ""end_span"": 60, ""type"": ""Complex""}, {""token"": ""TAK1"", ""start_span"": 83, ""end_span"": 87, ""type"": ""Gene_or_gene_product""}, {""token"": ""TAB1"", ""start_span"": 89, ""end_span"": 93, ""type"": ""Gene_or_gene_product""}, {""token"": ""TAB2"", ""start_span"": 98, ""end_span"": 102, ""type"": ""Gene_or_gene_product""}, {""token"": ""IKK"", ""start_span"": 154, ""end_span"": 157, ""type"": ""Complex""}]"
Moreover, the activity of TAK1 to phosphorylate MKK6, which activates the JNK - p38 kinase pathway, is directly regulated by K63 - linked polyubiquitination.	"TAK1	26	30	Gene_or_gene_product"	"MKK6	48	52	Gene_or_gene_product"	"JNK	74	77	Gene_or_gene_product"	"p38	80	83	Gene_or_gene_product"	"K63	125	128	Chemical"	"[{""token"": ""TAK1"", ""start_span"": 26, ""end_span"": 30, ""type"": ""Gene_or_gene_product""}, {""token"": ""MKK6"", ""start_span"": 48, ""end_span"": 52, ""type"": ""Gene_or_gene_product""}, {""token"": ""JNK"", ""start_span"": 74, ""end_span"": 77, ""type"": ""Gene_or_gene_product""}, {""token"": ""p38"", ""start_span"": 80, ""end_span"": 83, ""type"": ""Gene_or_gene_product""}, {""token"": ""K63"", ""start_span"": 125, ""end_span"": 128, ""type"": ""Chemical""}]"
Chromatin immunoprecipitations show that Rb is necessary to direct methylation of histone H3, and is necessary for binding of HP1 to the cyclin E promoter.	"Chromatin	0	9	Cellular_component"	"Rb	41	43	Gene_or_gene_product"	"histone H3	82	92	Gene_or_gene_product"	"HP1	126	129	Gene_or_gene_product"	"cyclin E	137	145	Gene_or_gene_product"	"[{""token"": ""Chromatin"", ""start_span"": 0, ""end_span"": 9, ""type"": ""Cellular_component""}, {""token"": ""Rb"", ""start_span"": 41, ""end_span"": 43, ""type"": ""Gene_or_gene_product""}, {""token"": ""histone H3"", ""start_span"": 82, ""end_span"": 92, ""type"": ""Gene_or_gene_product""}, {""token"": ""HP1"", ""start_span"": 126, ""end_span"": 129, ""type"": ""Gene_or_gene_product""}, {""token"": ""cyclin E"", ""start_span"": 137, ""end_span"": 145, ""type"": ""Gene_or_gene_product""}]"
Thus, p70S6K is itself a dual pathway kinase, signaling cell survival as well as growth through differential substrates which include mitochondrial BAD and the ribosomal subunit S6, respectively.	"p70S6K	6	12	Gene_or_gene_product"	"mitochondrial	134	147	Cellular_component"	"BAD	148	151	Gene_or_gene_product"	"ribosomal	160	169	Cellular_component"	"S6	178	180	Gene_or_gene_product"	"[{""token"": ""p70S6K"", ""start_span"": 6, ""end_span"": 12, ""type"": ""Gene_or_gene_product""}, {""token"": ""mitochondrial"", ""start_span"": 134, ""end_span"": 147, ""type"": ""Cellular_component""}, {""token"": ""BAD"", ""start_span"": 148, ""end_span"": 151, ""type"": ""Gene_or_gene_product""}, {""token"": ""ribosomal"", ""start_span"": 160, ""end_span"": 169, ""type"": ""Cellular_component""}, {""token"": ""S6"", ""start_span"": 178, ""end_span"": 180, ""type"": ""Gene_or_gene_product""}]"
We found that the inhibition of ODC by alpha - difluoromethylornithine ( DFMO) resulted in a approximately 50% decrease in intracellular putrescine levels within 1 h.	"ODC	32	35	Gene_or_gene_product"	"alpha - difluoromethylornithine	39	70	Chemical"	"DFMO	73	77	Chemical"	"intracellular	123	136	Cellular_component"	"putrescine	137	147	Chemical"	"[{""token"": ""ODC"", ""start_span"": 32, ""end_span"": 35, ""type"": ""Gene_or_gene_product""}, {""token"": ""alpha - difluoromethylornithine"", ""start_span"": 39, ""end_span"": 70, ""type"": ""Chemical""}, {""token"": ""DFMO"", ""start_span"": 73, ""end_span"": 77, ""type"": ""Chemical""}, {""token"": ""intracellular"", ""start_span"": 123, ""end_span"": 136, ""type"": ""Cellular_component""}, {""token"": ""putrescine"", ""start_span"": 137, ""end_span"": 147, ""type"": ""Chemical""}]"
NF - kappa B is activated by DFMO through the degradation of the inhibitory protein I kappa B alpha that sequesters NF - kappa B in the cytoplasm.	"NF - kappa B	0	12	Complex"	"DFMO	29	33	Chemical"	"I kappa B alpha	84	99	Gene_or_gene_product"	"NF - kappa B	116	128	Complex"	"cytoplasm	136	145	Cellular_component"	"[{""token"": ""NF - kappa B"", ""start_span"": 0, ""end_span"": 12, ""type"": ""Complex""}, {""token"": ""DFMO"", ""start_span"": 29, ""end_span"": 33, ""type"": ""Chemical""}, {""token"": ""I kappa B alpha"", ""start_span"": 84, ""end_span"": 99, ""type"": ""Gene_or_gene_product""}, {""token"": ""NF - kappa B"", ""start_span"": 116, ""end_span"": 128, ""type"": ""Complex""}, {""token"": ""cytoplasm"", ""start_span"": 136, ""end_span"": 145, ""type"": ""Cellular_component""}]"
The DFMO - induced NF - kappa B complexes contain the p65 and p50 members of the Rel protein family.	"DFMO	4	8	Chemical"	"NF - kappa B	19	31	Complex"	"p65	54	57	Gene_or_gene_product"	"p50	62	65	Gene_or_gene_product"	"Rel	81	84	Gene_or_gene_product"	"[{""token"": ""DFMO"", ""start_span"": 4, ""end_span"": 8, ""type"": ""Chemical""}, {""token"": ""NF - kappa B"", ""start_span"": 19, ""end_span"": 31, ""type"": ""Complex""}, {""token"": ""p65"", ""start_span"": 54, ""end_span"": 57, ""type"": ""Gene_or_gene_product""}, {""token"": ""p50"", ""start_span"": 62, ""end_span"": 65, ""type"": ""Gene_or_gene_product""}, {""token"": ""Rel"", ""start_span"": 81, ""end_span"": 84, ""type"": ""Gene_or_gene_product""}]"
DFMO - induced NF - kappa B activation was accompanied by the translocation of p65 from the cytoplasm into the nucleus.	"DFMO	0	4	Chemical"	"NF - kappa B	15	27	Complex"	"p65	79	82	Gene_or_gene_product"	"cytoplasm	92	101	Cellular_component"	"nucleus	111	118	Cellular_component"	"[{""token"": ""DFMO"", ""start_span"": 0, ""end_span"": 4, ""type"": ""Chemical""}, {""token"": ""NF - kappa B"", ""start_span"": 15, ""end_span"": 27, ""type"": ""Complex""}, {""token"": ""p65"", ""start_span"": 79, ""end_span"": 82, ""type"": ""Gene_or_gene_product""}, {""token"": ""cytoplasm"", ""start_span"": 92, ""end_span"": 101, ""type"": ""Cellular_component""}, {""token"": ""nucleus"", ""start_span"": 111, ""end_span"": 118, ""type"": ""Cellular_component""}]"
p130 was observed to shuttle between the nucleus and cytoplasm in a heterokaryon fusion assay, suggesting the presence of nuclear and cytoplasmic localization signals.	"p130	0	4	Gene_or_gene_product"	"nucleus	41	48	Cellular_component"	"cytoplasm	53	62	Cellular_component"	"nuclear	122	129	Cellular_component"	"cytoplasmic	134	145	Cellular_component"	"[{""token"": ""p130"", ""start_span"": 0, ""end_span"": 4, ""type"": ""Gene_or_gene_product""}, {""token"": ""nucleus"", ""start_span"": 41, ""end_span"": 48, ""type"": ""Cellular_component""}, {""token"": ""cytoplasm"", ""start_span"": 53, ""end_span"": 62, ""type"": ""Cellular_component""}, {""token"": ""nuclear"", ""start_span"": 122, ""end_span"": 129, ""type"": ""Cellular_component""}, {""token"": ""cytoplasmic"", ""start_span"": 134, ""end_span"": 145, ""type"": ""Cellular_component""}]"
We further show that the initial binding of the Sir2 / Sir4 complex to DNA sites that nucleate silencing, accompanied by partial Sir2 - dependent histone deacetylation, occurs independently of Sir3 and is likely to be the first step in assembly of silent chromatin at the HM loci and telomeres.	"Sir2 / Sir4	48	59	Complex"	"Sir2	129	133	Gene_or_gene_product"	"histone	146	153	Gene_or_gene_product"	"Sir3	193	197	Gene_or_gene_product"	"chromatin	255	264	Cellular_component"	"[{""token"": ""Sir2 / Sir4"", ""start_span"": 48, ""end_span"": 59, ""type"": ""Complex""}, {""token"": ""Sir2"", ""start_span"": 129, ""end_span"": 133, ""type"": ""Gene_or_gene_product""}, {""token"": ""histone"", ""start_span"": 146, ""end_span"": 153, ""type"": ""Gene_or_gene_product""}, {""token"": ""Sir3"", ""start_span"": 193, ""end_span"": 197, ""type"": ""Gene_or_gene_product""}, {""token"": ""chromatin"", ""start_span"": 255, ""end_span"": 264, ""type"": ""Cellular_component""}]"
In serum - stimulated ( S - phase) cells, the composition of the complex switched to E2F1 / 4, DP1 and p107, together with cyclin A and cyclin - dependent kinase 2.	"E2F1 / 4	85	93	Gene_or_gene_product"	"DP1	95	98	Gene_or_gene_product"	"p107	103	107	Gene_or_gene_product"	"cyclin A	123	131	Gene_or_gene_product"	"cyclin - dependent kinase 2	136	163	Gene_or_gene_product"	"[{""token"": ""E2F1 / 4"", ""start_span"": 85, ""end_span"": 93, ""type"": ""Gene_or_gene_product""}, {""token"": ""DP1"", ""start_span"": 95, ""end_span"": 98, ""type"": ""Gene_or_gene_product""}, {""token"": ""p107"", ""start_span"": 103, ""end_span"": 107, ""type"": ""Gene_or_gene_product""}, {""token"": ""cyclin A"", ""start_span"": 123, ""end_span"": 131, ""type"": ""Gene_or_gene_product""}, {""token"": ""cyclin - dependent kinase 2"", ""start_span"": 136, ""end_span"": 163, ""type"": ""Gene_or_gene_product""}]"
The target of rapamycin ( TOR) proteins in Saccharomyces cerevisiae, TOR1 and TOR2, redundantly regulate growth in a rapamycin - sensitive manner.	"target of rapamycin	4	23	Gene_or_gene_product"	"TOR	26	29	Gene_or_gene_product"	"TOR1	69	73	Gene_or_gene_product"	"TOR2	78	82	Gene_or_gene_product"	"rapamycin	117	126	Chemical"	"[{""token"": ""target of rapamycin"", ""start_span"": 4, ""end_span"": 23, ""type"": ""Gene_or_gene_product""}, {""token"": ""TOR"", ""start_span"": 26, ""end_span"": 29, ""type"": ""Gene_or_gene_product""}, {""token"": ""TOR1"", ""start_span"": 69, ""end_span"": 73, ""type"": ""Gene_or_gene_product""}, {""token"": ""TOR2"", ""start_span"": 78, ""end_span"": 82, ""type"": ""Gene_or_gene_product""}, {""token"": ""rapamycin"", ""start_span"": 117, ""end_span"": 126, ""type"": ""Chemical""}]"
The members of the IL - 1 receptor ( IL - 1R) subfamily are characterized by three extracellular immunoglobulin ( Ig) - like domains.	"IL - 1 receptor	19	34	Complex"	"IL - 1R	37	44	Complex"	"extracellular	83	96	Cellular_component"	"immunoglobulin	97	111	Gene_or_gene_product"	"Ig	114	116	Gene_or_gene_product"	"[{""token"": ""IL - 1 receptor"", ""start_span"": 19, ""end_span"": 34, ""type"": ""Complex""}, {""token"": ""IL - 1R"", ""start_span"": 37, ""end_span"": 44, ""type"": ""Complex""}, {""token"": ""extracellular"", ""start_span"": 83, ""end_span"": 96, ""type"": ""Cellular_component""}, {""token"": ""immunoglobulin"", ""start_span"": 97, ""end_span"": 111, ""type"": ""Gene_or_gene_product""}, {""token"": ""Ig"", ""start_span"": 114, ""end_span"": 116, ""type"": ""Gene_or_gene_product""}]"
Significantly, prolonged phosphorylation of Syk correlated with reduced ubiquitination of Syk indicating that Cbl - b negatively regulates BCR signaling by targeting Syk for ubiquitination.	"Syk	44	47	Gene_or_gene_product"	"Syk	90	93	Gene_or_gene_product"	"Cbl - b	110	117	Gene_or_gene_product"	"BCR	139	142	Gene_or_gene_product"	"Syk	166	169	Gene_or_gene_product"	"[{""token"": ""Syk"", ""start_span"": 44, ""end_span"": 47, ""type"": ""Gene_or_gene_product""}, {""token"": ""Syk"", ""start_span"": 90, ""end_span"": 93, ""type"": ""Gene_or_gene_product""}, {""token"": ""Cbl - b"", ""start_span"": 110, ""end_span"": 117, ""type"": ""Gene_or_gene_product""}, {""token"": ""BCR"", ""start_span"": 139, ""end_span"": 142, ""type"": ""Gene_or_gene_product""}, {""token"": ""Syk"", ""start_span"": 166, ""end_span"": 169, ""type"": ""Gene_or_gene_product""}]"
Gram - negative bacterial lipopolysaccharide also activates macrophages via a toll - like receptor pathway ( TLR - 4), but we and others have reported that lipopolysaccharide also stimulates tyrosine phosphorylation in macrophages.	"lipopolysaccharide	26	44	Chemical"	"toll - like receptor	78	98	Gene_or_gene_product"	"TLR - 4	109	116	Gene_or_gene_product"	"lipopolysaccharide	156	174	Chemical"	"tyrosine	191	199	Chemical"	"[{""token"": ""lipopolysaccharide"", ""start_span"": 26, ""end_span"": 44, ""type"": ""Chemical""}, {""token"": ""toll - like receptor"", ""start_span"": 78, ""end_span"": 98, ""type"": ""Gene_or_gene_product""}, {""token"": ""TLR - 4"", ""start_span"": 109, ""end_span"": 116, ""type"": ""Gene_or_gene_product""}, {""token"": ""lipopolysaccharide"", ""start_span"": 156, ""end_span"": 174, ""type"": ""Chemical""}, {""token"": ""tyrosine"", ""start_span"": 191, ""end_span"": 199, ""type"": ""Chemical""}]"
Cells containing mutant Nijmegen breakage syndrome protein ( NBS1), a component of the Mre11 - Rad50 DNA repair complex, also have attenuated p53 phosphorylation and apoptosis in response to E2F1 expression.	"Nijmegen breakage syndrome protein	24	58	Gene_or_gene_product"	"NBS1	61	65	Gene_or_gene_product"	"Mre11 - Rad50	87	100	Complex"	"p53	142	145	Gene_or_gene_product"	"E2F1	191	195	Gene_or_gene_product"	"[{""token"": ""Nijmegen breakage syndrome protein"", ""start_span"": 24, ""end_span"": 58, ""type"": ""Gene_or_gene_product""}, {""token"": ""NBS1"", ""start_span"": 61, ""end_span"": 65, ""type"": ""Gene_or_gene_product""}, {""token"": ""Mre11 - Rad50"", ""start_span"": 87, ""end_span"": 100, ""type"": ""Complex""}, {""token"": ""p53"", ""start_span"": 142, ""end_span"": 145, ""type"": ""Gene_or_gene_product""}, {""token"": ""E2F1"", ""start_span"": 191, ""end_span"": 195, ""type"": ""Gene_or_gene_product""}]"
Delayed gammaH2AX phosphorylation and absence of ATM autophosphorylation at Ser1981 suggest that E2F1 stimulates ATM through a unique mechanism that is distinct from agents that cause DNA double - strand breaks.	"gammaH2AX	8	17	Gene_or_gene_product"	"ATM	49	52	Gene_or_gene_product"	"Ser1981	76	83	Chemical"	"E2F1	97	101	Gene_or_gene_product"	"ATM	113	116	Gene_or_gene_product"	"[{""token"": ""gammaH2AX"", ""start_span"": 8, ""end_span"": 17, ""type"": ""Gene_or_gene_product""}, {""token"": ""ATM"", ""start_span"": 49, ""end_span"": 52, ""type"": ""Gene_or_gene_product""}, {""token"": ""Ser1981"", ""start_span"": 76, ""end_span"": 83, ""type"": ""Chemical""}, {""token"": ""E2F1"", ""start_span"": 97, ""end_span"": 101, ""type"": ""Gene_or_gene_product""}, {""token"": ""ATM"", ""start_span"": 113, ""end_span"": 116, ""type"": ""Gene_or_gene_product""}]"
MCM10 and TopBP1 function in the initiation of DNA replication, by regulating the chromatin binding of the DNA polymerase alpha loading factor, CDC45.	"MCM10	0	5	Gene_or_gene_product"	"TopBP1	10	16	Gene_or_gene_product"	"chromatin	82	91	Cellular_component"	"DNA polymerase alpha	107	127	Complex"	"CDC45	144	149	Gene_or_gene_product"	"[{""token"": ""MCM10"", ""start_span"": 0, ""end_span"": 5, ""type"": ""Gene_or_gene_product""}, {""token"": ""TopBP1"", ""start_span"": 10, ""end_span"": 16, ""type"": ""Gene_or_gene_product""}, {""token"": ""chromatin"", ""start_span"": 82, ""end_span"": 91, ""type"": ""Cellular_component""}, {""token"": ""DNA polymerase alpha"", ""start_span"": 107, ""end_span"": 127, ""type"": ""Complex""}, {""token"": ""CDC45"", ""start_span"": 144, ""end_span"": 149, ""type"": ""Gene_or_gene_product""}]"
We showed, by performing chromatin immunoprecipitation that, in response to UV irradiation but not doxorubicin treatment, E2F4 accumulated on the MCM10 and TopBP1 promoters.	"chromatin	25	34	Cellular_component"	"doxorubicin	99	110	Chemical"	"E2F4	122	126	Gene_or_gene_product"	"MCM10	146	151	Gene_or_gene_product"	"TopBP1	156	162	Gene_or_gene_product"	"[{""token"": ""chromatin"", ""start_span"": 25, ""end_span"": 34, ""type"": ""Cellular_component""}, {""token"": ""doxorubicin"", ""start_span"": 99, ""end_span"": 110, ""type"": ""Chemical""}, {""token"": ""E2F4"", ""start_span"": 122, ""end_span"": 126, ""type"": ""Gene_or_gene_product""}, {""token"": ""MCM10"", ""start_span"": 146, ""end_span"": 151, ""type"": ""Gene_or_gene_product""}, {""token"": ""TopBP1"", ""start_span"": 156, ""end_span"": 162, ""type"": ""Gene_or_gene_product""}]"
The Rel homology domain is particularly highly conserved between chicken and mammalian p50, and an in vitro - synthesized, truncated chicken p105 protein, containing sequences that correspond to the predicted p50 protein, bound to a consensus kappa B site in an electrophoretic mobility shift assay.	"Rel	4	7	Gene_or_gene_product"	"p50	87	90	Gene_or_gene_product"	"p105	141	145	Gene_or_gene_product"	"p50	209	212	Gene_or_gene_product"	"kappa B	243	250	Complex"	"[{""token"": ""Rel"", ""start_span"": 4, ""end_span"": 7, ""type"": ""Gene_or_gene_product""}, {""token"": ""p50"", ""start_span"": 87, ""end_span"": 90, ""type"": ""Gene_or_gene_product""}, {""token"": ""p105"", ""start_span"": 141, ""end_span"": 145, ""type"": ""Gene_or_gene_product""}, {""token"": ""p50"", ""start_span"": 209, ""end_span"": 212, ""type"": ""Gene_or_gene_product""}, {""token"": ""kappa B"", ""start_span"": 243, ""end_span"": 250, ""type"": ""Complex""}]"
Immunodetection studies revealed that endogenous E2F1 and E2F2 proteins were cytoplasmic in myoblasts and myotubes, whereas E2F4 was abundant in the nuclei of both.	"E2F1	49	53	Gene_or_gene_product"	"E2F2	58	62	Gene_or_gene_product"	"cytoplasmic	77	88	Cellular_component"	"E2F4	124	128	Gene_or_gene_product"	"nuclei	149	155	Cellular_component"	"[{""token"": ""E2F1"", ""start_span"": 49, ""end_span"": 53, ""type"": ""Gene_or_gene_product""}, {""token"": ""E2F2"", ""start_span"": 58, ""end_span"": 62, ""type"": ""Gene_or_gene_product""}, {""token"": ""cytoplasmic"", ""start_span"": 77, ""end_span"": 88, ""type"": ""Cellular_component""}, {""token"": ""E2F4"", ""start_span"": 124, ""end_span"": 128, ""type"": ""Gene_or_gene_product""}, {""token"": ""nuclei"", ""start_span"": 149, ""end_span"": 155, ""type"": ""Cellular_component""}]"
Upon overexpression, E2F4 repressed FGFR1 promoter activity in a dose - dependent manner in myoblasts and Drosophila SL2 cells, and mutation of the E2F4 binding site increased FGFR1 promoter activity and reduced E2F4 - mediated repression.	"E2F4	21	25	Gene_or_gene_product"	"FGFR1	36	41	Gene_or_gene_product"	"E2F4	148	152	Gene_or_gene_product"	"FGFR1	176	181	Gene_or_gene_product"	"E2F4	212	216	Gene_or_gene_product"	"[{""token"": ""E2F4"", ""start_span"": 21, ""end_span"": 25, ""type"": ""Gene_or_gene_product""}, {""token"": ""FGFR1"", ""start_span"": 36, ""end_span"": 41, ""type"": ""Gene_or_gene_product""}, {""token"": ""E2F4"", ""start_span"": 148, ""end_span"": 152, ""type"": ""Gene_or_gene_product""}, {""token"": ""FGFR1"", ""start_span"": 176, ""end_span"": 181, ""type"": ""Gene_or_gene_product""}, {""token"": ""E2F4"", ""start_span"": 212, ""end_span"": 216, ""type"": ""Gene_or_gene_product""}]"
Here we demonstrate that DAP treatment of human cancer cells activates the p53 - p21 pathway without activating other known mechanisms that inhibit Cdk4 and Cdk2 activities.	"DAP	25	28	Chemical"	"p53	75	78	Gene_or_gene_product"	"p21	81	84	Gene_or_gene_product"	"Cdk4	148	152	Gene_or_gene_product"	"Cdk2	157	161	Gene_or_gene_product"	"[{""token"": ""DAP"", ""start_span"": 25, ""end_span"": 28, ""type"": ""Chemical""}, {""token"": ""p53"", ""start_span"": 75, ""end_span"": 78, ""type"": ""Gene_or_gene_product""}, {""token"": ""p21"", ""start_span"": 81, ""end_span"": 84, ""type"": ""Gene_or_gene_product""}, {""token"": ""Cdk4"", ""start_span"": 148, ""end_span"": 152, ""type"": ""Gene_or_gene_product""}, {""token"": ""Cdk2"", ""start_span"": 157, ""end_span"": 161, ""type"": ""Gene_or_gene_product""}]"
Attenuated p53 expression and p21 induction also eliminates DAP - induced G ( 1) - phase arrest and inhibition of Cdk4 and Cdk2 activities.	"p53	11	14	Gene_or_gene_product"	"p21	30	33	Gene_or_gene_product"	"DAP	60	63	Chemical"	"Cdk4	114	118	Gene_or_gene_product"	"Cdk2	123	127	Gene_or_gene_product"	"[{""token"": ""p53"", ""start_span"": 11, ""end_span"": 14, ""type"": ""Gene_or_gene_product""}, {""token"": ""p21"", ""start_span"": 30, ""end_span"": 33, ""type"": ""Gene_or_gene_product""}, {""token"": ""DAP"", ""start_span"": 60, ""end_span"": 63, ""type"": ""Chemical""}, {""token"": ""Cdk4"", ""start_span"": 114, ""end_span"": 118, ""type"": ""Gene_or_gene_product""}, {""token"": ""Cdk2"", ""start_span"": 123, ""end_span"": 127, ""type"": ""Gene_or_gene_product""}]"
The sphingoid long chain base phytosphingosine activates AGC - type protein kinases in Saccharomyces cerevisiae including Ypk1, Ypk2, and Sch9.	"sphingoid	4	13	Chemical"	"phytosphingosine	30	46	Chemical"	"Ypk1	122	126	Gene_or_gene_product"	"Ypk2	128	132	Gene_or_gene_product"	"Sch9	138	142	Gene_or_gene_product"	"[{""token"": ""sphingoid"", ""start_span"": 4, ""end_span"": 13, ""type"": ""Chemical""}, {""token"": ""phytosphingosine"", ""start_span"": 30, ""end_span"": 46, ""type"": ""Chemical""}, {""token"": ""Ypk1"", ""start_span"": 122, ""end_span"": 126, ""type"": ""Gene_or_gene_product""}, {""token"": ""Ypk2"", ""start_span"": 128, ""end_span"": 132, ""type"": ""Gene_or_gene_product""}, {""token"": ""Sch9"", ""start_span"": 138, ""end_span"": 142, ""type"": ""Gene_or_gene_product""}]"
During myotube hypertrophy, the increase in RNA content was accompanied by an increase in tumor suppressor protein retinoblastoma ( Rb) phosphorylation and a corresponding increase in the availability of the ribosomal DNA transcription factor upstream binding factor ( UBF).	"retinoblastoma	115	129	Gene_or_gene_product"	"Rb	132	134	Gene_or_gene_product"	"ribosomal	208	217	Cellular_component"	"upstream binding factor	243	266	Gene_or_gene_product"	"UBF	269	272	Gene_or_gene_product"	"[{""token"": ""retinoblastoma"", ""start_span"": 115, ""end_span"": 129, ""type"": ""Gene_or_gene_product""}, {""token"": ""Rb"", ""start_span"": 132, ""end_span"": 134, ""type"": ""Gene_or_gene_product""}, {""token"": ""ribosomal"", ""start_span"": 208, ""end_span"": 217, ""type"": ""Cellular_component""}, {""token"": ""upstream binding factor"", ""start_span"": 243, ""end_span"": 266, ""type"": ""Gene_or_gene_product""}, {""token"": ""UBF"", ""start_span"": 269, ""end_span"": 272, ""type"": ""Gene_or_gene_product""}]"
The increases in myotube hypertrophy and RNA content were blocked by rapamycin treatment, which also prevented the increase in cyclin D1 protein expression, CDK - 4 activity, Rb phosphorylation, and the increase in UBF availability.	"rapamycin	69	78	Chemical"	"cyclin D1	127	136	Gene_or_gene_product"	"CDK - 4	157	164	Gene_or_gene_product"	"Rb	175	177	Gene_or_gene_product"	"UBF	215	218	Gene_or_gene_product"	"[{""token"": ""rapamycin"", ""start_span"": 69, ""end_span"": 78, ""type"": ""Chemical""}, {""token"": ""cyclin D1"", ""start_span"": 127, ""end_span"": 136, ""type"": ""Gene_or_gene_product""}, {""token"": ""CDK - 4"", ""start_span"": 157, ""end_span"": 164, ""type"": ""Gene_or_gene_product""}, {""token"": ""Rb"", ""start_span"": 175, ""end_span"": 177, ""type"": ""Gene_or_gene_product""}, {""token"": ""UBF"", ""start_span"": 215, ""end_span"": 218, ""type"": ""Gene_or_gene_product""}]"
The N terminus of Crt1 is the major repression domain, it directly binds to the Ssn6 - Tup1 complex, and its repression activities are dependent upon Ssn6 - Tup1 and histone deacetylases ( HDACs).	"Crt1	18	22	Gene_or_gene_product"	"Ssn6 - Tup1	80	91	Complex"	"Ssn6 - Tup1	150	161	Complex"	"histone deacetylases	166	186	Gene_or_gene_product"	"HDACs	189	194	Gene_or_gene_product"	"[{""token"": ""Crt1"", ""start_span"": 18, ""end_span"": 22, ""type"": ""Gene_or_gene_product""}, {""token"": ""Ssn6 - Tup1"", ""start_span"": 80, ""end_span"": 91, ""type"": ""Complex""}, {""token"": ""Ssn6 - Tup1"", ""start_span"": 150, ""end_span"": 161, ""type"": ""Complex""}, {""token"": ""histone deacetylases"", ""start_span"": 166, ""end_span"": 186, ""type"": ""Gene_or_gene_product""}, {""token"": ""HDACs"", ""start_span"": 189, ""end_span"": 194, ""type"": ""Gene_or_gene_product""}]"
Furthermore, we show that TFIID and SWI / SNF bind to a region within the N terminus of Crt1, overlapping with but distinct from the Ssn6 - Tup1 binding and repression domain, suggesting that Crt1 may have activator functions.	"TFIID	26	31	Gene_or_gene_product"	"SWI / SNF	36	45	Complex"	"Crt1	88	92	Gene_or_gene_product"	"Ssn6 - Tup1	133	144	Complex"	"Crt1	192	196	Gene_or_gene_product"	"[{""token"": ""TFIID"", ""start_span"": 26, ""end_span"": 31, ""type"": ""Gene_or_gene_product""}, {""token"": ""SWI / SNF"", ""start_span"": 36, ""end_span"": 45, ""type"": ""Complex""}, {""token"": ""Crt1"", ""start_span"": 88, ""end_span"": 92, ""type"": ""Gene_or_gene_product""}, {""token"": ""Ssn6 - Tup1"", ""start_span"": 133, ""end_span"": 144, ""type"": ""Complex""}, {""token"": ""Crt1"", ""start_span"": 192, ""end_span"": 196, ""type"": ""Gene_or_gene_product""}]"
Dietary heme iron is an important nutritional source of iron in carnivores and omnivores that is more readily absorbed than non - heme iron derived from vegetables and grain.	"heme	8	12	Chemical"	"iron	13	17	Chemical"	"iron	56	60	Chemical"	"heme	130	134	Chemical"	"iron	135	139	Chemical"	"[{""token"": ""heme"", ""start_span"": 8, ""end_span"": 12, ""type"": ""Chemical""}, {""token"": ""iron"", ""start_span"": 13, ""end_span"": 17, ""type"": ""Chemical""}, {""token"": ""iron"", ""start_span"": 56, ""end_span"": 60, ""type"": ""Chemical""}, {""token"": ""heme"", ""start_span"": 130, ""end_span"": 134, ""type"": ""Chemical""}, {""token"": ""iron"", ""start_span"": 135, ""end_span"": 139, ""type"": ""Chemical""}]"
"In the "" canonical "" Wnt signaling pathway, Disheveled ( Dvl) is required to functionally inhibit the activity of the GSK3beta / Axin complex and thereby stabilize beta - catenin."	"Wnt	21	24	Gene_or_gene_product"	"Disheveled	44	54	Gene_or_gene_product"	"Dvl	57	60	Gene_or_gene_product"	"GSK3beta / Axin	118	133	Complex"	"beta - catenin	164	178	Gene_or_gene_product"	"[{""token"": ""Wnt"", ""start_span"": 21, ""end_span"": 24, ""type"": ""Gene_or_gene_product""}, {""token"": ""Disheveled"", ""start_span"": 44, ""end_span"": 54, ""type"": ""Gene_or_gene_product""}, {""token"": ""Dvl"", ""start_span"": 57, ""end_span"": 60, ""type"": ""Gene_or_gene_product""}, {""token"": ""GSK3beta / Axin"", ""start_span"": 118, ""end_span"": 133, ""type"": ""Complex""}, {""token"": ""beta - catenin"", ""start_span"": 164, ""end_span"": 178, ""type"": ""Gene_or_gene_product""}]"
We show that GSK3beta / Axin complexes are rapidly ( t1 / 2 < 3 min) disrupted upon Wnt stimulation and that changes in GSK3beta / Axin association substantially precede both beta - catenin stabilization and Axin degradation.	"GSK3beta / Axin	13	28	Complex"	"Wnt	84	87	Gene_or_gene_product"	"GSK3beta / Axin	120	135	Complex"	"beta - catenin	175	189	Gene_or_gene_product"	"Axin	208	212	Gene_or_gene_product"	"[{""token"": ""GSK3beta / Axin"", ""start_span"": 13, ""end_span"": 28, ""type"": ""Complex""}, {""token"": ""Wnt"", ""start_span"": 84, ""end_span"": 87, ""type"": ""Gene_or_gene_product""}, {""token"": ""GSK3beta / Axin"", ""start_span"": 120, ""end_span"": 135, ""type"": ""Complex""}, {""token"": ""beta - catenin"", ""start_span"": 175, ""end_span"": 189, ""type"": ""Gene_or_gene_product""}, {""token"": ""Axin"", ""start_span"": 208, ""end_span"": 212, ""type"": ""Gene_or_gene_product""}]"
We further demonstrate that depletion of Galpha ( o) or Galpha ( q) will inhibit, respectively, the Wnt - induced disruption of GSK3beta / Axin2 and GSK3beta / Axin complexes and diminish Wnt stabilization of beta - catenin.	"Wnt	100	103	Gene_or_gene_product"	"GSK3beta / Axin2	128	144	Complex"	"GSK3beta / Axin	149	164	Complex"	"Wnt	188	191	Gene_or_gene_product"	"beta - catenin	209	223	Gene_or_gene_product"	"[{""token"": ""Wnt"", ""start_span"": 100, ""end_span"": 103, ""type"": ""Gene_or_gene_product""}, {""token"": ""GSK3beta / Axin2"", ""start_span"": 128, ""end_span"": 144, ""type"": ""Complex""}, {""token"": ""GSK3beta / Axin"", ""start_span"": 149, ""end_span"": 164, ""type"": ""Complex""}, {""token"": ""Wnt"", ""start_span"": 188, ""end_span"": 191, ""type"": ""Gene_or_gene_product""}, {""token"": ""beta - catenin"", ""start_span"": 209, ""end_span"": 223, ""type"": ""Gene_or_gene_product""}]"
We also show that direct activation of G proteins in vivo with GTPgammaS in the absence of exogenous Wnt will disrupt GSK3beta / Axin2 complexes and stabilize beta - catenin.	"G proteins	39	49	Gene_or_gene_product"	"GTPgammaS	63	72	Gene_or_gene_product"	"Wnt	101	104	Gene_or_gene_product"	"GSK3beta / Axin2	118	134	Complex"	"beta - catenin	159	173	Gene_or_gene_product"	"[{""token"": ""G proteins"", ""start_span"": 39, ""end_span"": 49, ""type"": ""Gene_or_gene_product""}, {""token"": ""GTPgammaS"", ""start_span"": 63, ""end_span"": 72, ""type"": ""Gene_or_gene_product""}, {""token"": ""Wnt"", ""start_span"": 101, ""end_span"": 104, ""type"": ""Gene_or_gene_product""}, {""token"": ""GSK3beta / Axin2"", ""start_span"": 118, ""end_span"": 134, ""type"": ""Complex""}, {""token"": ""beta - catenin"", ""start_span"": 159, ""end_span"": 173, ""type"": ""Gene_or_gene_product""}]"
Phosphorylation of the chromosomal passenger protein Bir1 is required for localization of Ndc10 to the spindle during anaphase and full spindle elongation.	"chromosomal	23	34	Cellular_component"	"Bir1	53	57	Gene_or_gene_product"	"Ndc10	90	95	Gene_or_gene_product"	"spindle	103	110	Cellular_component"	"spindle	136	143	Cellular_component"	"[{""token"": ""chromosomal"", ""start_span"": 23, ""end_span"": 34, ""type"": ""Cellular_component""}, {""token"": ""Bir1"", ""start_span"": 53, ""end_span"": 57, ""type"": ""Gene_or_gene_product""}, {""token"": ""Ndc10"", ""start_span"": 90, ""end_span"": 95, ""type"": ""Gene_or_gene_product""}, {""token"": ""spindle"", ""start_span"": 103, ""end_span"": 110, ""type"": ""Cellular_component""}, {""token"": ""spindle"", ""start_span"": 136, ""end_span"": 143, ""type"": ""Cellular_component""}]"
Cellular depletion of mdm2 was reproducible in p53 - null cells transfected with the HCMV IE2 - 86 protein, but not with IE172, independently of the endogenous mdm2 promoter.	"mdm2	22	26	Gene_or_gene_product"	"p53	47	50	Gene_or_gene_product"	"IE2 - 86	90	98	Gene_or_gene_product"	"IE172	121	126	Gene_or_gene_product"	"mdm2	160	164	Gene_or_gene_product"	"[{""token"": ""mdm2"", ""start_span"": 22, ""end_span"": 26, ""type"": ""Gene_or_gene_product""}, {""token"": ""p53"", ""start_span"": 47, ""end_span"": 50, ""type"": ""Gene_or_gene_product""}, {""token"": ""IE2 - 86"", ""start_span"": 90, ""end_span"": 98, ""type"": ""Gene_or_gene_product""}, {""token"": ""IE172"", ""start_span"": 121, ""end_span"": 126, ""type"": ""Gene_or_gene_product""}, {""token"": ""mdm2"", ""start_span"": 160, ""end_span"": 164, ""type"": ""Gene_or_gene_product""}]"
Pulse - chase experiments revealed that IE2 - 86 but not IE1 - 72 or several loss - of - function IE2 - 86 mutants increased the half - life of p53 and reduced the half - life of mdm2.	"IE2 - 86	40	48	Gene_or_gene_product"	"IE1 - 72	57	65	Gene_or_gene_product"	"IE2 - 86	98	106	Gene_or_gene_product"	"p53	144	147	Gene_or_gene_product"	"mdm2	179	183	Gene_or_gene_product"	"[{""token"": ""IE2 - 86"", ""start_span"": 40, ""end_span"": 48, ""type"": ""Gene_or_gene_product""}, {""token"": ""IE1 - 72"", ""start_span"": 57, ""end_span"": 65, ""type"": ""Gene_or_gene_product""}, {""token"": ""IE2 - 86"", ""start_span"": 98, ""end_span"": 106, ""type"": ""Gene_or_gene_product""}, {""token"": ""p53"", ""start_span"": 144, ""end_span"": 147, ""type"": ""Gene_or_gene_product""}, {""token"": ""mdm2"", ""start_span"": 179, ""end_span"": 183, ""type"": ""Gene_or_gene_product""}]"
We show that hamartin colocalizes with hypophosphorylated tuberin at the membrane, where tuberin exerts its GTPase - activating protein ( GAP) activity to repress Rheb signaling.	"hamartin	13	21	Gene_or_gene_product"	"tuberin	58	65	Gene_or_gene_product"	"membrane	73	81	Cellular_component"	"tuberin	89	96	Gene_or_gene_product"	"Rheb	163	167	Gene_or_gene_product"	"[{""token"": ""hamartin"", ""start_span"": 13, ""end_span"": 21, ""type"": ""Gene_or_gene_product""}, {""token"": ""tuberin"", ""start_span"": 58, ""end_span"": 65, ""type"": ""Gene_or_gene_product""}, {""token"": ""membrane"", ""start_span"": 73, ""end_span"": 81, ""type"": ""Cellular_component""}, {""token"": ""tuberin"", ""start_span"": 89, ""end_span"": 96, ""type"": ""Gene_or_gene_product""}, {""token"": ""Rheb"", ""start_span"": 163, ""end_span"": 167, ""type"": ""Gene_or_gene_product""}]"
Downstream consequences of lowering p21 ( WAF1) levels included a proportional loss of cyclin E / CDK2 complexes bound to p21 ( WAF1).	"p21	36	39	Gene_or_gene_product"	"WAF1	42	46	Gene_or_gene_product"	"cyclin E / CDK2	87	102	Complex"	"p21	122	125	Gene_or_gene_product"	"WAF1	128	132	Gene_or_gene_product"	"[{""token"": ""p21"", ""start_span"": 36, ""end_span"": 39, ""type"": ""Gene_or_gene_product""}, {""token"": ""WAF1"", ""start_span"": 42, ""end_span"": 46, ""type"": ""Gene_or_gene_product""}, {""token"": ""cyclin E / CDK2"", ""start_span"": 87, ""end_span"": 102, ""type"": ""Complex""}, {""token"": ""p21"", ""start_span"": 122, ""end_span"": 125, ""type"": ""Gene_or_gene_product""}, {""token"": ""WAF1"", ""start_span"": 128, ""end_span"": 132, ""type"": ""Gene_or_gene_product""}]"
p21 induction leads to increased p21 complex formation with cyclin E / CDK2, which occurs when cyclin E and CDK2 levels remain constant.	"p21	0	3	Gene_or_gene_product"	"p21	33	36	Gene_or_gene_product"	"cyclin E / CDK2	60	75	Complex"	"cyclin E	95	103	Gene_or_gene_product"	"CDK2	108	112	Gene_or_gene_product"	"[{""token"": ""p21"", ""start_span"": 0, ""end_span"": 3, ""type"": ""Gene_or_gene_product""}, {""token"": ""p21"", ""start_span"": 33, ""end_span"": 36, ""type"": ""Gene_or_gene_product""}, {""token"": ""cyclin E / CDK2"", ""start_span"": 60, ""end_span"": 75, ""type"": ""Complex""}, {""token"": ""cyclin E"", ""start_span"": 95, ""end_span"": 103, ""type"": ""Gene_or_gene_product""}, {""token"": ""CDK2"", ""start_span"": 108, ""end_span"": 112, ""type"": ""Gene_or_gene_product""}]"
Data presented here suggest a novel RA - signaling, by which RA - induced p21 induction and complex formation with cyclin E / CDK2 diverts CDK2 function from normally driving proliferation to alternatively promoting apoptosis.	"RA	36	38	Chemical"	"RA	61	63	Chemical"	"p21	74	77	Gene_or_gene_product"	"cyclin E / CDK2	115	130	Complex"	"CDK2	139	143	Gene_or_gene_product"	"[{""token"": ""RA"", ""start_span"": 36, ""end_span"": 38, ""type"": ""Chemical""}, {""token"": ""RA"", ""start_span"": 61, ""end_span"": 63, ""type"": ""Chemical""}, {""token"": ""p21"", ""start_span"": 74, ""end_span"": 77, ""type"": ""Gene_or_gene_product""}, {""token"": ""cyclin E / CDK2"", ""start_span"": 115, ""end_span"": 130, ""type"": ""Complex""}, {""token"": ""CDK2"", ""start_span"": 139, ""end_span"": 143, ""type"": ""Gene_or_gene_product""}]"
In addition, genotoxic agents increased nuclear p53 immunoreactivity, whereas STS produced rapid cytoplasmic p53 accumulation.	"nuclear	40	47	Cellular_component"	"p53	48	51	Gene_or_gene_product"	"STS	78	81	Chemical"	"cytoplasmic	97	108	Cellular_component"	"p53	109	112	Gene_or_gene_product"	"[{""token"": ""nuclear"", ""start_span"": 40, ""end_span"": 47, ""type"": ""Cellular_component""}, {""token"": ""p53"", ""start_span"": 48, ""end_span"": 51, ""type"": ""Gene_or_gene_product""}, {""token"": ""STS"", ""start_span"": 78, ""end_span"": 81, ""type"": ""Chemical""}, {""token"": ""cytoplasmic"", ""start_span"": 97, ""end_span"": 108, ""type"": ""Cellular_component""}, {""token"": ""p53"", ""start_span"": 109, ""end_span"": 112, ""type"": ""Gene_or_gene_product""}]"
These results suggest that STS - induced cerebellar NPC death requires a direct effect of p53 on cytoplasmic apoptotic mediators, whereas genotoxin - induced death requires p53 - dependent gene transcription of PUMA.	"STS	27	30	Chemical"	"p53	90	93	Gene_or_gene_product"	"cytoplasmic	97	108	Cellular_component"	"p53	173	176	Gene_or_gene_product"	"PUMA	211	215	Gene_or_gene_product"	"[{""token"": ""STS"", ""start_span"": 27, ""end_span"": 30, ""type"": ""Chemical""}, {""token"": ""p53"", ""start_span"": 90, ""end_span"": 93, ""type"": ""Gene_or_gene_product""}, {""token"": ""cytoplasmic"", ""start_span"": 97, ""end_span"": 108, ""type"": ""Cellular_component""}, {""token"": ""p53"", ""start_span"": 173, ""end_span"": 176, ""type"": ""Gene_or_gene_product""}, {""token"": ""PUMA"", ""start_span"": 211, ""end_span"": 215, ""type"": ""Gene_or_gene_product""}]"
Importantly, this allows Y88 - phosphorylated p27 to be efficiently phosphorylated on threonine 187 by Cdk2 which in turn promotes its SCF - Skp2 - dependent degradation.	"Y88	25	28	Chemical"	"p27	46	49	Gene_or_gene_product"	"threonine 187	86	99	Chemical"	"Cdk2	103	107	Gene_or_gene_product"	"Skp2	141	145	Gene_or_gene_product"	"[{""token"": ""Y88"", ""start_span"": 25, ""end_span"": 28, ""type"": ""Chemical""}, {""token"": ""p27"", ""start_span"": 46, ""end_span"": 49, ""type"": ""Gene_or_gene_product""}, {""token"": ""threonine 187"", ""start_span"": 86, ""end_span"": 99, ""type"": ""Chemical""}, {""token"": ""Cdk2"", ""start_span"": 103, ""end_span"": 107, ""type"": ""Gene_or_gene_product""}, {""token"": ""Skp2"", ""start_span"": 141, ""end_span"": 145, ""type"": ""Gene_or_gene_product""}]"
The binding of S6K1 and 4E - BP1 to raptor requires a TOR signaling ( TOS) motif, which contains an essential Phe followed by four alternating acidic and small hydrophobic amino acids.	"S6K1	15	19	Gene_or_gene_product"	"4E - BP1	24	32	Gene_or_gene_product"	"raptor	36	42	Gene_or_gene_product"	"TOR	54	57	Gene_or_gene_product"	"Phe	110	113	Chemical"	"[{""token"": ""S6K1"", ""start_span"": 15, ""end_span"": 19, ""type"": ""Gene_or_gene_product""}, {""token"": ""4E - BP1"", ""start_span"": 24, ""end_span"": 32, ""type"": ""Gene_or_gene_product""}, {""token"": ""raptor"", ""start_span"": 36, ""end_span"": 42, ""type"": ""Gene_or_gene_product""}, {""token"": ""TOR"", ""start_span"": 54, ""end_span"": 57, ""type"": ""Gene_or_gene_product""}, {""token"": ""Phe"", ""start_span"": 110, ""end_span"": 113, ""type"": ""Chemical""}]"
The MDM2 - p53 complex is an attractive target for therapeutic intervention in cancer cells with intact tumor suppressor p53, as it offers the possibility of releasing p53 by blocking the MDM2 - p53 binding site with a small molecule antagonist to promote apoptosis.	"MDM2 - p53	4	14	Complex"	"p53	121	124	Gene_or_gene_product"	"p53	168	171	Gene_or_gene_product"	"MDM2	188	192	Gene_or_gene_product"	"p53	195	198	Gene_or_gene_product"	"[{""token"": ""MDM2 - p53"", ""start_span"": 4, ""end_span"": 14, ""type"": ""Complex""}, {""token"": ""p53"", ""start_span"": 121, ""end_span"": 124, ""type"": ""Gene_or_gene_product""}, {""token"": ""p53"", ""start_span"": 168, ""end_span"": 171, ""type"": ""Gene_or_gene_product""}, {""token"": ""MDM2"", ""start_span"": 188, ""end_span"": 192, ""type"": ""Gene_or_gene_product""}, {""token"": ""p53"", ""start_span"": 195, ""end_span"": 198, ""type"": ""Gene_or_gene_product""}]"
Here, we show that an MAR binding protein SMAR1 interacts with MDM2 and the Ser15 phosphorylated form of p53, forming a ternary complex in the post stress - recovery phase.	"MAR	22	25	Gene_or_gene_product"	"SMAR1	42	47	Gene_or_gene_product"	"MDM2	63	67	Gene_or_gene_product"	"Ser15	76	81	Chemical"	"p53	105	108	Gene_or_gene_product"	"[{""token"": ""MAR"", ""start_span"": 22, ""end_span"": 25, ""type"": ""Gene_or_gene_product""}, {""token"": ""SMAR1"", ""start_span"": 42, ""end_span"": 47, ""type"": ""Gene_or_gene_product""}, {""token"": ""MDM2"", ""start_span"": 63, ""end_span"": 67, ""type"": ""Gene_or_gene_product""}, {""token"": ""Ser15"", ""start_span"": 76, ""end_span"": 81, ""type"": ""Chemical""}, {""token"": ""p53"", ""start_span"": 105, ""end_span"": 108, ""type"": ""Gene_or_gene_product""}]"
This triple complex formation between p53, MDM2 and SMAR1 results in recruitment of HDAC1 to deacetylate p53.	"p53	38	41	Gene_or_gene_product"	"MDM2	43	47	Gene_or_gene_product"	"SMAR1	52	57	Gene_or_gene_product"	"HDAC1	84	89	Gene_or_gene_product"	"p53	105	108	Gene_or_gene_product"	"[{""token"": ""p53"", ""start_span"": 38, ""end_span"": 41, ""type"": ""Gene_or_gene_product""}, {""token"": ""MDM2"", ""start_span"": 43, ""end_span"": 47, ""type"": ""Gene_or_gene_product""}, {""token"": ""SMAR1"", ""start_span"": 52, ""end_span"": 57, ""type"": ""Gene_or_gene_product""}, {""token"": ""HDAC1"", ""start_span"": 84, ""end_span"": 89, ""type"": ""Gene_or_gene_product""}, {""token"": ""p53"", ""start_span"": 105, ""end_span"": 108, ""type"": ""Gene_or_gene_product""}]"
Thus, the results presented here for the first time highlight the role of SMAR1 in masking the active phosphorylation site of p53, enabling the deacetylation of p53 by HDAC1 - MDM2 complex, thereby regulating the p53 transcriptional response during stress rescue.	"SMAR1	74	79	Gene_or_gene_product"	"p53	126	129	Gene_or_gene_product"	"p53	161	164	Gene_or_gene_product"	"HDAC1 - MDM2	168	180	Complex"	"p53	213	216	Gene_or_gene_product"	"[{""token"": ""SMAR1"", ""start_span"": 74, ""end_span"": 79, ""type"": ""Gene_or_gene_product""}, {""token"": ""p53"", ""start_span"": 126, ""end_span"": 129, ""type"": ""Gene_or_gene_product""}, {""token"": ""p53"", ""start_span"": 161, ""end_span"": 164, ""type"": ""Gene_or_gene_product""}, {""token"": ""HDAC1 - MDM2"", ""start_span"": 168, ""end_span"": 180, ""type"": ""Complex""}, {""token"": ""p53"", ""start_span"": 213, ""end_span"": 216, ""type"": ""Gene_or_gene_product""}]"
Analyses of the p50 NF - kappaB protein sequence revealed that both serine 20 and serine 227 at the amino terminus of the protein are putative sites for phosphorylation by DNA - PK.	"p50	16	19	Gene_or_gene_product"	"NF - kappaB	20	31	Complex"	"serine 20	68	77	Chemical"	"serine 227	82	92	Chemical"	"DNA - PK	172	180	Complex"	"[{""token"": ""p50"", ""start_span"": 16, ""end_span"": 19, ""type"": ""Gene_or_gene_product""}, {""token"": ""NF - kappaB"", ""start_span"": 20, ""end_span"": 31, ""type"": ""Complex""}, {""token"": ""serine 20"", ""start_span"": 68, ""end_span"": 77, ""type"": ""Chemical""}, {""token"": ""serine 227"", ""start_span"": 82, ""end_span"": 92, ""type"": ""Chemical""}, {""token"": ""DNA - PK"", ""start_span"": 172, ""end_span"": 180, ""type"": ""Complex""}]"
Here, we show that inhibitor of kappaB kinase 2 ( Ikk2), a component of the canonical NF - kappaB signaling pathway, synergizes with basal Notch signaling to upregulate transcription of primary Notch target genes, resulting in suppression of antiinflammatory protein expression and promotion of pancreatic carcinogenesis in mice.	"inhibitor of kappaB kinase 2	19	47	Gene_or_gene_product"	"Ikk2	50	54	Gene_or_gene_product"	"NF - kappaB	86	97	Complex"	"Notch	139	144	Gene_or_gene_product"	"Notch	194	199	Gene_or_gene_product"	"[{""token"": ""inhibitor of kappaB kinase 2"", ""start_span"": 19, ""end_span"": 47, ""type"": ""Gene_or_gene_product""}, {""token"": ""Ikk2"", ""start_span"": 50, ""end_span"": 54, ""type"": ""Gene_or_gene_product""}, {""token"": ""NF - kappaB"", ""start_span"": 86, ""end_span"": 97, ""type"": ""Complex""}, {""token"": ""Notch"", ""start_span"": 139, ""end_span"": 144, ""type"": ""Gene_or_gene_product""}, {""token"": ""Notch"", ""start_span"": 194, ""end_span"": 199, ""type"": ""Gene_or_gene_product""}]"
Increased nuclear localization of beta - catenin and p50 as well as enhanced IKKalpha / AKT interaction were also observed in glioma tissues.	"nuclear	10	17	Cellular_component"	"beta - catenin	34	48	Gene_or_gene_product"	"p50	53	56	Gene_or_gene_product"	"IKKalpha	77	85	Gene_or_gene_product"	"AKT	88	91	Gene_or_gene_product"	"[{""token"": ""nuclear"", ""start_span"": 10, ""end_span"": 17, ""type"": ""Cellular_component""}, {""token"": ""beta - catenin"", ""start_span"": 34, ""end_span"": 48, ""type"": ""Gene_or_gene_product""}, {""token"": ""p50"", ""start_span"": 53, ""end_span"": 56, ""type"": ""Gene_or_gene_product""}, {""token"": ""IKKalpha"", ""start_span"": 77, ""end_span"": 85, ""type"": ""Gene_or_gene_product""}, {""token"": ""AKT"", ""start_span"": 88, ""end_span"": 91, ""type"": ""Gene_or_gene_product""}]"
The p65 subunit of NF - kappaB and PARP1 assist Snail1 in activating fibronectin transcription.	"p65	4	7	Gene_or_gene_product"	"NF - kappaB	19	30	Complex"	"PARP1	35	40	Gene_or_gene_product"	"Snail1	48	54	Gene_or_gene_product"	"fibronectin	69	80	Gene_or_gene_product"	"[{""token"": ""p65"", ""start_span"": 4, ""end_span"": 7, ""type"": ""Gene_or_gene_product""}, {""token"": ""NF - kappaB"", ""start_span"": 19, ""end_span"": 30, ""type"": ""Complex""}, {""token"": ""PARP1"", ""start_span"": 35, ""end_span"": 40, ""type"": ""Gene_or_gene_product""}, {""token"": ""Snail1"", ""start_span"": 48, ""end_span"": 54, ""type"": ""Gene_or_gene_product""}, {""token"": ""fibronectin"", ""start_span"": 69, ""end_span"": 80, ""type"": ""Gene_or_gene_product""}]"
Together with Snail1, the p65 subunit of NF - kappaB and PARP1 bound to the FN1 promoter.	"Snail1	14	20	Gene_or_gene_product"	"p65	26	29	Gene_or_gene_product"	"NF - kappaB	41	52	Complex"	"PARP1	57	62	Gene_or_gene_product"	"FN1	76	79	Gene_or_gene_product"	"[{""token"": ""Snail1"", ""start_span"": 14, ""end_span"": 20, ""type"": ""Gene_or_gene_product""}, {""token"": ""p65"", ""start_span"": 26, ""end_span"": 29, ""type"": ""Gene_or_gene_product""}, {""token"": ""NF - kappaB"", ""start_span"": 41, ""end_span"": 52, ""type"": ""Complex""}, {""token"": ""PARP1"", ""start_span"": 57, ""end_span"": 62, ""type"": ""Gene_or_gene_product""}, {""token"": ""FN1"", ""start_span"": 76, ""end_span"": 79, ""type"": ""Gene_or_gene_product""}]"
Moreover, other genes involved in cell movement mimic FN1 expression induced by Snail1 or TGF - beta1 treatment and recruit p65NF - kappaB and Snail1 to their promoters.	"FN1	54	57	Gene_or_gene_product"	"Snail1	80	86	Gene_or_gene_product"	"TGF - beta1	90	101	Gene_or_gene_product"	"p65NF - kappaB	124	138	Gene_or_gene_product"	"Snail1	143	149	Gene_or_gene_product"	"[{""token"": ""FN1"", ""start_span"": 54, ""end_span"": 57, ""type"": ""Gene_or_gene_product""}, {""token"": ""Snail1"", ""start_span"": 80, ""end_span"": 86, ""type"": ""Gene_or_gene_product""}, {""token"": ""TGF - beta1"", ""start_span"": 90, ""end_span"": 101, ""type"": ""Gene_or_gene_product""}, {""token"": ""p65NF - kappaB"", ""start_span"": 124, ""end_span"": 138, ""type"": ""Gene_or_gene_product""}, {""token"": ""Snail1"", ""start_span"": 143, ""end_span"": 149, ""type"": ""Gene_or_gene_product""}]"
Knockdown analysis using 293FT reporter cells that endogenously express these five proteins at low levels clearly showed that DPF3a and DPF3b, which are produced from the DPF3 gene by alternative splicing, are the most critical for the RelA / p50 NF - kappaB heterodimer transactivation induced by TNF - alpha stimulation.	"DPF3a	126	131	Gene_or_gene_product"	"DPF3b	136	141	Gene_or_gene_product"	"DPF3	171	175	Gene_or_gene_product"	"RelA / p50 NF - kappaB	236	258	Complex"	"TNF - alpha	298	309	Gene_or_gene_product"	"[{""token"": ""DPF3a"", ""start_span"": 126, ""end_span"": 131, ""type"": ""Gene_or_gene_product""}, {""token"": ""DPF3b"", ""start_span"": 136, ""end_span"": 141, ""type"": ""Gene_or_gene_product""}, {""token"": ""DPF3"", ""start_span"": 171, ""end_span"": 175, ""type"": ""Gene_or_gene_product""}, {""token"": ""RelA / p50 NF - kappaB"", ""start_span"": 236, ""end_span"": 258, ""type"": ""Complex""}, {""token"": ""TNF - alpha"", ""start_span"": 298, ""end_span"": 309, ""type"": ""Gene_or_gene_product""}]"
In addition, in THP - 1 cells, oroxylin A significantly suppressed lipopolysaccharide ( LPS) - induced secretion of prototypical proinflammatory cytokine IL - 6 but not IL - 1beta, and it was confirmed at the transcription level.	"oroxylin A	31	41	Chemical"	"lipopolysaccharide	67	85	Chemical"	"LPS	88	91	Chemical"	"IL - 6	154	160	Gene_or_gene_product"	"IL - 1beta	169	179	Gene_or_gene_product"	"[{""token"": ""oroxylin A"", ""start_span"": 31, ""end_span"": 41, ""type"": ""Chemical""}, {""token"": ""lipopolysaccharide"", ""start_span"": 67, ""end_span"": 85, ""type"": ""Chemical""}, {""token"": ""LPS"", ""start_span"": 88, ""end_span"": 91, ""type"": ""Chemical""}, {""token"": ""IL - 6"", ""start_span"": 154, ""end_span"": 160, ""type"": ""Gene_or_gene_product""}, {""token"": ""IL - 1beta"", ""start_span"": 169, ""end_span"": 179, ""type"": ""Gene_or_gene_product""}]"
An assay that uses a fluorescent phosphatidylcholine ( PC) analog was developed to quantitate asymmetric lipid distribution in the outer and inner leaflets of the lipid bilayer of these vesicles.	"phosphatidylcholine	33	52	Chemical"	"PC	55	57	Chemical"	"lipid	105	110	Chemical"	"lipid bilayer	163	176	Cellular_component"	"vesicles	186	194	Cellular_component"	"[{""token"": ""phosphatidylcholine"", ""start_span"": 33, ""end_span"": 52, ""type"": ""Chemical""}, {""token"": ""PC"", ""start_span"": 55, ""end_span"": 57, ""type"": ""Chemical""}, {""token"": ""lipid"", ""start_span"": 105, ""end_span"": 110, ""type"": ""Chemical""}, {""token"": ""lipid bilayer"", ""start_span"": 163, ""end_span"": 176, ""type"": ""Cellular_component""}, {""token"": ""vesicles"", ""start_span"": 186, ""end_span"": 194, ""type"": ""Cellular_component""}]"
Mdr2 expression in SVs caused a time - and temperature - dependent enhancement of PC translocation to the inner leaflet of the membrane.	"Mdr2	0	4	Gene_or_gene_product"	"SVs	19	22	Cellular_component"	"PC	82	84	Chemical"	"inner leaflet	106	119	Cellular_component"	"membrane	127	135	Cellular_component"	"[{""token"": ""Mdr2"", ""start_span"": 0, ""end_span"": 4, ""type"": ""Gene_or_gene_product""}, {""token"": ""SVs"", ""start_span"": 19, ""end_span"": 22, ""type"": ""Cellular_component""}, {""token"": ""PC"", ""start_span"": 82, ""end_span"": 84, ""type"": ""Chemical""}, {""token"": ""inner leaflet"", ""start_span"": 106, ""end_span"": 119, ""type"": ""Cellular_component""}, {""token"": ""membrane"", ""start_span"": 127, ""end_span"": 135, ""type"": ""Cellular_component""}]"
The Mdr2 - mediated effect was specific since expression of Mdr3 in these vesicles was without effect on the membrane distribution of PC.	"Mdr2	4	8	Gene_or_gene_product"	"Mdr3	60	64	Gene_or_gene_product"	"vesicles	74	82	Cellular_component"	"membrane	109	117	Cellular_component"	"PC	134	136	Chemical"	"[{""token"": ""Mdr2"", ""start_span"": 4, ""end_span"": 8, ""type"": ""Gene_or_gene_product""}, {""token"": ""Mdr3"", ""start_span"": 60, ""end_span"": 64, ""type"": ""Gene_or_gene_product""}, {""token"": ""vesicles"", ""start_span"": 74, ""end_span"": 82, ""type"": ""Cellular_component""}, {""token"": ""membrane"", ""start_span"": 109, ""end_span"": 117, ""type"": ""Cellular_component""}, {""token"": ""PC"", ""start_span"": 134, ""end_span"": 136, ""type"": ""Chemical""}]"
Mitogen - activated protein kinases activate the serine / threonine kinases Mnk1 and Mnk2.	"Mitogen - activated protein kinases	0	35	Gene_or_gene_product"	"serine	49	55	Chemical"	"threonine	58	67	Chemical"	"Mnk1	76	80	Gene_or_gene_product"	"Mnk2	85	89	Gene_or_gene_product"	"[{""token"": ""Mitogen - activated protein kinases"", ""start_span"": 0, ""end_span"": 35, ""type"": ""Gene_or_gene_product""}, {""token"": ""serine"", ""start_span"": 49, ""end_span"": 55, ""type"": ""Chemical""}, {""token"": ""threonine"", ""start_span"": 58, ""end_span"": 67, ""type"": ""Chemical""}, {""token"": ""Mnk1"", ""start_span"": 76, ""end_span"": 80, ""type"": ""Gene_or_gene_product""}, {""token"": ""Mnk2"", ""start_span"": 85, ""end_span"": 89, ""type"": ""Gene_or_gene_product""}]"
To better characterize the mechanism of oatp - mediated organic anion uptake, we examined transport of taurocholate in a HeLa cell line stably transfected with oatp under the regulation of a zinc - inducible promoter ( Shi, X., Bai, S., Ford, A. C., Burk, R. D., Jacquemin, E., Hagenbuch, B., Meier, P. J., and Wolkoff, A. W. ( 1995) J. Biol. Chem. 270, 25591 - 25595).	"oatp	40	44	Gene_or_gene_product"	"organic anion	56	69	Chemical"	"taurocholate	103	115	Chemical"	"oatp	160	164	Gene_or_gene_product"	"zinc	191	195	Chemical"	"[{""token"": ""oatp"", ""start_span"": 40, ""end_span"": 44, ""type"": ""Gene_or_gene_product""}, {""token"": ""organic anion"", ""start_span"": 56, ""end_span"": 69, ""type"": ""Chemical""}, {""token"": ""taurocholate"", ""start_span"": 103, ""end_span"": 115, ""type"": ""Chemical""}, {""token"": ""oatp"", ""start_span"": 160, ""end_span"": 164, ""type"": ""Gene_or_gene_product""}, {""token"": ""zinc"", ""start_span"": 191, ""end_span"": 195, ""type"": ""Chemical""}]"
To test whether organic anion transport is coupled to HCO3 - extrusion, we compared the rates of taurocholate - dependent HCO3 - efflux from alkali - loaded noninduced and induced cells.	"organic anion	16	29	Chemical"	"HCO3 -	54	60	Chemical"	"taurocholate	97	109	Chemical"	"HCO3 -	122	128	Chemical"	"alkali	141	147	Chemical"	"[{""token"": ""organic anion"", ""start_span"": 16, ""end_span"": 29, ""type"": ""Chemical""}, {""token"": ""HCO3 -"", ""start_span"": 54, ""end_span"": 60, ""type"": ""Chemical""}, {""token"": ""taurocholate"", ""start_span"": 97, ""end_span"": 109, ""type"": ""Chemical""}, {""token"": ""HCO3 -"", ""start_span"": 122, ""end_span"": 128, ""type"": ""Chemical""}, {""token"": ""alkali"", ""start_span"": 141, ""end_span"": 147, ""type"": ""Chemical""}]"
