There was also an up - regulation of Bax, which altered the Bax: Bcl - 2 ratio, which may be responsible for mitochondrial depolarization reported to be involved prior to the induction of apoptosis.	"mitochondrial	109	122	Cellular_component"	"[{""token"": ""mitochondrial"", ""start_span"": 109, ""end_span"": 122, ""type"": ""Cellular_component""}]"
Neoplastic transformation by Notch requires nuclear localization.	"nuclear	44	51	Cellular_component"	"[{""token"": ""nuclear"", ""start_span"": 44, ""end_span"": 51, ""type"": ""Cellular_component""}]"
Notch proteins are plasma membrane - spanning receptors that mediate important cell fate decisions such as differentiation, proliferation, and apoptosis.	"plasma membrane	19	34	Cellular_component"	"[{""token"": ""plasma membrane"", ""start_span"": 19, ""end_span"": 34, ""type"": ""Cellular_component""}]"
Following proteolysis, it is thought that the intracellular portion of Notch ( N ( ic)) translocates to the nucleus, where it is involved in regulating gene expression.	"nucleus	108	115	Cellular_component"	"[{""token"": ""nucleus"", ""start_span"": 108, ""end_span"": 115, ""type"": ""Cellular_component""}]"
Transforming alleles of Notch direct the expression of truncated proteins that primarily consist of N ( ic) and are not tethered to the plasma membrane.	"plasma membrane	136	151	Cellular_component"	"[{""token"": ""plasma membrane"", ""start_span"": 136, ""end_span"": 151, ""type"": ""Cellular_component""}]"
We now report direct evidence that N1 ( ic) must accumulate in the nucleus to induce transformation of RKE cells.	"nucleus	67	74	Cellular_component"	"[{""token"": ""nucleus"", ""start_span"": 67, ""end_span"": 74, ""type"": ""Cellular_component""}]"
These two transcription factors also play an important role in fibroblasts, in extracellular matrix composition, and in cytokine expression.	"extracellular matrix	79	99	Cellular_component"	"[{""token"": ""extracellular matrix"", ""start_span"": 79, ""end_span"": 99, ""type"": ""Cellular_component""}]"
alpha - MSH also induces activation of NF - kappa B but does not modulate DNA binding on costimulation with IL - 1 beta.	"DNA	74	77	Cellular_component"	"[{""token"": ""DNA"", ""start_span"": 74, ""end_span"": 77, ""type"": ""Cellular_component""}]"
These effects of alpha - MSH may have important regulatory functions in extracellular matrix composition, wound healing, or angiogenesis.	"extracellular matrix	72	92	Cellular_component"	"[{""token"": ""extracellular matrix"", ""start_span"": 72, ""end_span"": 92, ""type"": ""Cellular_component""}]"
However, a statistically significant correlation was found between the surface expression of CD40 and the metastatic spread of the tumor.	"surface	71	78	Cellular_component"	"[{""token"": ""surface"", ""start_span"": 71, ""end_span"": 78, ""type"": ""Cellular_component""}]"
In this study, 14 of 18 lung cancer cell lines ( 78%) expressed CD40 on their surface.	"surface	78	85	Cellular_component"	"[{""token"": ""surface"", ""start_span"": 78, ""end_span"": 85, ""type"": ""Cellular_component""}]"
In this study, we have expressed wild - type and mutant forms of VASP in endothelial cells to determine in what aspects of cytoskeletal behavior this protein participates.	"cytoskeletal	123	135	Cellular_component"	"[{""token"": ""cytoskeletal"", ""start_span"": 123, ""end_span"": 135, ""type"": ""Cellular_component""}]"
Deletion of the proline - rich domain of VASP abolishes its ability to bind profilin but does not affect ruffling or stress fiber formation.	"stress fiber	117	129	Cellular_component"	"[{""token"": ""stress fiber"", ""start_span"": 117, ""end_span"": 129, ""type"": ""Cellular_component""}]"
With the enhancement of FPC concentration, the authors observed chromatin condensation in some phases companying with the characteristic apoptosis.	"chromatin	64	73	Cellular_component"	"[{""token"": ""chromatin"", ""start_span"": 64, ""end_span"": 73, ""type"": ""Cellular_component""}]"
In the high - level group the authors found typical DNA ladder eletrophoresis stripe.	"DNA	52	55	Cellular_component"	"[{""token"": ""DNA"", ""start_span"": 52, ""end_span"": 55, ""type"": ""Cellular_component""}]"
Here we studied the effects of cell morphology on the migration of bovine aortic ECs by culturing cells on micropatterned strips of collagen matrix ( 60 -, 30 -, and 15 - microm wide).	"matrix	141	147	Cellular_component"	"[{""token"": ""matrix"", ""start_span"": 141, ""end_span"": 147, ""type"": ""Cellular_component""}]"
These data also suggest that uPA and PAI - 1 may co - operate in the migratory process by respectively facilitating the attachment to, and subsequent detachment from, vitronectin in the extracellular matrix.	"extracellular matrix	186	206	Cellular_component"	"[{""token"": ""extracellular matrix"", ""start_span"": 186, ""end_span"": 206, ""type"": ""Cellular_component""}]"
Inhibition of PDGF - stimulated and matrix - mediated proliferation of human vascular smooth muscle cells by SPARC is independent of changes in cell shape or cyclin - dependent kinase inhibitors.	"matrix	36	42	Cellular_component"	"[{""token"": ""matrix"", ""start_span"": 36, ""end_span"": 42, ""type"": ""Cellular_component""}]"
Interactions among growth factors, cells, and extracellular matrix regulate proliferation during normal development and in pathologies such as atherosclerosis.	"extracellular matrix	46	66	Cellular_component"	"[{""token"": ""extracellular matrix"", ""start_span"": 46, ""end_span"": 66, ""type"": ""Cellular_component""}]"
SPARC ( secreted protein, acidic, and rich in cysteine) is a matrix - associated glycoprotein that modulates the adhesion and proliferation of vascular cells.	"matrix	61	67	Cellular_component"	"[{""token"": ""matrix"", ""start_span"": 61, ""end_span"": 67, ""type"": ""Cellular_component""}]"
In human gliomas and other cancer cell lines, the accumulation of HIF - 1alpha protein under aerobic conditions requires the metabolism of glucose to pyruvate that prevents the aerobic degradation of HIF - 1alpha protein, activates HIF - 1 DNA binding activity, and enhances the expression of several HIF - 1 - activated genes including erythropoietin, vascular endothelial growth factor, glucose transporter 3, and aldolase A.	"DNA	240	243	Cellular_component"	"[{""token"": ""DNA"", ""start_span"": 240, ""end_span"": 243, ""type"": ""Cellular_component""}]"
This activation correlated with induction of HIF - 1alpha expression and DNA binding activity which was blocked by the p38 inhibitor SB203580.	"DNA	73	76	Cellular_component"	"[{""token"": ""DNA"", ""start_span"": 73, ""end_span"": 76, ""type"": ""Cellular_component""}]"
Thus, neither the p53 - binding region nor the Bcl - 2 homology region of T antigen was sufficient to prevent cell death induced by the DNA - damaging agent.	"DNA	136	139	Cellular_component"	"[{""token"": ""DNA"", ""start_span"": 136, ""end_span"": 139, ""type"": ""Cellular_component""}]"
This sensitization did not occur when T251 - 708 was targeted to the nucleus by inclusion of the SV40 nuclear localization signal.	"nucleus	69	76	Cellular_component"	"[{""token"": ""nucleus"", ""start_span"": 69, ""end_span"": 76, ""type"": ""Cellular_component""}]"
Specifically, CLA was found to decrease the ability of mammary stromal cells to form complex anastomosing microcapillary networks in vitro on Engelbreth - Holm - Swarm - derived reconstituted basement membrane.	"basement membrane	192	209	Cellular_component"	"[{""token"": ""basement membrane"", ""start_span"": 192, ""end_span"": 209, ""type"": ""Cellular_component""}]"
Western blotting of p53 and murine double mutant 2 ( Mdm2) together with p53 DNA sequencing analysis indicate that p53 function loss by mutation or overexpression of Mdm2 occurred in all tested oral cancer cells regardless of their etiology.	"DNA	77	80	Cellular_component"	"[{""token"": ""DNA"", ""start_span"": 77, ""end_span"": 80, ""type"": ""Cellular_component""}]"
Homeostasis of the extracellular matrix is a delicate balance between degradation and remodeling, the balance being maintained by the interaction of activated matrix metalloproteinases ( MMPs) and specific tissue inhibitors of matrix metalloproteinases ( TIMPs).	"extracellular matrix	19	39	Cellular_component"	"[{""token"": ""extracellular matrix"", ""start_span"": 19, ""end_span"": 39, ""type"": ""Cellular_component""}]"
Using immunoblot analysis, we show that AdGFPFasL ( TET) is capable of initiating the classic Fas - mediated apoptotic pathway in DU145 cells, which includes activation of caspases - 8, - 3, - 7, and - 9, BID cleavage, cytochrome c release from mitochondria, and PARP cleavage.	"mitochondria	245	257	Cellular_component"	"[{""token"": ""mitochondria"", ""start_span"": 245, ""end_span"": 257, ""type"": ""Cellular_component""}]"
In contrast, CH - 11 binds to Fas, but is unable to transmit the death signal beyond the plasma membrane suggesting a block at the DISC ( death inducing signaling complex).	"plasma membrane	89	104	Cellular_component"	"[{""token"": ""plasma membrane"", ""start_span"": 89, ""end_span"": 104, ""type"": ""Cellular_component""}]"
Caspase activation, mitochondrial depolarization, and cytochrome c release were increased under these conditions.	"mitochondrial	20	33	Cellular_component"	"[{""token"": ""mitochondrial"", ""start_span"": 20, ""end_span"": 33, ""type"": ""Cellular_component""}]"
Interestingly, the human B - lymphoblastoid cell line SKW6. 4, a prototype for mitochondria - independent death receptor - induced apoptosis, was also sensitized to anti - CD95 and TRAIL - induced apoptosis under glucose - free conditions.	"mitochondria	79	91	Cellular_component"	"[{""token"": ""mitochondria"", ""start_span"": 79, ""end_span"": 91, ""type"": ""Cellular_component""}]"
To investigate whether bee venom ( BV) induces apoptosis, the 3 - ( 4, 5 - dimethylthiazol - 2 - yl) - 2, 5 - diphenyltetrazolium bromide assay, terminal deoxynucleotidyl transferase - mediated dUTP nick end - labeling assay, 4, 6 - diamidino - 2 - phenylindole staining, flow cytometric analysis, and DNA fragmentation assay were performed on NCI - H1299 lung cancer cells treated with BV.	"DNA	302	305	Cellular_component"	"[{""token"": ""DNA"", ""start_span"": 302, ""end_span"": 305, ""type"": ""Cellular_component""}]"
Cell - matrix adhesion assay was used to study the adhesive ability of CNE1 - GL cells.	"matrix	7	13	Cellular_component"	"[{""token"": ""matrix"", ""start_span"": 7, ""end_span"": 13, ""type"": ""Cellular_component""}]"
Therapeutic targeting of the survivin pathway in cancer: initiation of mitochondrial apoptosis and suppression of tumor - associated angiogenesis.	"mitochondrial	71	84	Cellular_component"	"[{""token"": ""mitochondrial"", ""start_span"": 71, ""end_span"": 84, ""type"": ""Cellular_component""}]"
The cell death pathway initiated by survivin targeting was mapped with respect to cytochrome c release, changes in mitochondrial transmembrane potential, and apoptosome requirements using mouse embryonic fibroblasts deficient in Apaf - 1 or caspase - 9.	"mitochondrial	115	128	Cellular_component"	"[{""token"": ""mitochondrial"", ""start_span"": 115, ""end_span"": 128, ""type"": ""Cellular_component""}]"
This was associated with a approximately 60% reduction in tumor - derived blood vessels by quantitative morphometry of CD31 - stained tumor areas, and appearance of endothelial cell apoptosis by internucleosomal DNA fragmentation in vivo.	"DNA	212	215	Cellular_component"	"[{""token"": ""DNA"", ""start_span"": 212, ""end_span"": 215, ""type"": ""Cellular_component""}]"
CONCLUSIONS: Survivin functions as a novel upstream regulator of mitochondrial - dependent apoptosis, and molecular targeting of this pathway results in anticancer activity via a dual mechanism of induction of tumor cell apoptosis and suppression of angiogenesis.	"mitochondrial	65	78	Cellular_component"	"[{""token"": ""mitochondrial"", ""start_span"": 65, ""end_span"": 78, ""type"": ""Cellular_component""}]"
Following intravenous administration of cationic lipid - DNA complexes ( lipoplexes) into mice, transfection ( lipofection) occurs predominantly in the lungs.	"DNA	57	60	Cellular_component"	"[{""token"": ""DNA"", ""start_span"": 57, ""end_span"": 60, ""type"": ""Cellular_component""}]"
Dioleoyl phosphatidylethanolamine - based lipoplexes were found to give low expression, apparently because of an immediate loss of integrity in serum, without lipid - DNA dissociation.	"DNA	167	170	Cellular_component"	"[{""token"": ""DNA"", ""start_span"": 167, ""end_span"": 170, ""type"": ""Cellular_component""}]"
The effects of IGF - 1 are mediated principally through the IGF - 1R but are modulated by complex interactions with multiple IGF binding proteins that themselves are regulated by phosphorylation, proteolysis, polymerization, and cell or matrix association.	"matrix	237	243	Cellular_component"	"[{""token"": ""matrix"", ""start_span"": 237, ""end_span"": 243, ""type"": ""Cellular_component""}]"
Malignant cells often display defects in autophagy, an evolutionarily conserved pathway for degrading long - lived proteins and cytoplasmic organelles.	"cytoplasmic organelles	128	150	Cellular_component"	"[{""token"": ""cytoplasmic organelles"", ""start_span"": 128, ""end_span"": 150, ""type"": ""Cellular_component""}]"
NaF and Group I compounds induced internucleosomal DNA fragmentation in HL - 60 cells, whereas Group II compounds were inactive even in the presence of NaF.	"DNA	51	54	Cellular_component"	"[{""token"": ""DNA"", ""start_span"": 51, ""end_span"": 54, ""type"": ""Cellular_component""}]"
Most Group I compounds except doxorubicin ( which induced DNA fragmentation less effectively than others) activated caspase 3 more efficiently than Group II compounds.	"DNA	58	61	Cellular_component"	"[{""token"": ""DNA"", ""start_span"": 58, ""end_span"": 61, ""type"": ""Cellular_component""}]"
Thrombin decreases the ability of endothelial cells to attach to basement membrane proteins.	"basement membrane	65	82	Cellular_component"	"[{""token"": ""basement membrane"", ""start_span"": 65, ""end_span"": 82, ""type"": ""Cellular_component""}]"
A clone of NIH3T3 transformant ( H - 3), obtained by transfecting genomic DNA of a human colon carcinoma cell line, contains human K - ras oncogene and yields metastatic pulmonary nodules after intravenous injection of the cells into nude mice.	"DNA	74	77	Cellular_component"	"[{""token"": ""DNA"", ""start_span"": 74, ""end_span"": 77, ""type"": ""Cellular_component""}]"
To investigate this possibility, we studied the influence of bovine lactoferrin on Fas - mediated apoptosis with regard to expression of Fas, activation of caspase - 8 and caspase - 3, and DNA fragmentation in the colon mucosa of AOM - treated rats.	"DNA	189	192	Cellular_component"	"[{""token"": ""DNA"", ""start_span"": 189, ""end_span"": 192, ""type"": ""Cellular_component""}]"
Proteolytic activity is required for the turnover of the extracellular matrix during wound healing.	"extracellular matrix	57	77	Cellular_component"	"[{""token"": ""extracellular matrix"", ""start_span"": 57, ""end_span"": 77, ""type"": ""Cellular_component""}]"
Matrix metalloproteinases can collectively cleave all components of the extracellular matrix, with the endogenous tissue inhibitor of metalloproteinase - 1 regulating their activity.	"extracellular matrix	72	92	Cellular_component"	"[{""token"": ""extracellular matrix"", ""start_span"": 72, ""end_span"": 92, ""type"": ""Cellular_component""}]"
The later expression of matrix metalloproteinase - 2 and - 9 in fibroblasts suggests a role in extracellular matrix remodeling.	"extracellular matrix	95	115	Cellular_component"	"[{""token"": ""extracellular matrix"", ""start_span"": 95, ""end_span"": 115, ""type"": ""Cellular_component""}]"
Most of the studies focusing on the mechanisms of p53 activity have been performed in cultured cells upon treatment with well - established p53 - activating inputs, such as high doses of radiations, DNA - damaging drugs and activated oncogenes.	"DNA	199	202	Cellular_component"	"[{""token"": ""DNA"", ""start_span"": 199, ""end_span"": 202, ""type"": ""Cellular_component""}]"
However, how the tumor suppressive functions of p53 become concerted with the extracellular cues arriving at the cell surface during tissue homeostasis, remains largely unknown.	"cell surface	113	125	Cellular_component"	"[{""token"": ""cell surface"", ""start_span"": 113, ""end_span"": 125, ""type"": ""Cellular_component""}]"
Granulocyte - macrophage colony - stimulating factor and interleukin - 3 enhance the incorporation of cytosine arabinoside into the DNA of leukemic blasts and the cytotoxic effect on clonogenic cells from patients with acute myeloid leukemia.	"DNA	132	135	Cellular_component"	"[{""token"": ""DNA"", ""start_span"": 132, ""end_span"": 135, ""type"": ""Cellular_component""}]"
3H - Cytosine arabinoside incorporation into the DNA was enhanced 1. 33 - to 18. 3 - fold over respective controls in 14 of 17 patients.	"DNA	49	52	Cellular_component"	"[{""token"": ""DNA"", ""start_span"": 49, ""end_span"": 52, ""type"": ""Cellular_component""}]"
This finding may be explained by a stimulatory effect of GM - CSF and IL - 3 on ara - C phosphorylating enzymes and a more rapid incorporation of ara - CTP into the DNA of leukemic blasts.	"DNA	165	168	Cellular_component"	"[{""token"": ""DNA"", ""start_span"": 165, ""end_span"": 168, ""type"": ""Cellular_component""}]"
Hence, GM - CSF and IL - 3 enhance the intracellular metabolism of ara - C and its incorporation into the DNA of leukemic cells leading to a higher antileukemic activity of ara - C on clonogenic leukemic cells ( CFU - L).	"DNA	106	109	Cellular_component"	"[{""token"": ""DNA"", ""start_span"": 106, ""end_span"": 109, ""type"": ""Cellular_component""}]"
As SET has been previously reported to be an inhibitor of phosphatase PP2A, the nuclear phosphatase activity was monitored in cells expressing activated Galpha ( 12).	"nuclear	80	87	Cellular_component"	"[{""token"": ""nuclear"", ""start_span"": 80, ""end_span"": 87, ""type"": ""Cellular_component""}]"
Our results indicate that the nuclear phosphatase activity is inhibited by greater than 50% in Galpha ( 12) QL cells compared to vector control cells.	"nuclear	30	37	Cellular_component"	"[{""token"": ""nuclear"", ""start_span"": 30, ""end_span"": 37, ""type"": ""Cellular_component""}]"
Vascular endothelial growth factor ( VEGF), an endothelial cell - specific mitogen, can act in tumor - induced angiogenesis by binding to specific receptors on the surface of endothelial cells.	"surface	164	171	Cellular_component"	"[{""token"": ""surface"", ""start_span"": 164, ""end_span"": 171, ""type"": ""Cellular_component""}]"
Angiogenin is up - regulated in the nucleus and cytoplasm in human primary breast carcinoma and is associated with markers of hypoxia but not survival.	"nucleus	36	43	Cellular_component"	"[{""token"": ""nucleus"", ""start_span"": 36, ""end_span"": 43, ""type"": ""Cellular_component""}]"
This study shows that angiogenin expression is up - regulated in the cytoplasmic and nuclear compartments in in situ carcinoma and invasive carcinoma compared with normal breast tissue and that angiogenin expression in invasive carcinomas is significantly positively associated with high tumour grade ( p = 0. 03), positive oestrogen receptor ( ER) status ( p = 0. 01), HIF - 1 alpha ( p = 0. 001) and DEC 1 ( p = 0. 001), but not with patient age ( p = 0. 8), tumour size ( p = 0. 25), lymph node status ( p = 0. 69), epidermal growth factor receptor ( p = 0. 56) or microvessel density ( p = 0. 32).	"nuclear	85	92	Cellular_component"	"[{""token"": ""nuclear"", ""start_span"": 85, ""end_span"": 92, ""type"": ""Cellular_component""}]"
Germline succinate dehydrogenase subunit A ( SDHA) mutations have been reported in a few patients with a classical mitochondrial neurodegenerative disease.	"mitochondrial	115	128	Cellular_component"	"[{""token"": ""mitochondrial"", ""start_span"": 115, ""end_span"": 128, ""type"": ""Cellular_component""}]"
The subsequent identification of germline mutations in the gene encoding fumarase - - another TCA cycle enzyme - - in a new hereditary form of susceptibility to renal, uterine and cutaneous tumors has highlighted the potential role of the TCA cycle and, more generally, of the mitochondria in cancer.	"mitochondria	277	289	Cellular_component"	"[{""token"": ""mitochondria"", ""start_span"": 277, ""end_span"": 289, ""type"": ""Cellular_component""}]"
We show here that p10, which arises from the use of an alternative splice donor site within intron 1, is conserved in the mouse genome and is widely expressed in mouse tissues.	"intron 1	92	100	Cellular_component"	"[{""token"": ""intron 1"", ""start_span"": 92, ""end_span"": 100, ""type"": ""Cellular_component""}]"
Blood vessels, capillaries, and endothelial pseudopods were found at greater than 100 microns from the capsule ( subcortex).	"endothelial pseudopods	32	54	Cellular_component"	"[{""token"": ""endothelial pseudopods"", ""start_span"": 32, ""end_span"": 54, ""type"": ""Cellular_component""}]"
Tumors greater than 35 mm3 treated with IR 24 hours previously or with TEMF had decreased blood vessels in the subcortex and more endothelial pseudopods projecting into hypoxic, HIF positive areas than tumors from the control group.	"endothelial pseudopods	130	152	Cellular_component"	"[{""token"": ""endothelial pseudopods"", ""start_span"": 130, ""end_span"": 152, ""type"": ""Cellular_component""}]"
HKa and D5 reduce the localization of paxillin to the focal adhesions after S1P and VEGF stimulation.	"focal adhesions	54	69	Cellular_component"	"[{""token"": ""focal adhesions"", ""start_span"": 54, ""end_span"": 69, ""type"": ""Cellular_component""}]"
Inhibitors of Akt and P13 - kinase, the upstream activator of Akt, block endothelial cell migration and disrupt paxillin localization to the focal adhesions after stimulation with VEGF and S1P.	"focal adhesions	141	156	Cellular_component"	"[{""token"": ""focal adhesions"", ""start_span"": 141, ""end_span"": 156, ""type"": ""Cellular_component""}]"
Therefore we suggest that HKa through its D5 domain alters P13 - kinase - Akt signaling to inhibit endothelial cell migration through alterations in the focal adhesions.	"focal adhesions	153	168	Cellular_component"	"[{""token"": ""focal adhesions"", ""start_span"": 153, ""end_span"": 168, ""type"": ""Cellular_component""}]"
Additional analysis of the mechanism of action of Go6976 ( RT - PCR, Western blots, and immunohistochemistry) of the changes in the phosphorylated and nonphosphorylated forms of PKCalpha in the cell membrane and cytoplasm confirmed the specificity of PKCalpha inhibition by Go6976.	"cell membrane	194	207	Cellular_component"	"[{""token"": ""cell membrane"", ""start_span"": 194, ""end_span"": 207, ""type"": ""Cellular_component""}]"
Regulation of the composition of the extracellular matrix by low density lipoprotein receptor - related protein - 1: activities based on regulation of mRNA expression.	"extracellular matrix	37	57	Cellular_component"	"[{""token"": ""extracellular matrix"", ""start_span"": 37, ""end_span"": 57, ""type"": ""Cellular_component""}]"
In this study, we applied a proteomics strategy to identify novel proteins involved in ECM modeling that are regulated by LRP - 1.	"ECM	87	90	Cellular_component"	"[{""token"": ""ECM"", ""start_span"": 87, ""end_span"": 90, ""type"": ""Cellular_component""}]"
We show that LRP - 1 deficiency in murine embryonic fibroblasts ( MEFs) is associated with increased levels of type III collagen and pigment epithelium - derived factor, which accumulate in the substratum surrounding cells.	"substratum	194	204	Cellular_component"	"[{""token"": ""substratum"", ""start_span"": 194, ""end_span"": 204, ""type"": ""Cellular_component""}]"
Here, we show that NCAM - deficient beta cell tumors grew leaky blood vessels with perturbed pericyte - endothelial cell - cell interactions and deficient perivascular deposition of ECM components.	"ECM components	182	196	Cellular_component"	"[{""token"": ""ECM components"", ""start_span"": 182, ""end_span"": 196, ""type"": ""Cellular_component""}]"
Conversely, tumor cell expression of NCAM in a fibrosarcoma model ( T241) improved pericyte recruitment and increased perivascular deposition of ECM molecules.	"ECM molecules	145	158	Cellular_component"	"[{""token"": ""ECM molecules"", ""start_span"": 145, ""end_span"": 158, ""type"": ""Cellular_component""}]"
Apoptosis was further measured by DNA fragmentation and microscope examination.	"DNA	34	37	Cellular_component"	"[{""token"": ""DNA"", ""start_span"": 34, ""end_span"": 37, ""type"": ""Cellular_component""}]"
Thus, CECs, EPCs and EMPs may represent potentially novel methods for evaluating the vascular status of cancer patients.	"EMPs	21	25	Cellular_component"	"[{""token"": ""EMPs"", ""start_span"": 21, ""end_span"": 25, ""type"": ""Cellular_component""}]"
This review will summarize the current position of CECs, EPCs and EMPs in cell biology terms, with particular emphasis on their relationship to malignant disease.	"EMPs	66	70	Cellular_component"	"[{""token"": ""EMPs"", ""start_span"": 66, ""end_span"": 70, ""type"": ""Cellular_component""}]"
In vitro studies using monolayer cultures of human tumor cell lines have shown that 2 - DG selectively inhibits energy - dependent DNA repair and cellular recovery processes in cancer cells.	"DNA	131	134	Cellular_component"	"[{""token"": ""DNA"", ""start_span"": 131, ""end_span"": 134, ""type"": ""Cellular_component""}]"
Radiosensitization by 2 - DG in monolayer cells was primarily due to an increase in mitotic death ( 23%) linked to cytogenetic damage ( micronuclei), whereas a profound induction of apoptosis ( 40%) accounted for the sensitization in spheroids.	"micronuclei	136	147	Cellular_component"	"[{""token"": ""micronuclei"", ""start_span"": 136, ""end_span"": 147, ""type"": ""Cellular_component""}]"
Comet assay revealed a late onset of DNA breaks in the presence of 2 - DG following irradiation only in spheroids, which corroborated well with the late onset of oxidative stress.	"DNA	37	40	Cellular_component"	"[{""token"": ""DNA"", ""start_span"": 37, ""end_span"": 40, ""type"": ""Cellular_component""}]"
BAG - 1L was nucleoplasmic and nucleolar, whereas BAG - 1S and BAG - 1M were cytoplasmic and nucleoplasmic in localisation.	"nucleolar	31	40	Cellular_component"	"[{""token"": ""nucleolar"", ""start_span"": 31, ""end_span"": 40, ""type"": ""Cellular_component""}]"
Having identified the nucleolar localisation sequence in BAG - 1L, we showed that mutation of this sequence did not prevent BAG - 1L from potentiating VDR activity.	"nucleolar	22	31	Cellular_component"	"[{""token"": ""nucleolar"", ""start_span"": 22, ""end_span"": 31, ""type"": ""Cellular_component""}]"
Acquired molecular abnormalities ( mutations or chromosomal translocations) of the RUNX1 transcription factor gene are frequent in acute myeloblastic leukemias ( AMLs) and in therapy - related myelodysplastic syndromes, but rarely in acute lymphoblastic leukemias ( ALLs) and chronic myelogenous leukemias ( CMLs).	"chromosomal	48	59	Cellular_component"	"[{""token"": ""chromosomal"", ""start_span"": 48, ""end_span"": 59, ""type"": ""Cellular_component""}]"
Emergence of the RUNX1 mutations was detected at diagnosis or before the acquisition of trisomy 21 during disease progression.	"21	96	98	Cellular_component"	"[{""token"": ""21"", ""start_span"": 96, ""end_span"": 98, ""type"": ""Cellular_component""}]"
We have detected transforming activity by a tumorigenicity assay using NIH3T3 cells transfected with DNA from a chronic myeloproliferative disorder patient.	"DNA	101	104	Cellular_component"	"[{""token"": ""DNA"", ""start_span"": 101, ""end_span"": 104, ""type"": ""Cellular_component""}]"
The predicted UFO protein exhibits characteristic features of a transmembrane receptor with associated tyrosine kinase activity.	"transmembrane	64	77	Cellular_component"	"[{""token"": ""transmembrane"", ""start_span"": 64, ""end_span"": 77, ""type"": ""Cellular_component""}]"
Histological examination revealed cystic or angiomatoid spaces of various sizes lined by cuboidal, low - columnar, or flattened epithelioid cells with vacuolated cytoplasm and round to oval nuclei.	"nuclei	190	196	Cellular_component"	"[{""token"": ""nuclei"", ""start_span"": 190, ""end_span"": 196, ""type"": ""Cellular_component""}]"
Atypically, abundant capillaries were observed; however, the cystic proliferation of epithelioid cells with vacuoles and immunohistochemical profile of the epithelioid element were consistent with hepatic adenomatoid tumour.	"vacuoles	108	116	Cellular_component"	"[{""token"": ""vacuoles"", ""start_span"": 108, ""end_span"": 116, ""type"": ""Cellular_component""}]"
OBJECTIVE: PTEN ( phosphatase and tensin homologue deleted on chromosome 10) is a tumor suppressor gene identified on human chromosome 10q23.	"chromosome 10q23	124	140	Cellular_component"	"[{""token"": ""chromosome 10q23"", ""start_span"": 124, ""end_span"": 140, ""type"": ""Cellular_component""}]"
Reactive astrocytic processes and phagocytic cells are also present in the grafts.	"astrocytic processes	9	29	Cellular_component"	"[{""token"": ""astrocytic processes"", ""start_span"": 9, ""end_span"": 29, ""type"": ""Cellular_component""}]"
M - CSF also induced the nuclear localization of Sp1, which was blocked by ERK inhibition.	"nuclear	25	32	Cellular_component"	"[{""token"": ""nuclear"", ""start_span"": 25, ""end_span"": 32, ""type"": ""Cellular_component""}]"
In this study, we investigated whether the nuclear transcription factor NF - kappaB, implicated in PC metastasis, is involved in transcriptional regulation and activation of BMP - 2 or BMP - 4 / Smad signaling in PC cells.	"nuclear	43	50	Cellular_component"	"[{""token"": ""nuclear"", ""start_span"": 43, ""end_span"": 50, ""type"": ""Cellular_component""}]"
Promoter binding assay was performed by chromatin immunoprecipitation ( ChIP) assay.	"chromatin	40	49	Cellular_component"	"[{""token"": ""chromatin"", ""start_span"": 40, ""end_span"": 49, ""type"": ""Cellular_component""}]"
Both COL - I and COL - V showed statistically significant ( P less than 0. 05) increased activity between day 7 and day 14 for pattern A, potentially indicating a continued effect on matrix remodeling.	"matrix	183	189	Cellular_component"	"[{""token"": ""matrix"", ""start_span"": 183, ""end_span"": 189, ""type"": ""Cellular_component""}]"
In the presence of high levels of VEGF, Ang - 2 also promotes rapid increase in capillary diameter, remodeling of the basal lamina, proliferation and migration of endothelial cells, and stimulates sprouting of new blood vessels.	"basal lamina	118	130	Cellular_component"	"[{""token"": ""basal lamina"", ""start_span"": 118, ""end_span"": 130, ""type"": ""Cellular_component""}]"
These novel functions of p53 help to align metabolic processes with the proliferation and energy status, to maintain optimal mode of glucose metabolism and to boost the energy efficient mitochondrial respiration in response to ATP deficiency.	"mitochondrial	186	199	Cellular_component"	"[{""token"": ""mitochondrial"", ""start_span"": 186, ""end_span"": 199, ""type"": ""Cellular_component""}]"
Additional activities of p53 in non - stressed cells tune up the antioxidant defense mechanisms reducing the probability of mutations caused by DNA oxidation under conditions of daily stresses.	"DNA	144	147	Cellular_component"	"[{""token"": ""DNA"", ""start_span"": 144, ""end_span"": 147, ""type"": ""Cellular_component""}]"
The deficiency in the p53 - mediated regulation of glycolysis and mitochondrial respiration greatly accounts for the deficient respiration of the predominance of aerobic glycolysis in cancer cells ( the Warburg effect), while the deficiency in the p53 - modulated antioxidant defense mechanisms contributes to mutagenesis and additionally boosts the carcinogenesis process.	"mitochondrial	66	79	Cellular_component"	"[{""token"": ""mitochondrial"", ""start_span"": 66, ""end_span"": 79, ""type"": ""Cellular_component""}]"
Semaphorin 7A ( Sema7A) is a membrane - linked semaphorin that is expressed by human keratinocytes, and we have shown that Sema7A binds to human melanocytes through beta1 - integrins and the Plexin C1 receptor.	"membrane	29	37	Cellular_component"	"[{""token"": ""membrane"", ""start_span"": 29, ""end_span"": 37, ""type"": ""Cellular_component""}]"
We have shown that TNFalpha can cause DNA damages through reactive oxygen species ( ROS).	"DNA	38	41	Cellular_component"	"[{""token"": ""DNA"", ""start_span"": 38, ""end_span"": 41, ""type"": ""Cellular_component""}]"
Chromatin immunoprecipitation assays further confirmed specific c - Myc binding to galectin - 1 promoter.	"Chromatin	0	9	Cellular_component"	"[{""token"": ""Chromatin"", ""start_span"": 0, ""end_span"": 9, ""type"": ""Cellular_component""}]"
Manipulation of Rab7a GTPase activity associated with late endosomes using overexpression of wild - type or mutant proteins blocks activated VEGFR2 trafficking and degradation.	"late endosomes	54	68	Cellular_component"	"[{""token"": ""late endosomes"", ""start_span"": 54, ""end_span"": 68, ""type"": ""Cellular_component""}]"
Our data suggest that VEGFR2 - mediated regulation of endothelial function is dependent on different but specific Rab - mediated GTP hydrolysis activity required for endosomal trafficking.	"endosomal	166	175	Cellular_component"	"[{""token"": ""endosomal"", ""start_span"": 166, ""end_span"": 175, ""type"": ""Cellular_component""}]"
We show that restoration of FOXO3a in FOXO3a - deficient LAC cells increases sensitivity to apoptosis caused by a DNA - damaging intermediate of NNK.	"DNA	114	117	Cellular_component"	"[{""token"": ""DNA"", ""start_span"": 114, ""end_span"": 117, ""type"": ""Cellular_component""}]"
Erbb2 suppresses DNA damage - induced checkpoint activation and UV - induced mouse skin tumorigenesis.	"DNA	17	20	Cellular_component"	"[{""token"": ""DNA"", ""start_span"": 17, ""end_span"": 20, ""type"": ""Cellular_component""}]"
A small GTPase Arf6 primarily regulates recycling of plasma membrane components.	"membrane components	60	79	Cellular_component"	"[{""token"": ""membrane components"", ""start_span"": 60, ""end_span"": 79, ""type"": ""Cellular_component""}]"
Upon investigation, intrachromosomal gene amplification of Met, a receptor tyrosine kinase implicated in melanoma progression, was identified in Cdkn2a - deficient tumors.	"intrachromosomal	20	36	Cellular_component"	"[{""token"": ""intrachromosomal"", ""start_span"": 20, ""end_span"": 36, ""type"": ""Cellular_component""}]"
Exposure to activated platelet membranes and to soluble proteins contained in activated platelet releasate both contributed to the observed increase in invasion.	"membranes	31	40	Cellular_component"	"[{""token"": ""membranes"", ""start_span"": 31, ""end_span"": 40, ""type"": ""Cellular_component""}]"
RESULTS: About 43% ( 126 of 292) of known deregulated genes in TFs were associated with cell proliferation, extracellular matrix remodeling, and immune response.	"extracellular matrix	108	128	Cellular_component"	"[{""token"": ""extracellular matrix"", ""start_span"": 108, ""end_span"": 128, ""type"": ""Cellular_component""}]"
Here we have demonstrated that mechanical strain - dependent induction of the CCN1 gene involves signaling cascades through RhoA - mediated actin remodeling and the p38 stress - activated protein kinase ( SAPK).	"actin	140	145	Cellular_component"	"[{""token"": ""actin"", ""start_span"": 140, ""end_span"": 145, ""type"": ""Cellular_component""}]"
In addition, filopodia formation, a feature of motile cells, was inhibited in PECAM - 1 - null endothelial cells as well as in human endothelial cells treated with either anti - PECAM - 1 antibody or PECAM - 1 siRNA.	"filopodia	13	22	Cellular_component"	"[{""token"": ""filopodia"", ""start_span"": 13, ""end_span"": 22, ""type"": ""Cellular_component""}]"
In the developing retinal vasculature, numerous, long filamentous filopodia, emanating from endothelial cells at the tips of angiogenic sprouts, were observed in wild - type animals, but to a lesser extent in the PECAM - 1 - null mice.	"long filamentous filopodia	49	75	Cellular_component"	"[{""token"": ""long filamentous filopodia"", ""start_span"": 49, ""end_span"": 75, ""type"": ""Cellular_component""}]"
Together, these data further establish the involvement of endothelial PECAM - 1 in angiogenesis and suggest that, in vivo, PECAM - 1 may stimulate endothelial cell motility by promoting the formation of filopodia.	"filopodia	203	212	Cellular_component"	"[{""token"": ""filopodia"", ""start_span"": 203, ""end_span"": 212, ""type"": ""Cellular_component""}]"
The purpose of this study was to examine the effect of tricyclic antidepressant desipramine ( DMI) on the growth inhibition and translocation of the glucocorticoid receptor ( GR) from the cytoplasm to the nucleus in cancerous and noncancerous cell lines and the effect of DMI on GR - mediated transcription.	"nucleus	205	212	Cellular_component"	"[{""token"": ""nucleus"", ""start_span"": 205, ""end_span"": 212, ""type"": ""Cellular_component""}]"
MEK5 / ERK5 signaling modulates endothelial cell migration and focal contact turnover.	"focal contact	63	76	Cellular_component"	"[{""token"": ""focal contact"", ""start_span"": 63, ""end_span"": 76, ""type"": ""Cellular_component""}]"
The formation of new blood vessels from pre - existing ones requires highly coordinated restructuring of endothelial cells ( EC) and the surrounding extracellular matrix.	"extracellular matrix	149	169	Cellular_component"	"[{""token"": ""extracellular matrix"", ""start_span"": 149, ""end_span"": 169, ""type"": ""Cellular_component""}]"
This phenotype was most likely based on decreased focal contact turnover caused by reduced expression of p130Cas, a key player in directed cell migration.	"focal contact	50	63	Cellular_component"	"[{""token"": ""focal contact"", ""start_span"": 50, ""end_span"": 63, ""type"": ""Cellular_component""}]"
Down - regulation of Mcl - 1 resulted in an increase in Mcl - 1 - free Bim, activation of Bax, and then signaling of mitochondria - mediated apoptosis.	"mitochondria	117	129	Cellular_component"	"[{""token"": ""mitochondria"", ""start_span"": 117, ""end_span"": 129, ""type"": ""Cellular_component""}]"
These data show that disrupting cytostructure activates the angiogenic switch even in the absence of proliferation and / or hypoxia and restoring organization of malignant clusters reduces VEGF expression and EC activation to levels found in quiescent nonmalignant epithelium.	"cytostructure	32	45	Cellular_component"	"[{""token"": ""cytostructure"", ""start_span"": 32, ""end_span"": 45, ""type"": ""Cellular_component""}]"
The tumor vascular network is the result of pro - angiogenic and inhibitory factors as well as of the interaction between endothelial cells and extracellular matrix.	"extracellular matrix	144	164	Cellular_component"	"[{""token"": ""extracellular matrix"", ""start_span"": 144, ""end_span"": 164, ""type"": ""Cellular_component""}]"
Large amounts of cytosolic NADH were oxidized by the mitochondrial respiratory chain via the NADH shuttle, comprising anywhere from about 20 to 80% of the total flow of reducing equivalents to oxygen in these tumors.	"mitochondrial	53	66	Cellular_component"	"[{""token"": ""mitochondrial"", ""start_span"": 53, ""end_span"": 66, ""type"": ""Cellular_component""}]"
Calculations of the sources of energy for adenosine triphosphate synthesis indicated that on the average about one - third of the respiratory adenosine triphosphate is generated by electron flow originating from cytosolic NADH via the malate - aspartate shuttle.	"cytosolic	212	221	Cellular_component"	"[{""token"": ""cytosolic"", ""start_span"": 212, ""end_span"": 221, ""type"": ""Cellular_component""}]"
Telomere / telomerase interplay in virus - driven and virus - independent lymphomagenesis: pathogenic and clinical implications.	"Telomere	0	8	Cellular_component"	"[{""token"": ""Telomere"", ""start_span"": 0, ""end_span"": 8, ""type"": ""Cellular_component""}]"
Telomerase is a ribonucleoprotein complex critically involved in extending and maintaining telomeres.	"telomeres	91	100	Cellular_component"	"[{""token"": ""telomeres"", ""start_span"": 91, ""end_span"": 100, ""type"": ""Cellular_component""}]"
During lymphomagenesis, induction of persistent telomerase expression and activity may occur before or after telomere shortening, as a consequence of the different mechanisms through which transforming factors / agents may activate telomerase.	"telomere	109	117	Cellular_component"	"[{""token"": ""telomere"", ""start_span"": 109, ""end_span"": 117, ""type"": ""Cellular_component""}]"
Available data indicate that the timing of telomerase activation may allow the distinction of two different lymphomagenetic models: ( i) an early activation of telomerase via exogenous regulators of hTERT, along with an increased lymphocyte growth and a subsequent selection of cells with increased transforming potential may characterize several virus - related lymphoid malignancies; ( ii) a progressive shortening of telomeres, leading to genetic instability which favors a subsequent activation of telomerase via endogenous regulators may occur in most virus - unrelated lymphoid tumors.	"telomeres	420	429	Cellular_component"	"[{""token"": ""telomeres"", ""start_span"": 420, ""end_span"": 429, ""type"": ""Cellular_component""}]"
Betulin induces mitochondrial cytochrome c release associated apoptosis in human cancer cells.	"mitochondrial	16	29	Cellular_component"	"[{""token"": ""mitochondrial"", ""start_span"": 16, ""end_span"": 29, ""type"": ""Cellular_component""}]"
Importantly, Bax and Bak were rapidly translocated to the mitochondria 30 min after betulin treatment.	"mitochondria	58	70	Cellular_component"	"[{""token"": ""mitochondria"", ""start_span"": 58, ""end_span"": 70, ""type"": ""Cellular_component""}]"
The sequential activation of caspase - 9 and caspase - 3 / - 7 and the cleavage of poly ( ADP - ribose) polymerase ( PARP) were observed behind those mitochondrial events.	"mitochondrial	150	163	Cellular_component"	"[{""token"": ""mitochondrial"", ""start_span"": 150, ""end_span"": 163, ""type"": ""Cellular_component""}]"
Constitutively nuclear FOXO3a localization predicts poor survival and promotes Akt phosphorylation in breast cancer.	"nuclear	15	22	Cellular_component"	"[{""token"": ""nuclear"", ""start_span"": 15, ""end_span"": 22, ""type"": ""Cellular_component""}]"
METHODOLOGY / PRINCIPAL FINDINGS: Examination of FOXO3a and phosphorylated - Akt ( P - Akt) expression in breast cancer tissue microarrays showed nuclear FOXO3a was associated with lymph node positivity ( p = 0. 052), poor prognosis ( p = 0. 014), and P - Akt expression in invasive ductal carcinoma.	"nuclear	146	153	Cellular_component"	"[{""token"": ""nuclear"", ""start_span"": 146, ""end_span"": 153, ""type"": ""Cellular_component""}]"
We also established that doxorubicin treatment induces proliferation arrest and FOXO3a nuclear relocation in sensitive breast cancer cells.	"nuclear	87	94	Cellular_component"	"[{""token"": ""nuclear"", ""start_span"": 87, ""end_span"": 94, ""type"": ""Cellular_component""}]"
In these breast cancers activated Akt fails to inactivate and re - localize FOXO3a to the cytoplasm, and nuclear - targeted FOXO3a does not induce cell death or cell cycle arrest.	"nuclear	105	112	Cellular_component"	"[{""token"": ""nuclear"", ""start_span"": 105, ""end_span"": 112, ""type"": ""Cellular_component""}]"
As such, sustained nuclear FOXO3a expression in breast cancer may culminate in cancer progression and the development of an aggressive phenotype similar to that observed in cytotoxic chemotherapy resistant breast cancer cell models.	"nuclear	19	26	Cellular_component"	"[{""token"": ""nuclear"", ""start_span"": 19, ""end_span"": 26, ""type"": ""Cellular_component""}]"
Brick1 is an essential regulator of actin cytoskeleton required for embryonic development and cell transformation.	"cytoskeleton	42	54	Cellular_component"	"[{""token"": ""cytoskeleton"", ""start_span"": 42, ""end_span"": 54, ""type"": ""Cellular_component""}]"
Brick1 ( Brk1) is the less - studied component of the Wave / Scar pathway involved in the branched nucleation of actin fibers.	"fibers	119	125	Cellular_component"	"[{""token"": ""fibers"", ""start_span"": 119, ""end_span"": 125, ""type"": ""Cellular_component""}]"
Here, we show that the downregulation of Brk1 results in abnormal actin stress fiber formation and vinculin distribution and loss of Arp2 / 3 and Wave proteins at the cellular protrusions.	"stress fiber	72	84	Cellular_component"	"[{""token"": ""stress fiber"", ""start_span"": 72, ""end_span"": 84, ""type"": ""Cellular_component""}]"
During these processes, proteolytic activities of tumor and stromal cells modify the extracellular matrix to produce a microenvironment suitable for their growth and migration.	"extracellular matrix	85	105	Cellular_component"	"[{""token"": ""extracellular matrix"", ""start_span"": 85, ""end_span"": 105, ""type"": ""Cellular_component""}]"
Normal cells mostly rely on mitochondrial oxidative phosphorylation to produce energy.	"mitochondrial	28	41	Cellular_component"	"[{""token"": ""mitochondrial"", ""start_span"": 28, ""end_span"": 41, ""type"": ""Cellular_component""}]"
The down - regulation of MTSS1 that may be caused by DNA methylation was also observed in many other types of cancer.	"DNA	53	56	Cellular_component"	"[{""token"": ""DNA"", ""start_span"": 53, ""end_span"": 56, ""type"": ""Cellular_component""}]"
By transcriptional activation and other means, p53 is able to contribute to the regulation of glycolysis, oxidative phosphorylation, glutaminolysis, insulin sensitivity, nucleotide biosynthesis, mitochondrial integrity, fatty acid oxidation, antioxidant response, autophagy and mTOR signalling.	"mitochondrial	195	208	Cellular_component"	"[{""token"": ""mitochondrial"", ""start_span"": 195, ""end_span"": 208, ""type"": ""Cellular_component""}]"
Use of DNA microarray and small animal positron emission tomography in preclinical drug evaluation of RAF265, a novel B - Raf / VEGFR - 2 inhibitor.	"DNA	7	10	Cellular_component"	"[{""token"": ""DNA"", ""start_span"": 7, ""end_span"": 10, ""type"": ""Cellular_component""}]"
DNA microarray analysis of treated tumor xenografts revealed significantly decreased expression of genes regulating glucose and thymidine metabolism and revealed changes in apoptotic genes, suggesting that the imaging tracers FDG, 3 - deoxy - 3 - [ ( 18) F] fluorothymidine, and annexin V could serve as potential imaging biomarkers for RAF265 therapy monitoring.	"DNA	0	3	Cellular_component"	"[{""token"": ""DNA"", ""start_span"": 0, ""end_span"": 3, ""type"": ""Cellular_component""}]"
We concluded that RAF265 is highly efficacious in this xenograft model of human melanoma and decreases glucose metabolism as measured by DNA microarray analysis, cell culture assays, and small animal FDG PET scans as early as 1 day after treatment.	"DNA	137	140	Cellular_component"	"[{""token"": ""DNA"", ""start_span"": 137, ""end_span"": 140, ""type"": ""Cellular_component""}]"
DNA microarray analysis and small animal PET studies may be used as complementary technologies in drug development.	"DNA	0	3	Cellular_component"	"[{""token"": ""DNA"", ""start_span"": 0, ""end_span"": 3, ""type"": ""Cellular_component""}]"
DNA microarray analysis allows for analysis of drug effects on multiple pathways linked to cancer and can suggest corresponding imaging tracers for further analysis as biomarkers of tumor response.	"DNA	0	3	Cellular_component"	"[{""token"": ""DNA"", ""start_span"": 0, ""end_span"": 3, ""type"": ""Cellular_component""}]"
The binding activity of NF - kappaB to DNA was examined in nuclear extracts using Trans - AM NF - kappaB ELISA kit.	"DNA	39	42	Cellular_component"	"[{""token"": ""DNA"", ""start_span"": 39, ""end_span"": 42, ""type"": ""Cellular_component""}]"
Curcumin also significantly decreased ( P < 0. 05) the expression of uPA and NF - kappaB DNA binding activity, respectively.	"DNA	89	92	Cellular_component"	"[{""token"": ""DNA"", ""start_span"": 89, ""end_span"": 92, ""type"": ""Cellular_component""}]"
AQP1 was expressed in cell membranes and its expression was higher in cancer than that in normal tissues.	"cell membranes	22	36	Cellular_component"	"[{""token"": ""cell membranes"", ""start_span"": 22, ""end_span"": 36, ""type"": ""Cellular_component""}]"
AQP4 was expressed in the cell membrane and cytoplasm and was detected markedly stronger in normal than in cancer tissues.	"cell membrane	26	39	Cellular_component"	"[{""token"": ""cell membrane"", ""start_span"": 26, ""end_span"": 39, ""type"": ""Cellular_component""}]"
AQP5 was expressed mainly in cell membranes in carcinoma tissues, but was almost absent in normal breast tissues.	"cell membranes	29	43	Cellular_component"	"[{""token"": ""cell membranes"", ""start_span"": 29, ""end_span"": 43, ""type"": ""Cellular_component""}]"
Mitochondrial apoptosis and FAK signaling disruption by a novel histone deacetylase inhibitor, HTPB, in antitumor and antimetastatic mouse models.	"Mitochondrial	0	13	Cellular_component"	"[{""token"": ""Mitochondrial"", ""start_span"": 0, ""end_span"": 13, ""type"": ""Cellular_component""}]"
The antiproliferative and anti - migratory mechanisms of HTPB were investigated by cell proliferation, flow cytometry, DNA ladder, caspase activity, Rho activity, F - actin polymerization, and gelatin - zymography for matrix metalloproteinases ( MMPs).	"DNA	119	122	Cellular_component"	"[{""token"": ""DNA"", ""start_span"": 119, ""end_span"": 122, ""type"": ""Cellular_component""}]"
Upon HTPB treatment, cell cycle arrest was induced and subsequently led to mitochondria - mediated apoptosis.	"mitochondria	75	87	Cellular_component"	"[{""token"": ""mitochondria"", ""start_span"": 75, ""end_span"": 87, ""type"": ""Cellular_component""}]"
On the contrary, there was intense staining for HER2 on the basolateral membrane of epithelial cells of intestinal metaplasia ( 22 / 24; 91. 7%) and carcinoma in situ ( 9 / 10; 90%), the lesions that displayed a significantly high proliferation index.	"basolateral membrane	60	80	Cellular_component"	"[{""token"": ""basolateral membrane"", ""start_span"": 60, ""end_span"": 80, ""type"": ""Cellular_component""}]"
The B ( 1) R appeared either as cytoplasmic dots or labeling on the apical cell membrane of the cells composing the epithelia with intestinal metaplasia ( 24 / 24; 100%) and carcinoma in situ ( 10 / 10; 100%) and in the epithelial cells of adenomas.	"apical cell membrane	68	88	Cellular_component"	"[{""token"": ""apical cell membrane"", ""start_span"": 68, ""end_span"": 88, ""type"": ""Cellular_component""}]"
The permeability of plasma membranes for K + increases 2. 75 fold, while the passive flux of Na + diminishes.	"plasma membranes	20	36	Cellular_component"	"[{""token"": ""plasma membranes"", ""start_span"": 20, ""end_span"": 36, ""type"": ""Cellular_component""}]"
In synchronized cultures at the beginning of the mitotic cycle, the bulk of ATP resynthesized via glycolysis is utilized for the synthesis of biopolymers, whereas that at the end of the S - phase and in the G2 - phase is utilized for cation transport across plasma membranes.	"plasma membranes	258	274	Cellular_component"	"[{""token"": ""plasma membranes"", ""start_span"": 258, ""end_span"": 274, ""type"": ""Cellular_component""}]"
When tumor cells possessed a high level of UK, laminin and type IV collagen, components of the basement membrane, disappeared from tumor tissues.	"basement membrane	95	112	Cellular_component"	"[{""token"": ""basement membrane"", ""start_span"": 95, ""end_span"": 112, ""type"": ""Cellular_component""}]"
Nonidet P - 40 had no effect on glycolysis in cell - free extracts from Ehrlich ascites tumor cells to which soluble mitochondrial ATPase was added.	"mitochondrial	117	130	Cellular_component"	"[{""token"": ""mitochondrial"", ""start_span"": 117, ""end_span"": 130, ""type"": ""Cellular_component""}]"
Epidermal growth factor ( EGF) binds with high affinity and specificity to a single site on the external domain of its transmembrane receptor to activate the tyrosine protein kinase activity of its cytoplasmic portion.	"transmembrane	119	132	Cellular_component"	"[{""token"": ""transmembrane"", ""start_span"": 119, ""end_span"": 132, ""type"": ""Cellular_component""}]"
Tumorigenic hybrid derivatives contained lower numbers of chromosomes than the tetraploid parental hybrids.	"chromosomes	58	69	Cellular_component"	"[{""token"": ""chromosomes"", ""start_span"": 58, ""end_span"": 69, ""type"": ""Cellular_component""}]"
We conclude that the transforming properties of the activated Ha - ras gene in Rat - 1 cells can be suppressed at the post - translational level by the presence of the genome from diploid embryonic rat fibroblasts but additional controls of expression of the transforming gene are likely to exist.	"genome	168	174	Cellular_component"	"[{""token"": ""genome"", ""start_span"": 168, ""end_span"": 174, ""type"": ""Cellular_component""}]"
The existence of proteins encoded by the 3 ' region has been postulated on the basis of multiple open reading frames.	"3 ' region	41	51	Cellular_component"	"[{""token"": ""3 ' region"", ""start_span"": 41, ""end_span"": 51, ""type"": ""Cellular_component""}]"
They do not compete with 125I EGF for binding on the EGF receptors of the membrane of A431 cells.	"membrane	74	82	Cellular_component"	"[{""token"": ""membrane"", ""start_span"": 74, ""end_span"": 82, ""type"": ""Cellular_component""}]"
Transformation by Rous sarcoma virus results in a dramatic increase in the rate at which the transformed cells transport glucose across the cell membrane.	"cell membrane	140	153	Cellular_component"	"[{""token"": ""cell membrane"", ""start_span"": 140, ""end_span"": 153, ""type"": ""Cellular_component""}]"
Utilizing antibody raised against the purified human erythrocyte glucose transporter, we have identified the glucose transporter as a membrane glycoprotein with a monomer Mr of approximately 41, 000.	"membrane	134	142	Cellular_component"	"[{""token"": ""membrane"", ""start_span"": 134, ""end_span"": 142, ""type"": ""Cellular_component""}]"
DNA methylation and expression of HLA - DR alpha.	"DNA	0	3	Cellular_component"	"[{""token"": ""DNA"", ""start_span"": 0, ""end_span"": 3, ""type"": ""Cellular_component""}]"
All of the DR alpha DNA sequences detected by a cloned DR alpha cDNA probe are contained in a BglII fragment which varies slightly in size ( 4. 0 to 4. 8 kilobases) from one individual to another.	"DNA	20	23	Cellular_component"	"[{""token"": ""DNA"", ""start_span"": 20, ""end_span"": 23, ""type"": ""Cellular_component""}]"
In contrast, at least some of these sites were not methylated in DNA from the B - cells expressing high levels of DR alpha mRNA.	"DNA	65	68	Cellular_component"	"[{""token"": ""DNA"", ""start_span"": 65, ""end_span"": 68, ""type"": ""Cellular_component""}]"
Treatment of these T - cells with 5 - azacytidine resulted in the induction of DR surface antigen expression, the appearance of DR alpha mRNA, and the partial demethylation of the DR alpha DNA sequences.	"DNA	189	192	Cellular_component"	"[{""token"": ""DNA"", ""start_span"": 189, ""end_span"": 192, ""type"": ""Cellular_component""}]"
Uncultured peripheral blood T - cells from human T - cell leukemia - lymphoma virus - infected individuals expressed DR antigens at a low level, and the DR alpha locus was partially unmethylated.	"locus	162	167	Cellular_component"	"[{""token"": ""locus"", ""start_span"": 162, ""end_span"": 167, ""type"": ""Cellular_component""}]"
After 48 h in culture, DR antigen expression was substantially increased, but no significant changes were observed in methylation of the DR alpha locus or in the amount of DR mRNA which was present.	"locus	146	151	Cellular_component"	"[{""token"": ""locus"", ""start_span"": 146, ""end_span"": 151, ""type"": ""Cellular_component""}]"
Mutations affecting nuclear transport were far more critical for the ability to interfere with myogenic differentiation than were those affecting the transforming potential; cytoplasmic SVLT expression was fully compatible with the terminal differentiation of C2 cells, despite enabling them to grow in semisolid medium, thus showing that the myogenesis - inhibiting property can be dissociated from transforming competence.	"nuclear	20	27	Cellular_component"	"[{""token"": ""nuclear"", ""start_span"": 20, ""end_span"": 27, ""type"": ""Cellular_component""}]"
A transcript from the long terminal repeats of a murine retrovirus associated with trans activation of cellular genes.	"long terminal repeats	22	43	Cellular_component"	"[{""token"": ""long terminal repeats"", ""start_span"": 22, ""end_span"": 43, ""type"": ""Cellular_component""}]"
The portion of the LTR responsible for trans activation was mapped by deletions to lie within the U3 region.	"LTR	19	22	Cellular_component"	"[{""token"": ""LTR"", ""start_span"": 19, ""end_span"": 22, ""type"": ""Cellular_component""}]"
Analysis of the LTR region reveals a potential internal promoter element for RNA polymerase III transcription within the U3 region.	"LTR	16	19	Cellular_component"	"[{""token"": ""LTR"", ""start_span"": 16, ""end_span"": 19, ""type"": ""Cellular_component""}]"
Studies with polymerase inhibitors suggest that this LTR transcript, designated let ( LTR - encoded trans activator), is a product of RNA polymerase III.	"LTR	53	56	Cellular_component"	"[{""token"": ""LTR"", ""start_span"": 53, ""end_span"": 56, ""type"": ""Cellular_component""}]"
The region of the LTR identified here as being important in trans activation has recently been shown to be a critical determinant of the leukemogenicity and latency of Moloney murine leukemia virus.	"LTR	18	21	Cellular_component"	"[{""token"": ""LTR"", ""start_span"": 18, ""end_span"": 21, ""type"": ""Cellular_component""}]"
Enhanced DNA - binding activity of a Stat3 - related protein in cells transformed by the Src oncoprotein.	"DNA	9	12	Cellular_component"	"[{""token"": ""DNA"", ""start_span"": 9, ""end_span"": 12, ""type"": ""Cellular_component""}]"
Assays of electrophoretic mobility, DNA - binding specificity, and antigenicity indicated that Stat3 or a closely related STAT family member was constitutively activated by the Src oncoprotein.	"DNA	36	39	Cellular_component"	"[{""token"": ""DNA"", ""start_span"": 36, ""end_span"": 39, ""type"": ""Cellular_component""}]"
Induction of this DNA - binding activity was accompanied by tyrosine phosphorylation of Stat3 and correlated with Src transformation.	"DNA	18	21	Cellular_component"	"[{""token"": ""DNA"", ""start_span"": 18, ""end_span"": 21, ""type"": ""Cellular_component""}]"
To study the combined effects of v - erbA and v - myb, the two oncogenes were engineered into a retrovirus bicistronic vector with an internal ribosomal entry site ( IRES) or into a vector with a splice acceptor ( SPL).	"ribosomal	143	152	Cellular_component"	"[{""token"": ""ribosomal"", ""start_span"": 143, ""end_span"": 152, ""type"": ""Cellular_component""}]"
To evaluate the concept that localized delivery of angiogenic factors via virus - mediated gene transfer may be useful in the treatment of ischemic disorders, the replication - deficient adenovirus ( Ad) vector AdCMV. VEGF165 ( where CMV is cytomegalovirus and VEGF is vascular endothelial growth factor) containing the cDNA for human VEGF165, a secreted endothelial cell - specific angiogenic growth factor, was constructed.	"cDNA	320	324	Cellular_component"	"[{""token"": ""cDNA"", ""start_span"": 320, ""end_span"": 324, ""type"": ""Cellular_component""}]"
When plated in 2% serum on dishes precoated with reconstituted basement membrane ( Matrigel), HUVECs infected with AdCMV. VEGF165 ( 20 pfu per cell) differentiated into capillary - like structures.	"basement membrane	63	80	Cellular_component"	"[{""token"": ""basement membrane"", ""start_span"": 63, ""end_span"": 80, ""type"": ""Cellular_component""}]"
In the absence of both GM - CSF and fetal bovine serum ( FBS), 70% of the DNA was fragmented after 3 days in culture, with a characteristic apoptotic ladder - like pattern on agarose gel electrophoresis, whereas this proportion had initially been < 5%.	"DNA	74	77	Cellular_component"	"[{""token"": ""DNA"", ""start_span"": 74, ""end_span"": 77, ""type"": ""Cellular_component""}]"
In contrast, less than 5% of the DNA was fragmented in cells incubated with GM - CSF plus FBS or GM - CSF alone.	"DNA	33	36	Cellular_component"	"[{""token"": ""DNA"", ""start_span"": 33, ""end_span"": 36, ""type"": ""Cellular_component""}]"
Delayed addition of GM - CSF, but not FBS, permitted partial rescue of the cells, inhibiting increasing rates of accumulation of fragmented DNA.	"DNA	140	143	Cellular_component"	"[{""token"": ""DNA"", ""start_span"": 140, ""end_span"": 143, ""type"": ""Cellular_component""}]"
The decrease in ATP level might be explained through the interaction of the amine oxide with the cell membrane integrity.	"cell membrane	97	110	Cellular_component"	"[{""token"": ""cell membrane"", ""start_span"": 97, ""end_span"": 110, ""type"": ""Cellular_component""}]"
9E3 / CEF4 was slightly mitogenic for CEF, causing a doubling of [ 3H] thymidine uptake when added to serum - starved CEF. 9E3 / CEF4 was found associated not only with the cell and in the culture medium of Rous sarcoma virus - transformed CEF but also with the extracellular matrix.	"extracellular matrix	262	282	Cellular_component"	"[{""token"": ""extracellular matrix"", ""start_span"": 262, ""end_span"": 282, ""type"": ""Cellular_component""}]"
VPF / VEGF induced dermal microvascular EC expression of mRNAs encoding the alphav and beta3 integrin subunits resulting in increased levels of the alphavbeta3 heterodimer at the cell surface, and VPF / VEGF also induced mRNA encoding osteopontin ( OPN), an alphavbeta3 ligand.	"cell surface	179	191	Cellular_component"	"[{""token"": ""cell surface"", ""start_span"": 179, ""end_span"": 191, ""type"": ""Cellular_component""}]"
PATIENTS AND METHODS: c - erbB2, evaluated by immunohistochemistry in 145 of 173 patients randomly assigned to 2 - year adjuvant tamoxifen or no further therapy, was considered overexpressed if greater than 10% of the cells showed specific membrane staining.	"membrane	240	248	Cellular_component"	"[{""token"": ""membrane"", ""start_span"": 240, ""end_span"": 248, ""type"": ""Cellular_component""}]"
Addition of c - erbB2 to a multivariate Cox model that contained menopausal status, tumor size, nuclear grade, and treatment as covariates did not affect the significance of the model for DSF or OAS, whereas addition of the first - order interaction between c - erbB2 and tamoxifen was statistically significant both for DFS and OAS.	"nuclear	96	103	Cellular_component"	"[{""token"": ""nuclear"", ""start_span"": 96, ""end_span"": 103, ""type"": ""Cellular_component""}]"
Gene transfer of naked DNA encoding for three isoforms of vascular endothelial growth factor stimulates collateral development in vivo.	"DNA	23	26	Cellular_component"	"[{""token"": ""DNA"", ""start_span"": 23, ""end_span"": 26, ""type"": ""Cellular_component""}]"
We investigated the hypothesis that naked DNA encoding for VEGF could be used in a strategy of arterial gene therapy to stimulate collateral artery development.	"DNA	42	45	Cellular_component"	"[{""token"": ""DNA"", ""start_span"": 42, ""end_span"": 45, ""type"": ""Cellular_component""}]"
Plasmid DNA encoding each of the three principal human VEGF isoforms ( phVEGF121, phVEGF165, or phVEGF189) was applied to the hydrogel polymer coating of an angioplasty balloon and delivered percutaneously to one iliac artery of rabbits with operatively induced hindlimb ischemia.	"Plasmid DNA	0	11	Cellular_component"	"[{""token"": ""Plasmid DNA"", ""start_span"": 0, ""end_span"": 11, ""type"": ""Cellular_component""}]"
Arterial gene transfer of naked DNA encoding for a secreted angiogenic cytokine, thus, represents a potential alternative to recombinant protein administration for stimulating collateral vessel development.	"DNA	32	35	Cellular_component"	"[{""token"": ""DNA"", ""start_span"": 32, ""end_span"": 35, ""type"": ""Cellular_component""}]"
5 - Azacytidine, a potent DNA methylation inhibitor, induced growth of large colonies in soft agar cultures of Rat 6 or Rat 6 / c - myc cells.	"DNA	26	29	Cellular_component"	"[{""token"": ""DNA"", ""start_span"": 26, ""end_span"": 29, ""type"": ""Cellular_component""}]"
E1A proteins stimulate DNA synthesis and cell proliferation; however, they also cause rapid cell death by p53 - dependent and p53 - independent apoptosis.	"DNA	23	26	Cellular_component"	"[{""token"": ""DNA"", ""start_span"": 23, ""end_span"": 26, ""type"": ""Cellular_component""}]"
We demonstrate directly that the wild - type 55 - kDa protein is able to block E1A - induced p53 - dependent apoptosis, whereas cells infected by mutant pm490 / 1 / 5A, which contains alanine residues at all three phosphorylation sites, exhibited extensive DNA fragmentation and classic apoptotic cell death.	"DNA	257	260	Cellular_component"	"[{""token"": ""DNA"", ""start_span"": 257, ""end_span"": 260, ""type"": ""Cellular_component""}]"
The E1B - 55kDa product has been shown to exhibit intrinsic transcriptional repression activity when localized to promoters, such as by fusion with the GAL4 DNA - binding domain, even in the absence of p53.	"DNA	157	160	Cellular_component"	"[{""token"": ""DNA"", ""start_span"": 157, ""end_span"": 160, ""type"": ""Cellular_component""}]"
The primary results indicated ( i) positive results of in situ hybridization are presence of granules or masses in the cytoplasm; ( ii) the less expression of nm23 - H1 mRNA, the higher metastatic rate of the human hepatocellular carcinoma ( P < 0. 05); ( iii) expression of nm23 - H1 mRNA dose not correlate with some other factors such as tumor size and the background of other liver diseases.	"granules	93	101	Cellular_component"	"[{""token"": ""granules"", ""start_span"": 93, ""end_span"": 101, ""type"": ""Cellular_component""}]"
Expression of the cytolytic effectors perforin, granzyme B9, and the granule membrane protein TIA1 were examined in 24 putative NK - cell lymphomas, 18 postthymic T - cell lymphomas ( one case CD8 + CD56 + and three anaplastic large cell lymphomas ( ALCL), three T - lymphoblastic lymphomas, and 20 B - cell lymphomas.	"granule membrane	69	85	Cellular_component"	"[{""token"": ""granule membrane"", ""start_span"": 69, ""end_span"": 85, ""type"": ""Cellular_component""}]"
A low - Km, mitochondrial type II - like tumor HK is described as the predominant form in hepatomas.	"mitochondrial	12	25	Cellular_component"	"[{""token"": ""mitochondrial"", ""start_span"": 12, ""end_span"": 25, ""type"": ""Cellular_component""}]"
Homeobox genes have a strikingly conserved 61 - amino acid sequence, encoding DNA - binding domain.	"DNA	78	81	Cellular_component"	"[{""token"": ""DNA"", ""start_span"": 78, ""end_span"": 81, ""type"": ""Cellular_component""}]"
SOC activation in rat pulmonary arterial endothelial cells increased free cytosolic Ca2 + that was dependent on a membrane current having a net inward component of 5. 45 + / - 0. 90 pA / pF at - 80 mV.	"membrane	114	122	Cellular_component"	"[{""token"": ""membrane"", ""start_span"": 114, ""end_span"": 122, ""type"": ""Cellular_component""}]"
Our study indicates that 1) Ca2 + entry in pulmonary endothelial cells through SOCs produces cell shape change that is dependent on site - specific rearrangement of the microfilamentous cytoskeleton and 2) Trp1 may be a component of pulmonary endothelial SOCs.	"microfilamentous cytoskeleton	169	198	Cellular_component"	"[{""token"": ""microfilamentous cytoskeleton"", ""start_span"": 169, ""end_span"": 198, ""type"": ""Cellular_component""}]"
