Sentence	entity_1	entity_2	entity_3	entity_4	json	split
Notably, unFirm _ 1 - like populations were found in other high - ammonia biogas installations, conjecturing a broader importance for this novel clade of SAOB in anaerobic fermentations.	high - ammonia,59,73,state	biogas,74,80,state	SAOB,154,158,state	anaerobic fermentations,162,185,state	"[{""token"": ""high - ammonia"", ""start_span"": 59, ""end_span"": 73, ""type"": ""state""}, {""token"": ""biogas"", ""start_span"": 74, ""end_span"": 80, ""type"": ""state""}, {""token"": ""SAOB"", ""start_span"": 154, ""end_span"": 158, ""type"": ""state""}, {""token"": ""anaerobic fermentations"", ""start_span"": 162, ""end_span"": 185, ""type"": ""state""}]"	test
Group II This group of four lakes follows the current of the main chain of lakes and includes the largest and deepest lake of the Osterseen Lake District, Lake Grosser Ostersee, which is 2. 15 km long and 0. 83 km wide with a maximum depth of 29 m. The lakes in this group are less influenced by groundwater sources.	largest,98,105,state	deepest,110,117,state	maximum depth of 29 m,226,247,state	less influenced by groundwater sources,277,315,state	"[{""token"": ""largest"", ""start_span"": 98, ""end_span"": 105, ""type"": ""state""}, {""token"": ""deepest"", ""start_span"": 110, ""end_span"": 117, ""type"": ""state""}, {""token"": ""maximum depth of 29 m"", ""start_span"": 226, ""end_span"": 247, ""type"": ""state""}, {""token"": ""less influenced by groundwater sources"", ""start_span"": 277, ""end_span"": 315, ""type"": ""state""}]"	test
Twelve samples collected in the bioreactor from the start - up, steady - state, overloading and recovery periods of the AnMBR process were analyzed.	start - up,52,62,state	steady - state,64,78,state	overloading,80,91,state	recovery,96,104,state	"[{""token"": ""start - up"", ""start_span"": 52, ""end_span"": 62, ""type"": ""state""}, {""token"": ""steady - state"", ""start_span"": 64, ""end_span"": 78, ""type"": ""state""}, {""token"": ""overloading"", ""start_span"": 80, ""end_span"": 91, ""type"": ""state""}, {""token"": ""recovery"", ""start_span"": 96, ""end_span"": 104, ""type"": ""state""}]"	test
In addition, trace elements ( DIN ISO 11885), nutrients ( DIN ISO 11885), fatty acids ( DIN 38409 H21), dry substance ( DIN EN 12880), organic dry substance ( DIN EN 12879), total nitrogen ( DIN ISO 11261), and ammonia nitrogen ( DIN 38406 - E 5) were determined by an external service laboratory ( Schmack Biogas GmbH, Schwandorf, Germany).	fatty acids,74,85,state	total nitrogen,174,188,state	ammonia nitrogen,211,227,state	Biogas,307,313,state	"[{""token"": ""fatty acids"", ""start_span"": 74, ""end_span"": 85, ""type"": ""state""}, {""token"": ""total nitrogen"", ""start_span"": 174, ""end_span"": 188, ""type"": ""state""}, {""token"": ""ammonia nitrogen"", ""start_span"": 211, ""end_span"": 227, ""type"": ""state""}, {""token"": ""Biogas"", ""start_span"": 307, ""end_span"": 313, ""type"": ""state""}]"	test
Here we show that with 16 weeks of KD, mice had significant increases in CBF and P - glycoprotein transports on BBB to facilitate clearance of amyloid - beta, a hallmark of Alzheimers disease ( AD).	16 weeks,23,31,state	CBF,73,76,state	P - glycoprotein transports on BBB,81,115,state	clearance of amyloid - beta,130,157,state	"[{""token"": ""16 weeks"", ""start_span"": 23, ""end_span"": 31, ""type"": ""state""}, {""token"": ""CBF"", ""start_span"": 73, ""end_span"": 76, ""type"": ""state""}, {""token"": ""P - glycoprotein transports on BBB"", ""start_span"": 81, ""end_span"": 115, ""type"": ""state""}, {""token"": ""clearance of amyloid - beta"", ""start_span"": 130, ""end_span"": 157, ""type"": ""state""}]"	test
For K / BxN colonization experiments, three - week - old SPF K / BxN mice were treated with ampicillin ( 1g / L), neomycin ( 1g / L), and metronidazole ( 1g / L) for 10 days.	K / BxN,4,11,state	three - week - old,38,56,state	SPF,57,60,state	K / BxN,61,68,state	"[{""token"": ""K / BxN"", ""start_span"": 4, ""end_span"": 11, ""type"": ""state""}, {""token"": ""three - week - old"", ""start_span"": 38, ""end_span"": 56, ""type"": ""state""}, {""token"": ""SPF"", ""start_span"": 57, ""end_span"": 60, ""type"": ""state""}, {""token"": ""K / BxN"", ""start_span"": 61, ""end_span"": 68, ""type"": ""state""}]"	test
Hydrogen sulfide and nitrogen gas were continuously supplied, whereas the oxygen and carbon dioxide dosing rates were pulse - wise controlled with a multiparameter transmitter ( Liquiline CM442 - 1102 / 0, Endress + Hauser, Germany) based on the signals from a redox sensor, equipped with an internal Ag / AgCl reference electrode ( Orbisint 12D - 7PA41; Endress + Hauser, Germany) and a pH sensor ( Orbisint 11D - 7AA41; Endress + Hauser, Germany).	Hydrogen sulfide,0,16,state	nitrogen gas,21,33,state	oxygen,74,80,state	carbon dioxide,85,99,state	"[{""token"": ""Hydrogen sulfide"", ""start_span"": 0, ""end_span"": 16, ""type"": ""state""}, {""token"": ""nitrogen gas"", ""start_span"": 21, ""end_span"": 33, ""type"": ""state""}, {""token"": ""oxygen"", ""start_span"": 74, ""end_span"": 80, ""type"": ""state""}, {""token"": ""carbon dioxide"", ""start_span"": 85, ""end_span"": 99, ""type"": ""state""}]"	test
MATERIALS AND METHODS Sampling and physiochemical measurements Benthic mat samples were collected on 26 June 2012 at 16: 00 PDT ( photon flux 490 mol photons PAR m2 s1; due to partial cloudiness) and 27 June 2012 at 01: 00 PDT ( photon flux 0 mol photons PAR m2 s1) and at 16: 00 PDT ( photon flux 1225 mol photon PAR m2 s1) from a water depth of 3540cm located in northeastern Washington state ( USA) ( 48. 97347119. 476322).	photon flux 490 mol photons PAR m2 s1,130,167,state	partial cloudiness,176,194,state	photon flux 0 mol photons PAR m2 s1,229,264,state	photon flux 1225 mol photon PAR m2 s1,286,323,state	"[{""token"": ""photon flux 490 mol photons PAR m2 s1"", ""start_span"": 130, ""end_span"": 167, ""type"": ""state""}, {""token"": ""partial cloudiness"", ""start_span"": 176, ""end_span"": 194, ""type"": ""state""}, {""token"": ""photon flux 0 mol photons PAR m2 s1"", ""start_span"": 229, ""end_span"": 264, ""type"": ""state""}, {""token"": ""photon flux 1225 mol photon PAR m2 s1"", ""start_span"": 286, ""end_span"": 323, ""type"": ""state""}]"	test
Sequences analyzed in a previous study of the microbial diversity of Mono Lake by Humayoun et al. ( 2003), who sampled different depths from the same redox zones at Station 6 ( 2 m, aerobic; 17. 5 m, microaerophilic, 23 m, anoxic; and 35 m, sulfidic, see Humayoun et al., 2003), were downloaded from NCBI GenBank ( n = 274).	aerobic,182,189,state	microaerophilic,200,215,state	anoxic,223,229,state	sulfidic,241,249,state	"[{""token"": ""aerobic"", ""start_span"": 182, ""end_span"": 189, ""type"": ""state""}, {""token"": ""microaerophilic"", ""start_span"": 200, ""end_span"": 215, ""type"": ""state""}, {""token"": ""anoxic"", ""start_span"": 223, ""end_span"": 229, ""type"": ""state""}, {""token"": ""sulfidic"", ""start_span"": 241, ""end_span"": 249, ""type"": ""state""}]"	test
The remaining cohort of chicks from the sampled breeder flock was placed in the lower story of a two - story commercial broiler house ( hereafter called the monitored flock).	chicks,24,30,state	breeder,48,55,state	two - story,97,108,state	commercial,109,119,state	"[{""token"": ""chicks"", ""start_span"": 24, ""end_span"": 30, ""type"": ""state""}, {""token"": ""breeder"", ""start_span"": 48, ""end_span"": 55, ""type"": ""state""}, {""token"": ""two - story"", ""start_span"": 97, ""end_span"": 108, ""type"": ""state""}, {""token"": ""commercial"", ""start_span"": 109, ""end_span"": 119, ""type"": ""state""}]"	test
Briefly, undiluted native CVF was obtained from women who were of reproductive age ( 18 to 45 years old) and in good general health by using a self - sampling menstrual collection device ( Instead Softcup).	women,48,53,state	reproductive age,66,82,state	18 to 45 years old,85,103,state	good general health,112,131,state	"[{""token"": ""women"", ""start_span"": 48, ""end_span"": 53, ""type"": ""state""}, {""token"": ""reproductive age"", ""start_span"": 66, ""end_span"": 82, ""type"": ""state""}, {""token"": ""18 to 45 years old"", ""start_span"": 85, ""end_span"": 103, ""type"": ""state""}, {""token"": ""good general health"", ""start_span"": 112, ""end_span"": 131, ""type"": ""state""}]"	train
Quantitative Determination of Phenolic Acids and Flavonoids The phenolic acids were evaluated using a five - point calibration curve of ferulic acid at 330 nm, ( R2 = 1, linearity range 00. 21 g), while the flavonoid content was determined using a five - point calibration curve of apigenin at 350 nm ( R2 = 0. 999, linearity range 00. 80 g).	Phenolic Acids,30,44,state	Flavonoids,49,59,state	phenolic acids,64,78,state	flavonoid,207,216,state	"[{""token"": ""Phenolic Acids"", ""start_span"": 30, ""end_span"": 44, ""type"": ""state""}, {""token"": ""Flavonoids"", ""start_span"": 49, ""end_span"": 59, ""type"": ""state""}, {""token"": ""phenolic acids"", ""start_span"": 64, ""end_span"": 78, ""type"": ""state""}, {""token"": ""flavonoid"", ""start_span"": 207, ""end_span"": 216, ""type"": ""state""}]"	train
Inhibition effect of humic acid ( HA) on anaerobic digestion of cellulose and xylan and the mitigation potential of the inhibition were evaluated in controlled fed batch reactors at 30C and a hydraulic retention time ( HRT) of 20days.	anaerobic digestion,41,60,state	controlled fed,149,163,state	batch,164,169,state	30C,182,185,state	"[{""token"": ""anaerobic digestion"", ""start_span"": 41, ""end_span"": 60, ""type"": ""state""}, {""token"": ""controlled fed"", ""start_span"": 149, ""end_span"": 163, ""type"": ""state""}, {""token"": ""batch"", ""start_span"": 164, ""end_span"": 169, ""type"": ""state""}, {""token"": ""30C"", ""start_span"": 182, ""end_span"": 185, ""type"": ""state""}]"	train
Both UASB reactors were filled with a methanogenic inoculum ( 1. 5L) and neutralized lactate - rich artificial medium ( 2L), and then incubated at room temperature ( 2025C).	methanogenic,38,50,state	lactate - rich,85,99,state	room temperature,147,163,state	2025C,166,171,state	"[{""token"": ""methanogenic"", ""start_span"": 38, ""end_span"": 50, ""type"": ""state""}, {""token"": ""lactate - rich"", ""start_span"": 85, ""end_span"": 99, ""type"": ""state""}, {""token"": ""room temperature"", ""start_span"": 147, ""end_span"": 163, ""type"": ""state""}, {""token"": ""2025C"", ""start_span"": 166, ""end_span"": 171, ""type"": ""state""}]"	train
To quantify stability in insects, mature larvae were mono - associated as described above with E. mundtii G2 carrying either pRK1 or pRK62, and returned to conventional grain - honey diet to complete larval and pupal development.	mature,34,40,state	larvae,41,47,state	larval,200,206,state	pupal,211,216,state	"[{""token"": ""mature"", ""start_span"": 34, ""end_span"": 40, ""type"": ""state""}, {""token"": ""larvae"", ""start_span"": 41, ""end_span"": 47, ""type"": ""state""}, {""token"": ""larval"", ""start_span"": 200, ""end_span"": 206, ""type"": ""state""}, {""token"": ""pupal"", ""start_span"": 211, ""end_span"": 216, ""type"": ""state""}]"	train
The diffuse, low - temperature venting area on the northeastern flank of the hydrothermal mound ( Figure S1B) is characterized by patchy dense colonization by siboglinid tubeworms ( Sclerolinum contortum) ( Kongsrud and Rapp, 2012) and small mound - to chimney - like structures ( 1 m tall) of barite ( Figures 1AE), which demonstrate active venting by being partially covered by thick ( several cm), white microbial mats ( Figures 1AD; Figure S2A).	diffuse,4,11,state	low - temperature,13,30,state	barite,294,300,state	active,335,341,state	"[{""token"": ""diffuse"", ""start_span"": 4, ""end_span"": 11, ""type"": ""state""}, {""token"": ""low - temperature"", ""start_span"": 13, ""end_span"": 30, ""type"": ""state""}, {""token"": ""barite"", ""start_span"": 294, ""end_span"": 300, ""type"": ""state""}, {""token"": ""active"", ""start_span"": 335, ""end_span"": 341, ""type"": ""state""}]"	train
K / BxN mice were generated by crossing KRN TCR transgenic mice on the B6 background with NOD mice and maintained at the University of Arizona.	K / BxN,0,7,state	KRN TCR,40,47,state	transgenic,48,58,state	NOD,90,93,state	"[{""token"": ""K / BxN"", ""start_span"": 0, ""end_span"": 7, ""type"": ""state""}, {""token"": ""KRN TCR"", ""start_span"": 40, ""end_span"": 47, ""type"": ""state""}, {""token"": ""transgenic"", ""start_span"": 48, ""end_span"": 58, ""type"": ""state""}, {""token"": ""NOD"", ""start_span"": 90, ""end_span"": 93, ""type"": ""state""}]"	train
In order to better understand the methanogenic communities that are responsible for methane production in acetate - fed MECs operated with current generation, we examined microbial communities and gas production rates in MECs using two different inoculum sources: sediments from a natural bog; and anaerobic digester ( AD) sludge from a local wastewater treatment plant.	methane production,84,102,state	acetate - fed,106,119,state	gas production rates,197,217,state	anaerobic,298,307,state	"[{""token"": ""methane production"", ""start_span"": 84, ""end_span"": 102, ""type"": ""state""}, {""token"": ""acetate - fed"", ""start_span"": 106, ""end_span"": 119, ""type"": ""state""}, {""token"": ""gas production rates"", ""start_span"": 197, ""end_span"": 217, ""type"": ""state""}, {""token"": ""anaerobic"", ""start_span"": 298, ""end_span"": 307, ""type"": ""state""}]"	train
The newborns were followed by monthly stool sampling, periodic laboratory assays and questionnaires regarding breastfeeding, diet, allergies, infections, family history, use of drugs and clinical examinations.	newborns,4,12,state	breastfeeding,110,123,state	allergies,131,140,state	infections,142,152,state	"[{""token"": ""newborns"", ""start_span"": 4, ""end_span"": 12, ""type"": ""state""}, {""token"": ""breastfeeding"", ""start_span"": 110, ""end_span"": 123, ""type"": ""state""}, {""token"": ""allergies"", ""start_span"": 131, ""end_span"": 140, ""type"": ""state""}, {""token"": ""infections"", ""start_span"": 142, ""end_span"": 152, ""type"": ""state""}]"	train
Enlarged lymph nodes demonstrating CD histopathology can occur in isolation ( unicentric CD; UCD) sometimes accompanied by mild symptoms, or at multiple sites ( multicentric CD, MCD) with systemic inflammation and cytokine - driven multi - organ dysfunction.	Enlarged lymph nodes,0,20,state	CD histopathology,35,52,state	systemic inflammation,188,209,state	cytokine - driven multi - organ dysfunction,214,257,state	"[{""token"": ""Enlarged lymph nodes"", ""start_span"": 0, ""end_span"": 20, ""type"": ""state""}, {""token"": ""CD histopathology"", ""start_span"": 35, ""end_span"": 52, ""type"": ""state""}, {""token"": ""systemic inflammation"", ""start_span"": 188, ""end_span"": 209, ""type"": ""state""}, {""token"": ""cytokine - driven multi - organ dysfunction"", ""start_span"": 214, ""end_span"": 257, ""type"": ""state""}]"	train
Results Hypercholesterolemia and drug treatment analysis Hypercholesterolemia was confirmed at 5 weeks of HFD feeding by elevated serum cholesterol levels.	Hypercholesterolemia,8,28,state	Hypercholesterolemia,57,77,state	HFD,106,109,state	elevated serum cholesterol,121,147,state	"[{""token"": ""Hypercholesterolemia"", ""start_span"": 8, ""end_span"": 28, ""type"": ""state""}, {""token"": ""Hypercholesterolemia"", ""start_span"": 57, ""end_span"": 77, ""type"": ""state""}, {""token"": ""HFD"", ""start_span"": 106, ""end_span"": 109, ""type"": ""state""}, {""token"": ""elevated serum cholesterol"", ""start_span"": 121, ""end_span"": 147, ""type"": ""state""}]"	train
Therefore, the present investigation sought to investigate the role of RA in modulating the periodontal microbiome by comparing periodontally healthy individuals with and without RA.	RA,71,73,state	periodontally,128,141,state	healthy,142,149,state	RA,179,181,state	"[{""token"": ""RA"", ""start_span"": 71, ""end_span"": 73, ""type"": ""state""}, {""token"": ""periodontally"", ""start_span"": 128, ""end_span"": 141, ""type"": ""state""}, {""token"": ""healthy"", ""start_span"": 142, ""end_span"": 149, ""type"": ""state""}, {""token"": ""RA"", ""start_span"": 179, ""end_span"": 181, ""type"": ""state""}]"	train
This interval was visually distinct ( light brown, oxidized) from darker, reduced sub - surface sediment.	light brown,38,49,state	oxidized,51,59,state	darker,66,72,state	reduced,74,81,state	"[{""token"": ""light brown"", ""start_span"": 38, ""end_span"": 49, ""type"": ""state""}, {""token"": ""oxidized"", ""start_span"": 51, ""end_span"": 59, ""type"": ""state""}, {""token"": ""darker"", ""start_span"": 66, ""end_span"": 72, ""type"": ""state""}, {""token"": ""reduced"", ""start_span"": 74, ""end_span"": 81, ""type"": ""state""}]"	train
Duplicate serum bottles for all oils and all nitrate concentrations were incubated upside down at 30C for 90 days, while shaking at 80 rpm.	nitrate,45,52,state	upside down,83,94,state	30C,98,101,state	shaking at 80 rpm,121,138,state	"[{""token"": ""nitrate"", ""start_span"": 45, ""end_span"": 52, ""type"": ""state""}, {""token"": ""upside down"", ""start_span"": 83, ""end_span"": 94, ""type"": ""state""}, {""token"": ""30C"", ""start_span"": 98, ""end_span"": 101, ""type"": ""state""}, {""token"": ""shaking at 80 rpm"", ""start_span"": 121, ""end_span"": 138, ""type"": ""state""}]"	train
This study focuses on metabolic transformation of lactate during the acetogenic and methanogenic steps of anaerobic digestion in methane - yielding bioreactors.	acetogenic,69,79,state	methanogenic,84,96,state	anaerobic digestion,106,125,state	methane - yielding,129,147,state	"[{""token"": ""acetogenic"", ""start_span"": 69, ""end_span"": 79, ""type"": ""state""}, {""token"": ""methanogenic"", ""start_span"": 84, ""end_span"": 96, ""type"": ""state""}, {""token"": ""anaerobic digestion"", ""start_span"": 106, ""end_span"": 125, ""type"": ""state""}, {""token"": ""methane - yielding"", ""start_span"": 129, ""end_span"": 147, ""type"": ""state""}]"	train
At pH levels of < 7, samples contain the lactate anion and protonated lactic acid, the sum of which we refer to as lactic acid.	pH,3,5,state	lactate anion,41,54,state	protonated lactic acid,59,81,state	lactic acid,115,126,state	"[{""token"": ""pH"", ""start_span"": 3, ""end_span"": 5, ""type"": ""state""}, {""token"": ""lactate anion"", ""start_span"": 41, ""end_span"": 54, ""type"": ""state""}, {""token"": ""protonated lactic acid"", ""start_span"": 59, ""end_span"": 81, ""type"": ""state""}, {""token"": ""lactic acid"", ""start_span"": 115, ""end_span"": 126, ""type"": ""state""}]"	train
Dilution effects along the chain of lakes following the current and differences in the nutrient load of the ground water at several points along the chain have created a unique trophic gradient from eutrophic to oligotrophic conditions.	Dilution effects,0,16,state	trophic gradient,177,193,state	eutrophic,199,208,state	oligotrophic,212,224,state	"[{""token"": ""Dilution effects"", ""start_span"": 0, ""end_span"": 16, ""type"": ""state""}, {""token"": ""trophic gradient"", ""start_span"": 177, ""end_span"": 193, ""type"": ""state""}, {""token"": ""eutrophic"", ""start_span"": 199, ""end_span"": 208, ""type"": ""state""}, {""token"": ""oligotrophic"", ""start_span"": 212, ""end_span"": 224, ""type"": ""state""}]"	train
Samples from patients with CD were assayed for HHV - 8 infection at diagnosis or flare by either latency - associated nuclear antigen - 1 ( LANA - 1) staining or PCR testing for HHV - 8 DNA of biopsied lymph node tissue.	patients,13,21,state	CD,27,29,state	HHV - 8 infection,47,64,state	flare,81,86,state	"[{""token"": ""patients"", ""start_span"": 13, ""end_span"": 21, ""type"": ""state""}, {""token"": ""CD"", ""start_span"": 27, ""end_span"": 29, ""type"": ""state""}, {""token"": ""HHV - 8 infection"", ""start_span"": 47, ""end_span"": 64, ""type"": ""state""}, {""token"": ""flare"", ""start_span"": 81, ""end_span"": 86, ""type"": ""state""}]"	train
A majority of the women had normal cervical cytology ( 75. 6% ( 62 / 82)) while few had experienced vaginal discharge ( 15. 4% 12 / 78)) or genital ulceration ( 2. 3% ( 2 / 87)) in the last 6 months.	women,18,23,state	normal cervical cytology,28,52,state	vaginal discharge,100,117,state	genital ulceration,140,158,state	"[{""token"": ""women"", ""start_span"": 18, ""end_span"": 23, ""type"": ""state""}, {""token"": ""normal cervical cytology"", ""start_span"": 28, ""end_span"": 52, ""type"": ""state""}, {""token"": ""vaginal discharge"", ""start_span"": 100, ""end_span"": 117, ""type"": ""state""}, {""token"": ""genital ulceration"", ""start_span"": 140, ""end_span"": 158, ""type"": ""state""}]"	train
The filtrate from the 0. 2 m Sterivex filter cartridges ( EMD Millipore, Billerica, MA) used for molecular sampling ( see methods below) was collected into an acid - cleaned 30 mL Nalgene bottle ( Tupas et al., 1994; Joye et al., 2010) for dissolved organic carbon ( DOC) and nitrogen and phosphorous species: total dissolved nitrogen ( TDN), ammonium ( NH4 +), nitrite ( NO2 -), nitrite + nitrate ( NO2 - + NO3 -), total dissolved phosphorous ( TDP), and orthophosphate ( PO4 - 3).	nitrogen,276,284,state	phosphorous,289,300,state	nitrogen,326,334,state	phosphorous,432,443,state	"[{""token"": ""nitrogen"", ""start_span"": 276, ""end_span"": 284, ""type"": ""state""}, {""token"": ""phosphorous"", ""start_span"": 289, ""end_span"": 300, ""type"": ""state""}, {""token"": ""nitrogen"", ""start_span"": 326, ""end_span"": 334, ""type"": ""state""}, {""token"": ""phosphorous"", ""start_span"": 432, ""end_span"": 443, ""type"": ""state""}]"	train
First on March 9th 2011 ( N: 053 44 153 / E: 007 41 943, 3C, overcast), second on March 6th 2012 ( N: 053 44 133 / E: 007 41 989, 9C, sunny).	3C,57,59,state	overcast,61,69,state	9C,130,132,state	sunny,134,139,state	"[{""token"": ""3C"", ""start_span"": 57, ""end_span"": 59, ""type"": ""state""}, {""token"": ""overcast"", ""start_span"": 61, ""end_span"": 69, ""type"": ""state""}, {""token"": ""9C"", ""start_span"": 130, ""end_span"": 132, ""type"": ""state""}, {""token"": ""sunny"", ""start_span"": 134, ""end_span"": 139, ""type"": ""state""}]"	train
Animal weight, food and beverage intake, stool appearance and behaviour were monitored daily.	weight,7,13,state	food and beverage intake,15,39,state	stool appearance,41,57,state	behaviour,62,71,state	"[{""token"": ""weight"", ""start_span"": 7, ""end_span"": 13, ""type"": ""state""}, {""token"": ""food and beverage intake"", ""start_span"": 15, ""end_span"": 39, ""type"": ""state""}, {""token"": ""stool appearance"", ""start_span"": 41, ""end_span"": 57, ""type"": ""state""}, {""token"": ""behaviour"", ""start_span"": 62, ""end_span"": 71, ""type"": ""state""}]"	train
The Loki ' s Castle Vent Field ( LCVF), located at the Arctic Mid - Ocean Ridge ( AMOR) in the Norwegian - Greenland Sea, is a sediment - influenced, basalt - hosted hydrothermal field with emanating fluids with high concentrations of H2S, H2, CH4, and NH4 + ( Pedersen et al., 2010).	basalt,150,156,state	H2S,235,238,state	H2,240,242,state	CH4,244,247,state	"[{""token"": ""basalt"", ""start_span"": 150, ""end_span"": 156, ""type"": ""state""}, {""token"": ""H2S"", ""start_span"": 235, ""end_span"": 238, ""type"": ""state""}, {""token"": ""H2"", ""start_span"": 240, ""end_span"": 242, ""type"": ""state""}, {""token"": ""CH4"", ""start_span"": 244, ""end_span"": 247, ""type"": ""state""}]"	train
Intestines were collected from six birds post mortem from the monitored and control flocks each when the birds were 2 weeks ( monitored: 2W _ 12W _ 6 and control: 2W _ C12W _ C6), 4 weeks ( monitored: 4W _ 14W _ 6 and control: 4W _ C14W _ C6) and 6 weeks ( monitored: 6W _ 16W _ 6 and control: 6W _ C16W _ C6) of age.	post mortem,41,52,state	2 weeks,116,123,state	4 weeks,180,187,state	6 weeks,247,254,state	"[{""token"": ""post mortem"", ""start_span"": 41, ""end_span"": 52, ""type"": ""state""}, {""token"": ""2 weeks"", ""start_span"": 116, ""end_span"": 123, ""type"": ""state""}, {""token"": ""4 weeks"", ""start_span"": 180, ""end_span"": 187, ""type"": ""state""}, {""token"": ""6 weeks"", ""start_span"": 247, ""end_span"": 254, ""type"": ""state""}]"	train
The working concentration range was between 0. 1 and 5 mM. GC Measurements Carbon dioxide and CH4 measurements were performed simultaneously using 7890B GC system with flame ionization detector ( FID) for CH4 and thermal conductivity detector ( TCD) for CO2.	Carbon dioxide,75,89,state	CH4,94,97,state	CH4,205,208,state	CO2,254,257,state	"[{""token"": ""Carbon dioxide"", ""start_span"": 75, ""end_span"": 89, ""type"": ""state""}, {""token"": ""CH4"", ""start_span"": 94, ""end_span"": 97, ""type"": ""state""}, {""token"": ""CH4"", ""start_span"": 205, ""end_span"": 208, ""type"": ""state""}, {""token"": ""CO2"", ""start_span"": 254, ""end_span"": 257, ""type"": ""state""}]"	train
In addition to the active venting barite field, an extinct vent area with barite - rich silica chimneys ( Figure 1G; Figure S2B) is present further to the southwest of the hydrothermal mound ( Figure S1B).	active,19,25,state	barite,34,40,state	extinct,51,58,state	barite,74,80,state	"[{""token"": ""active"", ""start_span"": 19, ""end_span"": 25, ""type"": ""state""}, {""token"": ""barite"", ""start_span"": 34, ""end_span"": 40, ""type"": ""state""}, {""token"": ""extinct"", ""start_span"": 51, ""end_span"": 58, ""type"": ""state""}, {""token"": ""barite"", ""start_span"": 74, ""end_span"": 80, ""type"": ""state""}]"	train
For mucus scores, 0 corresponded to no visible mucus; 1 to occasional and punctate mucus staining in the airways; 2 to presence of ring - like mucus structures in less than 10% of airways; and 3 to presence of ring - like mucus structures in greater than 10% of airways.	no visible mucus,36,52,state	occasional and punctate mucus,59,88,state	ring - like mucus structures,131,159,state	ring - like mucus structures,210,238,state	"[{""token"": ""no visible mucus"", ""start_span"": 36, ""end_span"": 52, ""type"": ""state""}, {""token"": ""occasional and punctate mucus"", ""start_span"": 59, ""end_span"": 88, ""type"": ""state""}, {""token"": ""ring - like mucus structures"", ""start_span"": 131, ""end_span"": 159, ""type"": ""state""}, {""token"": ""ring - like mucus structures"", ""start_span"": 210, ""end_span"": 238, ""type"": ""state""}]"	train
To be eligible for the study, participants had to be female, 18 to 23years old, HIV - 1 uninfected, and sexually active.	female,53,59,state	18 to 23years old,61,78,state	HIV - 1 uninfected,80,98,state	sexually active,104,119,state	"[{""token"": ""female"", ""start_span"": 53, ""end_span"": 59, ""type"": ""state""}, {""token"": ""18 to 23years old"", ""start_span"": 61, ""end_span"": 78, ""type"": ""state""}, {""token"": ""HIV - 1 uninfected"", ""start_span"": 80, ""end_span"": 98, ""type"": ""state""}, {""token"": ""sexually active"", ""start_span"": 104, ""end_span"": 119, ""type"": ""state""}]"	train
Simulating riverbed burial and development of anoxic conditions, sediment microcosm experiments amended with Animas River dissolved organic carbon revealed the release of specific metal pools coupled to microbial Fe - and SO42 - reduction.	anoxic,46,52,state	organic carbon,132,146,state	metal pools,180,191,state	Fe - and SO42 - reduction,213,238,state	"[{""token"": ""anoxic"", ""start_span"": 46, ""end_span"": 52, ""type"": ""state""}, {""token"": ""organic carbon"", ""start_span"": 132, ""end_span"": 146, ""type"": ""state""}, {""token"": ""metal pools"", ""start_span"": 180, ""end_span"": 191, ""type"": ""state""}, {""token"": ""Fe - and SO42 - reduction"", ""start_span"": 213, ""end_span"": 238, ""type"": ""state""}]"	train
SCFAs are among the main products of cheese whey AD and, despite the low alkalinity typical of this waste, Fontana et al. have recently demonstrated the higher efficiency of a two - stage continuous stirred tank reactor ( CSTR) than a single - stage configuration for treating whey permeate and hard - cheese solid waste to produce biogas [ 10].	two - stage,176,187,state	continuous stirred,188,206,state	single - stage,235,249,state	biogas,332,338,state	"[{""token"": ""two - stage"", ""start_span"": 176, ""end_span"": 187, ""type"": ""state""}, {""token"": ""continuous stirred"", ""start_span"": 188, ""end_span"": 206, ""type"": ""state""}, {""token"": ""single - stage"", ""start_span"": 235, ""end_span"": 249, ""type"": ""state""}, {""token"": ""biogas"", ""start_span"": 332, ""end_span"": 338, ""type"": ""state""}]"	train
We recruited in Thailand at Khun Chang Khian ( KCK), a rural Hmong village located one hour from Chiang Mai city, as well as from Mae La ( ML) Camp, a Burmese refugee camp in Tak province located on the Myanmar - Thailand border ( Figure S1).	rural,55,60,state	Hmong,61,66,state	Burmese,151,158,state	refugee,159,166,state	"[{""token"": ""rural"", ""start_span"": 55, ""end_span"": 60, ""type"": ""state""}, {""token"": ""Hmong"", ""start_span"": 61, ""end_span"": 66, ""type"": ""state""}, {""token"": ""Burmese"", ""start_span"": 151, ""end_span"": 158, ""type"": ""state""}, {""token"": ""refugee"", ""start_span"": 159, ""end_span"": 166, ""type"": ""state""}]"	train
Stock concentrations of fluorene, naphthalene, and benzo [] pyrene in acetone was hand mixed into 350 g batches of sand from St. George or Orange beach for 1 min to achieve final concentrations of 100 g g1 naphthalene, 120 g g1 fluorene, and 20 g g1 benzo [] pyrene in the columns.	fluorene,24,32,state	naphthalene,34,45,state	naphthalene,206,217,state	fluorene,228,236,state	"[{""token"": ""fluorene"", ""start_span"": 24, ""end_span"": 32, ""type"": ""state""}, {""token"": ""naphthalene"", ""start_span"": 34, ""end_span"": 45, ""type"": ""state""}, {""token"": ""naphthalene"", ""start_span"": 206, ""end_span"": 217, ""type"": ""state""}, {""token"": ""fluorene"", ""start_span"": 228, ""end_span"": 236, ""type"": ""state""}]"	train
For warmed plants, all leaf gas exchange measurements were conducted under the prevailing microclimatic conditions within the OTCs ( i. e., elevated temperature and vapor pressure deficit relative to ambient).	warmed,4,10,state	leaf gas exchange,23,40,state	elevated temperature,140,160,state	vapor pressure deficit,165,187,state	"[{""token"": ""warmed"", ""start_span"": 4, ""end_span"": 10, ""type"": ""state""}, {""token"": ""leaf gas exchange"", ""start_span"": 23, ""end_span"": 40, ""type"": ""state""}, {""token"": ""elevated temperature"", ""start_span"": 140, ""end_span"": 160, ""type"": ""state""}, {""token"": ""vapor pressure deficit"", ""start_span"": 165, ""end_span"": 187, ""type"": ""state""}]"	train
Conclusions These results provide evidence for the potential of mixed - culture syngas fermentation, since the CO - enriched mixed culture showed high functional redundancy, was resilient to changes in syngas composition, and was capable of producing acetate or ethanol as main products of CO metabolism.	syngas fermentation,80,99,state	CO - enriched,111,124,state	syngas composition,202,220,state	acetate,251,258,state	"[{""token"": ""syngas fermentation"", ""start_span"": 80, ""end_span"": 99, ""type"": ""state""}, {""token"": ""CO - enriched"", ""start_span"": 111, ""end_span"": 124, ""type"": ""state""}, {""token"": ""syngas composition"", ""start_span"": 202, ""end_span"": 220, ""type"": ""state""}, {""token"": ""acetate"", ""start_span"": 251, ""end_span"": 258, ""type"": ""state""}]"	train
Children ages 10 to 18years old with CF confirmed by genotype analysis were recruited from the CF program at Johns Hopkins University School of Medicine.	Children,0,8,state	10 to 18years old,14,31,state	CF,37,39,state	CF,95,97,state	"[{""token"": ""Children"", ""start_span"": 0, ""end_span"": 8, ""type"": ""state""}, {""token"": ""10 to 18years old"", ""start_span"": 14, ""end_span"": 31, ""type"": ""state""}, {""token"": ""CF"", ""start_span"": 37, ""end_span"": 39, ""type"": ""state""}, {""token"": ""CF"", ""start_span"": 95, ""end_span"": 97, ""type"": ""state""}]"	train
The water column is generally oxic, oxygen penetration depth in the sediment is low ( 15 mm; Rasmussen and Jrgensen, 1992), and bioturbation is visible from sediment color and faunal tracks in the top 3 cm.	oxic,30,34,state	oxygen penetration depth in the sediment is low ( 15 mm,36,91,state	bioturbation,128,140,state	faunal tracks in the top 3 cm,176,205,state	"[{""token"": ""oxic"", ""start_span"": 30, ""end_span"": 34, ""type"": ""state""}, {""token"": ""oxygen penetration depth in the sediment is low ( 15 mm"", ""start_span"": 36, ""end_span"": 91, ""type"": ""state""}, {""token"": ""bioturbation"", ""start_span"": 128, ""end_span"": 140, ""type"": ""state""}, {""token"": ""faunal tracks in the top 3 cm"", ""start_span"": 176, ""end_span"": 205, ""type"": ""state""}]"	train
We subsequently demonstrate the effectiveness of our approach to survey eukaryotic microbiota in a study of stool samples from 46 Malawian children hospitalized for Severe Acute Malnutrition ( SAM) [ 26, 27], a cohort with a high expected prevalence of intestinal parasites.	Malawian,130,138,state	children,139,147,state	hospitalized,148,160,state	high expected prevalence of intestinal parasites,225,273,state	"[{""token"": ""Malawian"", ""start_span"": 130, ""end_span"": 138, ""type"": ""state""}, {""token"": ""children"", ""start_span"": 139, ""end_span"": 147, ""type"": ""state""}, {""token"": ""hospitalized"", ""start_span"": 148, ""end_span"": 160, ""type"": ""state""}, {""token"": ""high expected prevalence of intestinal parasites"", ""start_span"": 225, ""end_span"": 273, ""type"": ""state""}]"	train
The contents of Mg2 +, K +, and Na + ( in 1M NH4acetate pH 7) were analyzed using an ICPAES ( GDC Integra XMP).	Mg2 +,16,21,state	K +,23,26,state	Na +,32,36,state	pH,56,58,state	"[{""token"": ""Mg2 +"", ""start_span"": 16, ""end_span"": 21, ""type"": ""state""}, {""token"": ""K +"", ""start_span"": 23, ""end_span"": 26, ""type"": ""state""}, {""token"": ""Na +"", ""start_span"": 32, ""end_span"": 36, ""type"": ""state""}, {""token"": ""pH"", ""start_span"": 56, ""end_span"": 58, ""type"": ""state""}]"	train
The pond was shallow ( 30 - 35 cm deep) yet stratified, with an oxic upper water layer of 15 - 20 cm above the anoxic, S - rich ( data not shown) layer.	shallow,13,20,state	stratified,44,54,state	oxic,64,68,state	S - rich,119,127,state	"[{""token"": ""shallow"", ""start_span"": 13, ""end_span"": 20, ""type"": ""state""}, {""token"": ""stratified"", ""start_span"": 44, ""end_span"": 54, ""type"": ""state""}, {""token"": ""oxic"", ""start_span"": 64, ""end_span"": 68, ""type"": ""state""}, {""token"": ""S - rich"", ""start_span"": 119, ""end_span"": 127, ""type"": ""state""}]"	train
Methods Animal Subjects C57BL / 6J nursing mothers with three week old female pups were purchased from the Jackson Laboratory ( Bar Harbor, ME).	C57BL / 6J,24,34,state	three week old,56,70,state	female,71,77,state	pups,78,82,state	"[{""token"": ""C57BL / 6J"", ""start_span"": 24, ""end_span"": 34, ""type"": ""state""}, {""token"": ""three week old"", ""start_span"": 56, ""end_span"": 70, ""type"": ""state""}, {""token"": ""female"", ""start_span"": 71, ""end_span"": 77, ""type"": ""state""}, {""token"": ""pups"", ""start_span"": 78, ""end_span"": 82, ""type"": ""state""}]"	train
Two full - scale systems, which treat sour gas from the anaerobic digestion of the wastewater from the paper pulp industry were sampled.	full - scale,4,16,state	sour gas,38,46,state	anaerobic digestion,56,75,state	paper pulp industry,103,122,state	"[{""token"": ""full - scale"", ""start_span"": 4, ""end_span"": 16, ""type"": ""state""}, {""token"": ""sour gas"", ""start_span"": 38, ""end_span"": 46, ""type"": ""state""}, {""token"": ""anaerobic digestion"", ""start_span"": 56, ""end_span"": 75, ""type"": ""state""}, {""token"": ""paper pulp industry"", ""start_span"": 103, ""end_span"": 122, ""type"": ""state""}]"	train
The inoculum for Alk - Opt consisted of 1. 5 L of alkaline sludge obtained from a second alkaline reactor ( Alk - Sed - 2) which was inoculated with a second batch of fresh sediments obtained from the same soda lakes in 2012 and used within 6 months of the sampling date and had been operating for over 190 days with constant biogas production.	alkaline,50,58,state	alkaline,89,97,state	fresh,167,172,state	constant biogas production,317,343,state	"[{""token"": ""alkaline"", ""start_span"": 50, ""end_span"": 58, ""type"": ""state""}, {""token"": ""alkaline"", ""start_span"": 89, ""end_span"": 97, ""type"": ""state""}, {""token"": ""fresh"", ""start_span"": 167, ""end_span"": 172, ""type"": ""state""}, {""token"": ""constant biogas production"", ""start_span"": 317, ""end_span"": 343, ""type"": ""state""}]"	train
Synthesis: Our findings highlight the vulnerability of both native plants and their symbiotic mycorrhizal fungi to climate warming and drying in semiarid shrublands, and point to the importance of a deeper understanding of plant - soil feedbacks to predict dryland vegetation responses to forecasted aridification.	climate warming,115,130,state	drying,135,141,state	dryland vegetation,257,275,state	forecasted aridification,289,313,state	"[{""token"": ""climate warming"", ""start_span"": 115, ""end_span"": 130, ""type"": ""state""}, {""token"": ""drying"", ""start_span"": 135, ""end_span"": 141, ""type"": ""state""}, {""token"": ""dryland vegetation"", ""start_span"": 257, ""end_span"": 275, ""type"": ""state""}, {""token"": ""forecasted aridification"", ""start_span"": 289, ""end_span"": 313, ""type"": ""state""}]"	train
Age - matched male WT ( 129 / SvlmJ or C57BL / 6J) mice were used for fecal microbiota transplant by initial microbiota removal using an antibiotic cocktail for 3 weeks.	male,14,18,state	WT,19,21,state	129 / SvlmJ,24,35,state	C57BL / 6J,39,49,state	"[{""token"": ""male"", ""start_span"": 14, ""end_span"": 18, ""type"": ""state""}, {""token"": ""WT"", ""start_span"": 19, ""end_span"": 21, ""type"": ""state""}, {""token"": ""129 / SvlmJ"", ""start_span"": 24, ""end_span"": 35, ""type"": ""state""}, {""token"": ""C57BL / 6J"", ""start_span"": 39, ""end_span"": 49, ""type"": ""state""}]"	train
From the area of Nijmegen, children younger than 2years of age with laboratory - confirmed RSV infections were prospectively included during three consecutive winter seasons ( 2010 / 2011, 2011 / 2012, and 2012 / 2013), if they were hospitalized to the pediatric ward or intensive care unit ( PICU) [ 46].	children,27,35,state	younger than 2years of age,36,62,state	laboratory - confirmed RSV infections,68,105,state	hospitalized,233,245,state	"[{""token"": ""children"", ""start_span"": 27, ""end_span"": 35, ""type"": ""state""}, {""token"": ""younger than 2years of age"", ""start_span"": 36, ""end_span"": 62, ""type"": ""state""}, {""token"": ""laboratory - confirmed RSV infections"", ""start_span"": 68, ""end_span"": 105, ""type"": ""state""}, {""token"": ""hospitalized"", ""start_span"": 233, ""end_span"": 245, ""type"": ""state""}]"	train
Methods Animals and ethics statement All RMs ( Macaca mulatta) in this study were mature and of Indian origin consisting of both male and female animals ranging in age from 2 to 7 years, and were housed at the National Institutes of Health ( NIH) in accordance with the Association for the Assessment and Accreditation of Laboratory Animal Care standards and all procedures were performed according to the protocols approved by the Institutional Animal Care and Use Committee of the National Cancer Institute ( Assurance # A4149 - 01) as previously reported50.	mature,82,88,state	Indian origin,96,109,state	male,129,133,state	age from 2 to 7 years,164,185,state	"[{""token"": ""mature"", ""start_span"": 82, ""end_span"": 88, ""type"": ""state""}, {""token"": ""Indian origin"", ""start_span"": 96, ""end_span"": 109, ""type"": ""state""}, {""token"": ""male"", ""start_span"": 129, ""end_span"": 133, ""type"": ""state""}, {""token"": ""age from 2 to 7 years"", ""start_span"": 164, ""end_span"": 185, ""type"": ""state""}]"	train
The rates of organic carbon mineralization rates from SRR were calculated with a 1: 2 stoichiometry between SRR and organic C oxidation ( Flury et al., 2016).	organic carbon mineralization,13,42,state	SRR,54,57,state	SRR,108,111,state	organic C,116,125,state	"[{""token"": ""organic carbon mineralization"", ""start_span"": 13, ""end_span"": 42, ""type"": ""state""}, {""token"": ""SRR"", ""start_span"": 54, ""end_span"": 57, ""type"": ""state""}, {""token"": ""SRR"", ""start_span"": 108, ""end_span"": 111, ""type"": ""state""}, {""token"": ""organic C"", ""start_span"": 116, ""end_span"": 125, ""type"": ""state""}]"	train
We note that Hmong refugee camps have long been closed ( Bureau of Population, Refugees and Migration, 2004), hence Hmong in Khun Chang Khian are not refugees but serve as acceptable pre - immigration representatives available for US - based Hmong.	Hmong,13,18,state	refugee,19,26,state	Hmong,116,121,state	Hmong,242,247,state	"[{""token"": ""Hmong"", ""start_span"": 13, ""end_span"": 18, ""type"": ""state""}, {""token"": ""refugee"", ""start_span"": 19, ""end_span"": 26, ""type"": ""state""}, {""token"": ""Hmong"", ""start_span"": 116, ""end_span"": 121, ""type"": ""state""}, {""token"": ""Hmong"", ""start_span"": 242, ""end_span"": 247, ""type"": ""state""}]"	train
This paper describes a gas biodesulfurization process where sulfur - oxidizing bacteria ( SOB) facilitate sulfide conversion to both sulfur and sulfate.	sulfur,32,38,state	sulfide,106,113,state	sulfur,133,139,state	sulfate,144,151,state	"[{""token"": ""sulfur"", ""start_span"": 32, ""end_span"": 38, ""type"": ""state""}, {""token"": ""sulfide"", ""start_span"": 106, ""end_span"": 113, ""type"": ""state""}, {""token"": ""sulfur"", ""start_span"": 133, ""end_span"": 139, ""type"": ""state""}, {""token"": ""sulfate"", ""start_span"": 144, ""end_span"": 151, ""type"": ""state""}]"	train
One reactor was operated under thermophilic conditions ( 50C) and one under mesophilic conditions ( 35C).	thermophilic conditions,31,54,state	50C,57,60,state	mesophilic conditions,76,97,state	35C,100,103,state	"[{""token"": ""thermophilic conditions"", ""start_span"": 31, ""end_span"": 54, ""type"": ""state""}, {""token"": ""50C"", ""start_span"": 57, ""end_span"": 60, ""type"": ""state""}, {""token"": ""mesophilic conditions"", ""start_span"": 76, ""end_span"": 97, ""type"": ""state""}, {""token"": ""35C"", ""start_span"": 100, ""end_span"": 103, ""type"": ""state""}]"	train
Measurements of oxygen concentration, temperature, salinity, and chlorophyll a were recorded for each sampling effort using a Conductivity Temperature Depth profiler ( Sea - Bird SBE 911plus, Sea - Bird Electronics Inc., Bellevue, WA, USA) along with a Seapoint fluorometer ( Seapoint Sensors Inc., Exeter, NH, USA) and a SBE43 dissolved oxygen sensor ( Sea - Bird Electronics Inc.) ( Data S5).	oxygen concentration,16,36,state	temperature,38,49,state	salinity,51,59,state	chlorophyll a,65,78,state	"[{""token"": ""oxygen concentration"", ""start_span"": 16, ""end_span"": 36, ""type"": ""state""}, {""token"": ""temperature"", ""start_span"": 38, ""end_span"": 49, ""type"": ""state""}, {""token"": ""salinity"", ""start_span"": 51, ""end_span"": 59, ""type"": ""state""}, {""token"": ""chlorophyll a"", ""start_span"": 65, ""end_span"": 78, ""type"": ""state""}]"	train
Animals and gut luminal sample collection A total of 226 normal weaning ( 28 - day - old) female DLY pigs were raised in a fattening house comprised of 30 pens, each housing 68 pigs.	normal,57,63,state	weaning,64,71,state	28 - day - old,74,88,state	female,90,96,state	"[{""token"": ""normal"", ""start_span"": 57, ""end_span"": 63, ""type"": ""state""}, {""token"": ""weaning"", ""start_span"": 64, ""end_span"": 71, ""type"": ""state""}, {""token"": ""28 - day - old"", ""start_span"": 74, ""end_span"": 88, ""type"": ""state""}, {""token"": ""female"", ""start_span"": 90, ""end_span"": 96, ""type"": ""state""}]"	train
Ketogenic diet enhances neurovascular function with altered gut microbiome in young healthy mice Neurovascular integrity, including cerebral blood flow ( CBF) and blood - brain barrier ( BBB) function, plays a major role in determining cognitive capability.	young,78,83,state	healthy,84,91,state	Neurovascular integrity,97,120,state	cognitive capability,236,256,state	"[{""token"": ""young"", ""start_span"": 78, ""end_span"": 83, ""type"": ""state""}, {""token"": ""healthy"", ""start_span"": 84, ""end_span"": 91, ""type"": ""state""}, {""token"": ""Neurovascular integrity"", ""start_span"": 97, ""end_span"": 120, ""type"": ""state""}, {""token"": ""cognitive capability"", ""start_span"": 236, ""end_span"": 256, ""type"": ""state""}]"	train
Methods Study participants and samples handling and collection We recruited 40 subjects with clinical diagnosis of autism ( average age 11. 16. 8; sex, male: female, 31: 9) and we compared them with 40 age and sex - matched neurotypical healthy subjects ( average age 9. 27. 9; sex, male: female, 28: 12).	autism,115,121,state	male,152,156,state	neurotypical healthy,224,244,state	male,283,287,state	"[{""token"": ""autism"", ""start_span"": 115, ""end_span"": 121, ""type"": ""state""}, {""token"": ""male"", ""start_span"": 152, ""end_span"": 156, ""type"": ""state""}, {""token"": ""neurotypical healthy"", ""start_span"": 224, ""end_span"": 244, ""type"": ""state""}, {""token"": ""male"", ""start_span"": 283, ""end_span"": 287, ""type"": ""state""}]"	train
Modeling of the experimental setup Software simulations of the single and two - stage reactors were carried out using the complex anaerobic digestion simulation suite ( BioModel) developed by Angelidaki and co - workers [ 33, 34], which was later extended to account for biogas upgrading experiments with hydrogen injection [ 35].	single,63,69,state	two - stage,74,85,state	complex anaerobic digestion,122,149,state	biogas,271,277,state	"[{""token"": ""single"", ""start_span"": 63, ""end_span"": 69, ""type"": ""state""}, {""token"": ""two - stage"", ""start_span"": 74, ""end_span"": 85, ""type"": ""state""}, {""token"": ""complex anaerobic digestion"", ""start_span"": 122, ""end_span"": 149, ""type"": ""state""}, {""token"": ""biogas"", ""start_span"": 271, ""end_span"": 277, ""type"": ""state""}]"	train
As CF twins are rare, our CF pediatric samples were collected at seven different regional CF centers from Texas to New York.	CF,3,5,state	twins,6,11,state	CF pediatric,26,38,state	CF,90,92,state	"[{""token"": ""CF"", ""start_span"": 3, ""end_span"": 5, ""type"": ""state""}, {""token"": ""twins"", ""start_span"": 6, ""end_span"": 11, ""type"": ""state""}, {""token"": ""CF pediatric"", ""start_span"": 26, ""end_span"": 38, ""type"": ""state""}, {""token"": ""CF"", ""start_span"": 90, ""end_span"": 92, ""type"": ""state""}]"	train
HPLC Measurements Lactate, acetate, formate, and propionate were analyzed using UltiMate 3000 HPLC system ( Thermo Scientific, Waltham, MA, United States) equipped with an Aminex HPX - 87H column ( Bio - Rad, Hercules, CA, United States) and a UV detector.	Lactate,18,25,state	acetate,27,34,state	formate,36,43,state	propionate,49,59,state	"[{""token"": ""Lactate"", ""start_span"": 18, ""end_span"": 25, ""type"": ""state""}, {""token"": ""acetate"", ""start_span"": 27, ""end_span"": 34, ""type"": ""state""}, {""token"": ""formate"", ""start_span"": 36, ""end_span"": 43, ""type"": ""state""}, {""token"": ""propionate"", ""start_span"": 49, ""end_span"": 59, ""type"": ""state""}]"	train
The lakes are kettle lakes of glacial origin and are classed as hard - water lakes, characterized by high calcium carbonate concentrations and slightly alkaline pH ( ranging from 7. 5 to 8. 8).	kettle,14,20,state	glacial,30,37,state	hard - water,64,76,state	high calcium carbonate concentrations,101,138,state	"[{""token"": ""kettle"", ""start_span"": 14, ""end_span"": 20, ""type"": ""state""}, {""token"": ""glacial"", ""start_span"": 30, ""end_span"": 37, ""type"": ""state""}, {""token"": ""hard - water"", ""start_span"": 64, ""end_span"": 76, ""type"": ""state""}, {""token"": ""high calcium carbonate concentrations"", ""start_span"": 101, ""end_span"": 138, ""type"": ""state""}]"	train
Metabolic network analysis reveals microbial community interactions in anammox granules Microbial communities mediating anaerobic ammonium oxidation ( anammox) represent one of the most energy - efficient environmental biotechnologies for nitrogen removal from wastewater.	anammox,71,78,state	anaerobic ammonium oxidation,120,148,state	anammox,151,158,state	nitrogen removal,239,255,state	"[{""token"": ""anammox"", ""start_span"": 71, ""end_span"": 78, ""type"": ""state""}, {""token"": ""anaerobic ammonium oxidation"", ""start_span"": 120, ""end_span"": 148, ""type"": ""state""}, {""token"": ""anammox"", ""start_span"": 151, ""end_span"": 158, ""type"": ""state""}, {""token"": ""nitrogen removal"", ""start_span"": 239, ""end_span"": 255, ""type"": ""state""}]"	train
The microbial inoculum was a previously described low temperature, autotrophic denitrifying culture using SCN as the electron donor ( Broman et al., 2017).	low temperature,50,65,state	autotrophic,67,78,state	denitrifying,79,91,state	SCN as the electron donor,106,131,state	"[{""token"": ""low temperature"", ""start_span"": 50, ""end_span"": 65, ""type"": ""state""}, {""token"": ""autotrophic"", ""start_span"": 67, ""end_span"": 78, ""type"": ""state""}, {""token"": ""denitrifying"", ""start_span"": 79, ""end_span"": 91, ""type"": ""state""}, {""token"": ""SCN as the electron donor"", ""start_span"": 106, ""end_span"": 131, ""type"": ""state""}]"	train
The small intestines of six broiler breeder hens from a single flock were collected post mortem and numbered A1A6.	broiler breeder,28,43,state	hens,44,48,state	from a single flock,49,68,state	post mortem,84,95,state	"[{""token"": ""broiler breeder"", ""start_span"": 28, ""end_span"": 43, ""type"": ""state""}, {""token"": ""hens"", ""start_span"": 44, ""end_span"": 48, ""type"": ""state""}, {""token"": ""from a single flock"", ""start_span"": 49, ""end_span"": 68, ""type"": ""state""}, {""token"": ""post mortem"", ""start_span"": 84, ""end_span"": 95, ""type"": ""state""}]"	train
The anammox bioreactor was operated at room temperature with a hydraulic retention time of 2 days and no biomass wasting, which encouraged the formation of dense granules.	anammox,4,11,state	operated at room temperature,27,55,state	hydraulic retention time of 2 days,63,97,state	no biomass wasting,102,120,state	"[{""token"": ""anammox"", ""start_span"": 4, ""end_span"": 11, ""type"": ""state""}, {""token"": ""operated at room temperature"", ""start_span"": 27, ""end_span"": 55, ""type"": ""state""}, {""token"": ""hydraulic retention time of 2 days"", ""start_span"": 63, ""end_span"": 97, ""type"": ""state""}, {""token"": ""no biomass wasting"", ""start_span"": 102, ""end_span"": 120, ""type"": ""state""}]"	train
Twelve samples were collected from the start - up, steady - state, overloading and recovery periods of the AnMBR process.	start - up,39,49,state	steady - state,51,65,state	overloading,67,78,state	recovery,83,91,state	"[{""token"": ""start - up"", ""start_span"": 39, ""end_span"": 49, ""type"": ""state""}, {""token"": ""steady - state"", ""start_span"": 51, ""end_span"": 65, ""type"": ""state""}, {""token"": ""overloading"", ""start_span"": 67, ""end_span"": 78, ""type"": ""state""}, {""token"": ""recovery"", ""start_span"": 83, ""end_span"": 91, ""type"": ""state""}]"	train
Materials and methods Participant recruitment and sputum collection From July to October of 2012, 6 knowledgeable and compliant cystic fibrosis ( CF) patients were recruited for this study from the Southern Alberta Adult Cystic Fibrosis Clinic.	cystic fibrosis,128,143,state	CF,146,148,state	patients,150,158,state	Cystic Fibrosis,221,236,state	"[{""token"": ""cystic fibrosis"", ""start_span"": 128, ""end_span"": 143, ""type"": ""state""}, {""token"": ""CF"", ""start_span"": 146, ""end_span"": 148, ""type"": ""state""}, {""token"": ""patients"", ""start_span"": 150, ""end_span"": 158, ""type"": ""state""}, {""token"": ""Cystic Fibrosis"", ""start_span"": 221, ""end_span"": 236, ""type"": ""state""}]"	train
Cholesterol ( P < 0. 0001), triglyceride ( TG; P < 0. 0001), and LDL ( P < 0. 05) levels were significantly higher in the HFD group relative to the NCD control group ( Fig. 1AC).	Cholesterol,0,11,state	triglyceride ( TG,28,45,state	LDL,65,68,state	HFD,122,125,state	"[{""token"": ""Cholesterol"", ""start_span"": 0, ""end_span"": 11, ""type"": ""state""}, {""token"": ""triglyceride ( TG"", ""start_span"": 28, ""end_span"": 45, ""type"": ""state""}, {""token"": ""LDL"", ""start_span"": 65, ""end_span"": 68, ""type"": ""state""}, {""token"": ""HFD"", ""start_span"": 122, ""end_span"": 125, ""type"": ""state""}]"	train
Nitrogen and sulfur analyses were performed on all six wells while metagenomic analyses, near - full - length reconstruction of the 16S rRNA gene, NPOC, and CO2 analyses were performed on one well ( Marcellus - 4).	Nitrogen,0,8,state	sulfur,13,19,state	NPOC,147,151,state	CO2,157,160,state	"[{""token"": ""Nitrogen"", ""start_span"": 0, ""end_span"": 8, ""type"": ""state""}, {""token"": ""sulfur"", ""start_span"": 13, ""end_span"": 19, ""type"": ""state""}, {""token"": ""NPOC"", ""start_span"": 147, ""end_span"": 151, ""type"": ""state""}, {""token"": ""CO2"", ""start_span"": 157, ""end_span"": 160, ""type"": ""state""}]"	train
The severity of acute and chronic inflammation was graded on a scale from 0 to 3 ( inflammation scored as follows: 0 for no inflammation, 1 for mild, 2 for moderate, or 3 for marked inflammation) in both the gastric antrum and corpus, leading to a maximum cumulative score of 12.	inflammation,34,46,state	inflammation,83,95,state	inflammation,124,136,state	inflammation,182,194,state	"[{""token"": ""inflammation"", ""start_span"": 34, ""end_span"": 46, ""type"": ""state""}, {""token"": ""inflammation"", ""start_span"": 83, ""end_span"": 95, ""type"": ""state""}, {""token"": ""inflammation"", ""start_span"": 124, ""end_span"": 136, ""type"": ""state""}, {""token"": ""inflammation"", ""start_span"": 182, ""end_span"": 194, ""type"": ""state""}]"	train
Material and methods Operation of fed batch reactors In total, five lab - scale anaerobic double - wall reactors ( total volume 6L; working volume 5L) were operated in parallel.	fed batch,34,43,state	lab - scale,68,79,state	anaerobic,80,89,state	double - wall,90,103,state	"[{""token"": ""fed batch"", ""start_span"": 34, ""end_span"": 43, ""type"": ""state""}, {""token"": ""lab - scale"", ""start_span"": 68, ""end_span"": 79, ""type"": ""state""}, {""token"": ""anaerobic"", ""start_span"": 80, ""end_span"": 89, ""type"": ""state""}, {""token"": ""double - wall"", ""start_span"": 90, ""end_span"": 103, ""type"": ""state""}]"	train
In the gene susceptibility cancer experiment, SIRT3KO mice and WT mice were exposed to an AOM / DSS colon tumor cycle and four DSS cycles, which is one additional cycle than previously described17.	cancer,27,33,state	SIRT3KO,46,53,state	WT,63,65,state	tumor,106,111,state	"[{""token"": ""cancer"", ""start_span"": 27, ""end_span"": 33, ""type"": ""state""}, {""token"": ""SIRT3KO"", ""start_span"": 46, ""end_span"": 53, ""type"": ""state""}, {""token"": ""WT"", ""start_span"": 63, ""end_span"": 65, ""type"": ""state""}, {""token"": ""tumor"", ""start_span"": 106, ""end_span"": 111, ""type"": ""state""}]"	train
Approximately 200m of altitude lower, the two turbid lakes FAS 2 and FAS 3 are most of the year connected and therefore, we sampled only the deeper and larger FAS 3.	turbid,46,52,state	connected,96,105,state	deeper,141,147,state	larger,152,158,state	"[{""token"": ""turbid"", ""start_span"": 46, ""end_span"": 52, ""type"": ""state""}, {""token"": ""connected"", ""start_span"": 96, ""end_span"": 105, ""type"": ""state""}, {""token"": ""deeper"", ""start_span"": 141, ""end_span"": 147, ""type"": ""state""}, {""token"": ""larger"", ""start_span"": 152, ""end_span"": 158, ""type"": ""state""}]"	train
Mesophilic and thermophilic inoculums were obtained from a mesophilic and thermophilic reactor, respectively, located at Research Centre Foulum ( Aarhus University, Denmark).	Mesophilic,0,10,state	thermophilic,15,27,state	mesophilic,59,69,state	thermophilic,74,86,state	"[{""token"": ""Mesophilic"", ""start_span"": 0, ""end_span"": 10, ""type"": ""state""}, {""token"": ""thermophilic"", ""start_span"": 15, ""end_span"": 27, ""type"": ""state""}, {""token"": ""mesophilic"", ""start_span"": 59, ""end_span"": 69, ""type"": ""state""}, {""token"": ""thermophilic"", ""start_span"": 74, ""end_span"": 86, ""type"": ""state""}]"	train
It was previously estimated that the in situ concentrations of methane in the gassy HMMV center could reach 100mM [ 23]. Table 2Porewater chemistry, cell counts, methane oxidation, and sulfate reduction ratesaSO42 ( mM) H2S ( mM) DIC ( mM) Alkalinity ( mM) SiO44 ( M) PO43 ( M) NH4 + ( M) NO3 + NO2 ( M) NO2 ( M) Mox Rate [ mmol m2 d - 1] SR Rate [ mmol m2 d - 1] Cell counts probe DSS - 658bCell counts probe MTMC - 701bCell counts probe ANME - 1249b Zone 1 Mean10. 40. 035. 926. 32783. 42379n. d. n. d. 3. 30. 70. 30. 20Standard Error1. 6 < 0. 011. 53. 425. 70. 5166n. d. n. d. 1. 00. 50. 20. 10No.	methane,63,70,state	gassy,78,83,state	methane,162,169,state	sulfate,185,192,state	"[{""token"": ""methane"", ""start_span"": 63, ""end_span"": 70, ""type"": ""state""}, {""token"": ""gassy"", ""start_span"": 78, ""end_span"": 83, ""type"": ""state""}, {""token"": ""methane"", ""start_span"": 162, ""end_span"": 169, ""type"": ""state""}, {""token"": ""sulfate"", ""start_span"": 185, ""end_span"": 192, ""type"": ""state""}]"	train
All reactors were inoculated with crushed anaerobic granular sludge which was taken from a full - scale up - flow anaerobic sludge bed ( UASB) reactor, treating pulp and paper industry effluents ( Industriewater Eerbeek, Eerbeek, The Netherlands).	anaerobic,42,51,state	full - scale,91,103,state	up - flow,104,113,state	anaerobic,114,123,state	"[{""token"": ""anaerobic"", ""start_span"": 42, ""end_span"": 51, ""type"": ""state""}, {""token"": ""full - scale"", ""start_span"": 91, ""end_span"": 103, ""type"": ""state""}, {""token"": ""up - flow"", ""start_span"": 104, ""end_span"": 113, ""type"": ""state""}, {""token"": ""anaerobic"", ""start_span"": 114, ""end_span"": 123, ""type"": ""state""}]"	train
High Prevalence of Quorum - Sensing and Quorum - Quenching Activity among Cultivable Bacteria and Metagenomic Sequences in the Mediterranean Sea There is increasing evidence being accumulated regarding the importance of N - acyl homoserine lactones ( AHL) - mediated quorum - sensing ( QS) and quorum - quenching ( QQ) processes in the marine environment, but in most cases, data has been obtained from specific microhabitats, and subsequently little is known regarding these activities in free - living marine bacteria.	Quorum - Sensing,19,35,state	Quorum - Quenching,40,58,state	marine,336,342,state	marine,504,510,state	"[{""token"": ""Quorum - Sensing"", ""start_span"": 19, ""end_span"": 35, ""type"": ""state""}, {""token"": ""Quorum - Quenching"", ""start_span"": 40, ""end_span"": 58, ""type"": ""state""}, {""token"": ""marine"", ""start_span"": 336, ""end_span"": 342, ""type"": ""state""}, {""token"": ""marine"", ""start_span"": 504, ""end_span"": 510, ""type"": ""state""}]"	train
Metagenomic DNA sequencing Only a subset of lytA - positive samples was selected for metagenomic sequencing, where infants were sampled at random with the goals to obtain lytA - positive samples for each representative age and following the pneumococcal population in a subset of infants for the duration of the study.	lytA - positive,44,59,state	infants,115,122,state	lytA - positive,171,186,state	infants,280,287,state	"[{""token"": ""lytA - positive"", ""start_span"": 44, ""end_span"": 59, ""type"": ""state""}, {""token"": ""infants"", ""start_span"": 115, ""end_span"": 122, ""type"": ""state""}, {""token"": ""lytA - positive"", ""start_span"": 171, ""end_span"": 186, ""type"": ""state""}, {""token"": ""infants"", ""start_span"": 280, ""end_span"": 287, ""type"": ""state""}]"	train
Experimental procedures Reactor conditions and sampling A total of 18 reactor samples were taken monthly starting from March 2013 until October 2014 of a commercial mesophilic anaerobic biogas reactor located near cologne.	commercial,154,164,state	mesophilic,165,175,state	anaerobic,176,185,state	biogas,186,192,state	"[{""token"": ""commercial"", ""start_span"": 154, ""end_span"": 164, ""type"": ""state""}, {""token"": ""mesophilic"", ""start_span"": 165, ""end_span"": 175, ""type"": ""state""}, {""token"": ""anaerobic"", ""start_span"": 176, ""end_span"": 185, ""type"": ""state""}, {""token"": ""biogas"", ""start_span"": 186, ""end_span"": 192, ""type"": ""state""}]"	train
The full - scale UASB reactor in Tainan, Taiwan had a working volume of approximately 1000m3 and has been operated for treating QMA - rich wastewater with HRT of 1. 32 days without temperature control ( 18 ~ 26C) for more than three years [ 4].	full - scale,4,16,state	working volume of approximately 1000m3,54,92,state	QMA,128,131,state	18 ~ 26C,203,211,state	"[{""token"": ""full - scale"", ""start_span"": 4, ""end_span"": 16, ""type"": ""state""}, {""token"": ""working volume of approximately 1000m3"", ""start_span"": 54, ""end_span"": 92, ""type"": ""state""}, {""token"": ""QMA"", ""start_span"": 128, ""end_span"": 131, ""type"": ""state""}, {""token"": ""18 ~ 26C"", ""start_span"": 203, ""end_span"": 211, ""type"": ""state""}]"	train
Diffusive Fluxes of CH4 Diffusive fluxes of CH4 were estimated from concentration gradients using Ficks first law: where J is the diffusive flux of CH4, C is the concentration, z is depth ( cm), and is porosity ( Boudreau, 1997).	CH4,20,23,state	CH4,44,47,state	CH4,148,151,state	C,153,154,state	"[{""token"": ""CH4"", ""start_span"": 20, ""end_span"": 23, ""type"": ""state""}, {""token"": ""CH4"", ""start_span"": 44, ""end_span"": 47, ""type"": ""state""}, {""token"": ""CH4"", ""start_span"": 148, ""end_span"": 151, ""type"": ""state""}, {""token"": ""C"", ""start_span"": 153, ""end_span"": 154, ""type"": ""state""}]"	train
Our inclusion criteria for controls included European American females at least 18 years of age who were born in the U. S. and whose parents and grandparents were also born in the U. S. Our exclusion criteria consisted of use of any antibiotics in the previous 6 months, current use of probiotic supplements, known presence of gastrointestinal, cancer, immunodeficiency or autoimmune disorders, adults lacking capacity to consent, or pregnancy.	European,45,53,state	American,54,62,state	females,63,70,state	at least 18 years of age,71,95,state	"[{""token"": ""European"", ""start_span"": 45, ""end_span"": 53, ""type"": ""state""}, {""token"": ""American"", ""start_span"": 54, ""end_span"": 62, ""type"": ""state""}, {""token"": ""females"", ""start_span"": 63, ""end_span"": 70, ""type"": ""state""}, {""token"": ""at least 18 years of age"", ""start_span"": 71, ""end_span"": 95, ""type"": ""state""}]"	train
Clinical variables and sputum collection Spontaneous sputum was collected from each patient in clinical stability, and during the subsequent exacerbation before the administration of antibiotic therapy.	patient,84,91,state	clinical stability,95,113,state	exacerbation,141,153,state	before the administration of antibiotic,154,193,state	"[{""token"": ""patient"", ""start_span"": 84, ""end_span"": 91, ""type"": ""state""}, {""token"": ""clinical stability"", ""start_span"": 95, ""end_span"": 113, ""type"": ""state""}, {""token"": ""exacerbation"", ""start_span"": 141, ""end_span"": 153, ""type"": ""state""}, {""token"": ""before the administration of antibiotic"", ""start_span"": 154, ""end_span"": 193, ""type"": ""state""}]"	train
Biogas composition, in terms of carbon dioxide, CH4 and hydrogen sulfide concentration, was determined using a gas chromatograph equipped with a thermal conductivity detector ( Agilent technologies 7890A).	Biogas,0,6,state	carbon dioxide,32,46,state	CH4,48,51,state	hydrogen sulfide,56,72,state	"[{""token"": ""Biogas"", ""start_span"": 0, ""end_span"": 6, ""type"": ""state""}, {""token"": ""carbon dioxide"", ""start_span"": 32, ""end_span"": 46, ""type"": ""state""}, {""token"": ""CH4"", ""start_span"": 48, ""end_span"": 51, ""type"": ""state""}, {""token"": ""hydrogen sulfide"", ""start_span"": 56, ""end_span"": 72, ""type"": ""state""}]"	train
Data Description Forty - nine male SD rats, 4 weeks of age and weighing approximately 60 g, were purchased from Guangdong Medical Laboratory Animal Center ( Guangzhou, China).	male,30,34,state	SD,35,37,state	4 weeks of age,44,58,state	weighing approximately 60 g,63,90,state	"[{""token"": ""male"", ""start_span"": 30, ""end_span"": 34, ""type"": ""state""}, {""token"": ""SD"", ""start_span"": 35, ""end_span"": 37, ""type"": ""state""}, {""token"": ""4 weeks of age"", ""start_span"": 44, ""end_span"": 58, ""type"": ""state""}, {""token"": ""weighing approximately 60 g"", ""start_span"": 63, ""end_span"": 90, ""type"": ""state""}]"	train
Temperature, oxygen, and conductivity ( salinity) were measured using a SeaBird CTD ( SBE911) lowered until it was closely above the sediment.	Temperature,0,11,state	oxygen,13,19,state	conductivity,25,37,state	salinity,40,48,state	"[{""token"": ""Temperature"", ""start_span"": 0, ""end_span"": 11, ""type"": ""state""}, {""token"": ""oxygen"", ""start_span"": 13, ""end_span"": 19, ""type"": ""state""}, {""token"": ""conductivity"", ""start_span"": 25, ""end_span"": 37, ""type"": ""state""}, {""token"": ""salinity"", ""start_span"": 40, ""end_span"": 48, ""type"": ""state""}]"	train
