Galectin - 3 is a multifunctional oncogenic protein with an anti - apoptotic activity found in the extracellular space, in the nucleus and cytoplasm and in mitochondria.	"extracellular space	99	118	GO_ontology"	"nucleus	127	134	GO_ontology"	"cytoplasm	139	148	GO_ontology"	"mitochondria	156	168	GO_ontology"	"[{""token"": ""extracellular space"", ""start_span"": 99, ""end_span"": 118, ""type"": ""GO_ontology""}, {""token"": ""nucleus"", ""start_span"": 127, ""end_span"": 134, ""type"": ""GO_ontology""}, {""token"": ""cytoplasm"", ""start_span"": 139, ""end_span"": 148, ""type"": ""GO_ontology""}, {""token"": ""mitochondria"", ""start_span"": 156, ""end_span"": 168, ""type"": ""GO_ontology""}]"
They are enriched in cholesterol and sphingolipid rich lipid raft domains that are associated with proteins like acetylcholinesterase, cell surface proteins including a complement receptor, and the lipid raft proteins stomatin and flotillin, but they lack any cytoskeletal protein [ 7].	"lipid raft domains	55	73	GO_ontology"	"cell surface	135	147	GO_ontology"	"lipid raft	198	208	GO_ontology"	"cytoskeletal	260	272	GO_ontology"	"[{""token"": ""lipid raft domains"", ""start_span"": 55, ""end_span"": 73, ""type"": ""GO_ontology""}, {""token"": ""cell surface"", ""start_span"": 135, ""end_span"": 147, ""type"": ""GO_ontology""}, {""token"": ""lipid raft"", ""start_span"": 198, ""end_span"": 208, ""type"": ""GO_ontology""}, {""token"": ""cytoskeletal"", ""start_span"": 260, ""end_span"": 272, ""type"": ""GO_ontology""}]"
Whereas annexin A2 is tightly associated with endosomes and may have functions in membrane fusion and the endosomal pathway, annexin A7 distributes with plasma membrane raft domains of different types and densities.	"endosomes	46	55	GO_ontology"	"membrane	82	90	GO_ontology"	"endosomal	106	115	GO_ontology"	"plasma membrane	153	168	GO_ontology"	"[{""token"": ""endosomes"", ""start_span"": 46, ""end_span"": 55, ""type"": ""GO_ontology""}, {""token"": ""membrane"", ""start_span"": 82, ""end_span"": 90, ""type"": ""GO_ontology""}, {""token"": ""endosomal"", ""start_span"": 106, ""end_span"": 115, ""type"": ""GO_ontology""}, {""token"": ""plasma membrane"", ""start_span"": 153, ""end_span"": 168, ""type"": ""GO_ontology""}]"
Major constituents of the membrane skeleton are spectrin tetramers linked together by short actin filaments and several other proteins covering the entire cytoplasmic surface of the red blood cell membrane [ 44].	"membrane	26	34	GO_ontology"	"spectrin	48	56	GO_ontology"	"actin filaments	92	107	GO_ontology"	"cytoplasmic surface of the red blood cell membrane	155	205	GO_ontology"	"[{""token"": ""membrane"", ""start_span"": 26, ""end_span"": 34, ""type"": ""GO_ontology""}, {""token"": ""spectrin"", ""start_span"": 48, ""end_span"": 56, ""type"": ""GO_ontology""}, {""token"": ""actin filaments"", ""start_span"": 92, ""end_span"": 107, ""type"": ""GO_ontology""}, {""token"": ""cytoplasmic surface of the red blood cell membrane"", ""start_span"": 155, ""end_span"": 205, ""type"": ""GO_ontology""}]"
The bar at the top represents an alignment of all olfactory receptor proteins, with transmembrane ( TM) regions shaded gray and intracellular ( IC) and extracellular ( EC) loops in white.	"intracellular	128	141	GO_ontology"	"IC	144	146	GO_ontology"	"extracellular	152	165	GO_ontology"	"EC	168	170	GO_ontology"	"[{""token"": ""intracellular"", ""start_span"": 128, ""end_span"": 141, ""type"": ""GO_ontology""}, {""token"": ""IC"", ""start_span"": 144, ""end_span"": 146, ""type"": ""GO_ontology""}, {""token"": ""extracellular"", ""start_span"": 152, ""end_span"": 165, ""type"": ""GO_ontology""}, {""token"": ""EC"", ""start_span"": 168, ""end_span"": 170, ""type"": ""GO_ontology""}]"
Finally, because subunit c is a mitochondrial protein and its turnover proceeds through autophagic engulfment of mitochondria [ 13], we analyzed homozygous CbCln3 Delta ex7 / 8 cell mitochondrial morphology and function.	"mitochondrial	32	45	GO_ontology"	"autophagic	88	98	GO_ontology"	"mitochondria	113	125	GO_ontology"	"mitochondrial	182	195	GO_ontology"	"[{""token"": ""mitochondrial"", ""start_span"": 32, ""end_span"": 45, ""type"": ""GO_ontology""}, {""token"": ""autophagic"", ""start_span"": 88, ""end_span"": 98, ""type"": ""GO_ontology""}, {""token"": ""mitochondria"", ""start_span"": 113, ""end_span"": 125, ""type"": ""GO_ontology""}, {""token"": ""mitochondrial"", ""start_span"": 182, ""end_span"": 195, ""type"": ""GO_ontology""}]"
Through activation of cell surface transmembrane receptors, these external signaling molecules trigger distinct cascades of intracellular events that culminate in changes in gene expression, growth, and differentiation [ 2].	"cell surface	22	34	GO_ontology"	"transmembrane	35	48	GO_ontology"	"external	66	74	GO_ontology"	"intracellular	124	137	GO_ontology"	"[{""token"": ""cell surface"", ""start_span"": 22, ""end_span"": 34, ""type"": ""GO_ontology""}, {""token"": ""transmembrane"", ""start_span"": 35, ""end_span"": 48, ""type"": ""GO_ontology""}, {""token"": ""external"", ""start_span"": 66, ""end_span"": 74, ""type"": ""GO_ontology""}, {""token"": ""intracellular"", ""start_span"": 124, ""end_span"": 137, ""type"": ""GO_ontology""}]"
At sites of cell - cell contact, however, E - cadherin - beta - catenin complexes recruit alpha - catenin, which in turn coordinates the associated actin polymerization dynamics necessary to stabilize nascent AJs and integrate the cytoskeleton across an epithelial sheet [ 6, 7, 8].	"sites of cell - cell contact	3	31	GO_ontology"	"complexes	72	81	GO_ontology"	"AJs	209	212	GO_ontology"	"cytoskeleton	231	243	GO_ontology"	"[{""token"": ""sites of cell - cell contact"", ""start_span"": 3, ""end_span"": 31, ""type"": ""GO_ontology""}, {""token"": ""complexes"", ""start_span"": 72, ""end_span"": 81, ""type"": ""GO_ontology""}, {""token"": ""AJs"", ""start_span"": 209, ""end_span"": 212, ""type"": ""GO_ontology""}, {""token"": ""cytoskeleton"", ""start_span"": 231, ""end_span"": 243, ""type"": ""GO_ontology""}]"
Through these links, AJs appear able to couple adhesion with cytoskeletal dynamics as well as with nuclear and cytoplasmic signaling.	"AJs	21	24	GO_ontology"	"cytoskeletal	61	73	GO_ontology"	"nuclear	99	106	GO_ontology"	"cytoplasmic	111	122	GO_ontology"	"[{""token"": ""AJs"", ""start_span"": 21, ""end_span"": 24, ""type"": ""GO_ontology""}, {""token"": ""cytoskeletal"", ""start_span"": 61, ""end_span"": 73, ""type"": ""GO_ontology""}, {""token"": ""nuclear"", ""start_span"": 99, ""end_span"": 106, ""type"": ""GO_ontology""}, {""token"": ""cytoplasmic"", ""start_span"": 111, ""end_span"": 122, ""type"": ""GO_ontology""}]"
( H) Immunofluorescence with anti - laminin 5 ( lam5), which demarcates the basement membrane, and anti - E - cadherin ( E - cad), a component of AJs.	"laminin 5	36	45	GO_ontology"	"lam5	48	52	GO_ontology"	"basement membrane	76	93	GO_ontology"	"AJs	146	149	GO_ontology"	"[{""token"": ""laminin 5"", ""start_span"": 36, ""end_span"": 45, ""type"": ""GO_ontology""}, {""token"": ""lam5"", ""start_span"": 48, ""end_span"": 52, ""type"": ""GO_ontology""}, {""token"": ""basement membrane"", ""start_span"": 76, ""end_span"": 93, ""type"": ""GO_ontology""}, {""token"": ""AJs"", ""start_span"": 146, ""end_span"": 149, ""type"": ""GO_ontology""}]"
Antibodies are against markers of normal epidermal differentiation, and include K5 ( a basally expressed keratin), K1 ( a suprabasal keratin, expressed in spinous layer cells), involucrin ( Inv; a suprabasally expressed cornified envelope protein found in upper spinous and granular layer cells), loricrin ( Lor; a cornified envelope protein expressed in the granular layer), and filaggrin ( Fil; a protein that bundles keratin filaments in the granular layer and stratum corneum).	"Antibodies	0	10	GO_ontology"	"cornified envelope	220	238	GO_ontology"	"cornified envelope	315	333	GO_ontology"	"keratin filaments	420	437	GO_ontology"	"[{""token"": ""Antibodies"", ""start_span"": 0, ""end_span"": 10, ""type"": ""GO_ontology""}, {""token"": ""cornified envelope"", ""start_span"": 220, ""end_span"": 238, ""type"": ""GO_ontology""}, {""token"": ""cornified envelope"", ""start_span"": 315, ""end_span"": 333, ""type"": ""GO_ontology""}, {""token"": ""keratin filaments"", ""start_span"": 420, ""end_span"": 437, ""type"": ""GO_ontology""}]"
With age, affected areas of the Tg epidermis also displayed perturbations within the basement membrane, as judged by antibody labeling against either basement membrane ( K and L) or hemidesmosomal ( M and N) components.	"basement membrane	85	102	GO_ontology"	"antibody	117	125	GO_ontology"	"basement membrane	150	167	GO_ontology"	"hemidesmosomal	182	196	GO_ontology"	"[{""token"": ""basement membrane"", ""start_span"": 85, ""end_span"": 102, ""type"": ""GO_ontology""}, {""token"": ""antibody"", ""start_span"": 117, ""end_span"": 125, ""type"": ""GO_ontology""}, {""token"": ""basement membrane"", ""start_span"": 150, ""end_span"": 167, ""type"": ""GO_ontology""}, {""token"": ""hemidesmosomal"", ""start_span"": 182, ""end_span"": 196, ""type"": ""GO_ontology""}]"
Rod spherules establish an invaginating synapse with rod bipolar dendrites and axonal endings of horizontal cells.	"synapse	40	47	GO_ontology"	"dendrites	65	74	GO_ontology"	"axonal	79	85	GO_ontology"	"endings	86	93	GO_ontology"	"[{""token"": ""synapse"", ""start_span"": 40, ""end_span"": 47, ""type"": ""GO_ontology""}, {""token"": ""dendrites"", ""start_span"": 65, ""end_span"": 74, ""type"": ""GO_ontology""}, {""token"": ""axonal"", ""start_span"": 79, ""end_span"": 85, ""type"": ""GO_ontology""}, {""token"": ""endings"", ""start_span"": 86, ""end_span"": 93, ""type"": ""GO_ontology""}]"
is, inner segments. onl, outer nuclear layer with photoreceptor nuclei.	"is	0	2	GO_ontology"	"inner segments	4	18	GO_ontology"	"nuclear	31	38	GO_ontology"	"nuclei	64	70	GO_ontology"	"[{""token"": ""is"", ""start_span"": 0, ""end_span"": 2, ""type"": ""GO_ontology""}, {""token"": ""inner segments"", ""start_span"": 4, ""end_span"": 18, ""type"": ""GO_ontology""}, {""token"": ""nuclear"", ""start_span"": 31, ""end_span"": 38, ""type"": ""GO_ontology""}, {""token"": ""nuclei"", ""start_span"": 64, ""end_span"": 70, ""type"": ""GO_ontology""}]"
Connecting cilium 1 ( arrowhead 1) demonstrated seven microtuble doublets, while cilium 2 and cilium 3 exhibited nine.	"Connecting cilium	0	17	GO_ontology"	"microtuble	54	64	GO_ontology"	"cilium	81	87	GO_ontology"	"cilium	94	100	GO_ontology"	"[{""token"": ""Connecting cilium"", ""start_span"": 0, ""end_span"": 17, ""type"": ""GO_ontology""}, {""token"": ""microtuble"", ""start_span"": 54, ""end_span"": 64, ""type"": ""GO_ontology""}, {""token"": ""cilium"", ""start_span"": 81, ""end_span"": 87, ""type"": ""GO_ontology""}, {""token"": ""cilium"", ""start_span"": 94, ""end_span"": 100, ""type"": ""GO_ontology""}]"
It was initially proposed that these vesicles were due to the breakdown of outer segment membranes that were not properly recruited to the outer segments in the absence of peripherin, or were from the result of the breakdown of the microvilli of M u ller cells [ 30].	"vesicles	37	45	GO_ontology"	"outer segment membranes	75	98	GO_ontology"	"outer segments	139	153	GO_ontology"	"microvilli	232	242	GO_ontology"	"[{""token"": ""vesicles"", ""start_span"": 37, ""end_span"": 45, ""type"": ""GO_ontology""}, {""token"": ""outer segment membranes"", ""start_span"": 75, ""end_span"": 98, ""type"": ""GO_ontology""}, {""token"": ""outer segments"", ""start_span"": 139, ""end_span"": 153, ""type"": ""GO_ontology""}, {""token"": ""microvilli"", ""start_span"": 232, ""end_span"": 242, ""type"": ""GO_ontology""}]"
( B) Quantitative morphometric measurements of the cellular volume density for the mitochondrial ( Mito) and myofibrillar ( Myo) fractions based on analysis of electron micrographs ( three sections from three animals per group).	"mitochondrial	83	96	GO_ontology"	"Mito	99	103	GO_ontology"	"myofibrillar	109	121	GO_ontology"	"Myo	124	127	GO_ontology"	"[{""token"": ""mitochondrial"", ""start_span"": 83, ""end_span"": 96, ""type"": ""GO_ontology""}, {""token"": ""Mito"", ""start_span"": 99, ""end_span"": 103, ""type"": ""GO_ontology""}, {""token"": ""myofibrillar"", ""start_span"": 109, ""end_span"": 121, ""type"": ""GO_ontology""}, {""token"": ""Myo"", ""start_span"": 124, ""end_span"": 127, ""type"": ""GO_ontology""}]"
Pyramidal neurons, predominantly those of layer V exhibited Annexin A7 at the plasma membrane of their perikaryon as well as of the apical dendrite ( Fig. 6A, C).	"plasma membrane	78	93	GO_ontology"	"perikaryon	103	113	GO_ontology"	"apical	132	138	GO_ontology"	"dendrite	139	147	GO_ontology"	"[{""token"": ""plasma membrane"", ""start_span"": 78, ""end_span"": 93, ""type"": ""GO_ontology""}, {""token"": ""perikaryon"", ""start_span"": 103, ""end_span"": 113, ""type"": ""GO_ontology""}, {""token"": ""apical"", ""start_span"": 132, ""end_span"": 138, ""type"": ""GO_ontology""}, {""token"": ""dendrite"", ""start_span"": 139, ""end_span"": 147, ""type"": ""GO_ontology""}]"
( C) Enlargement of ( A): Annexin A7 was seen at the cell membrane of the perikaryon ( bold arrow) and the apical dendrite ( small arrows).	"membrane	58	66	GO_ontology"	"perikaryon	74	84	GO_ontology"	"apical	107	113	GO_ontology"	"dendrite	114	122	GO_ontology"	"[{""token"": ""membrane"", ""start_span"": 58, ""end_span"": 66, ""type"": ""GO_ontology""}, {""token"": ""perikaryon"", ""start_span"": 74, ""end_span"": 84, ""type"": ""GO_ontology""}, {""token"": ""apical"", ""start_span"": 107, ""end_span"": 113, ""type"": ""GO_ontology""}, {""token"": ""dendrite"", ""start_span"": 114, ""end_span"": 122, ""type"": ""GO_ontology""}]"
Samples of total cells ( c), and corresponding amounts of nuclear membranes ( m) and nucleoplasm ( p) were subjected to SDS - PAGE and Western blotting.	"nuclear membranes	58	75	GO_ontology"	"m	78	79	GO_ontology"	"nucleoplasm	85	96	GO_ontology"	"p	99	100	GO_ontology"	"[{""token"": ""nuclear membranes"", ""start_span"": 58, ""end_span"": 75, ""type"": ""GO_ontology""}, {""token"": ""m"", ""start_span"": 78, ""end_span"": 79, ""type"": ""GO_ontology""}, {""token"": ""nucleoplasm"", ""start_span"": 85, ""end_span"": 96, ""type"": ""GO_ontology""}, {""token"": ""p"", ""start_span"": 99, ""end_span"": 100, ""type"": ""GO_ontology""}]"
Although the members of the annexin family are generally found at the plasma membrane, in the cytoplasm or in association with the cytoskeleton, Annexins A1, A2, A4, A5 and A11 have been described to be localized at least partially in the nucleus [ 26, 29, 30].	"plasma membrane	70	85	GO_ontology"	"cytoplasm	94	103	GO_ontology"	"cytoskeleton	131	143	GO_ontology"	"nucleus	239	246	GO_ontology"	"[{""token"": ""plasma membrane"", ""start_span"": 70, ""end_span"": 85, ""type"": ""GO_ontology""}, {""token"": ""cytoplasm"", ""start_span"": 94, ""end_span"": 103, ""type"": ""GO_ontology""}, {""token"": ""cytoskeleton"", ""start_span"": 131, ""end_span"": 143, ""type"": ""GO_ontology""}, {""token"": ""nucleus"", ""start_span"": 239, ""end_span"": 246, ""type"": ""GO_ontology""}]"
Antibodies used in this study were mAb 203 - 217 directed against the core domain of mouse Annexin A7 [ 6] ( purified IgG, 1: 50) specifically recognizing both Annexin A7 isoforms [ [ 6, 10], and data not shown], a polyclonal antibody against mouse Annexin A7 [ 10] ( 1: 200), a polyclonal antiserum raised against the astrocyte - specific intermediate filament glial fibrillary acidic protein ( GFAP; DAKO, 1: 400), anti - beta - tubulin ( Sigma, 1: 1000), anti - Emerin ( novocastra, 1: 2000), and polyclonal anti - LAP2 alpha ( kindly provided by Ronald Foisner, 1: 5000).	"Antibodies	0	10	GO_ontology"	"antibody	226	234	GO_ontology"	"intermediate filament	340	361	GO_ontology"	"tubulin	431	438	GO_ontology"	"[{""token"": ""Antibodies"", ""start_span"": 0, ""end_span"": 10, ""type"": ""GO_ontology""}, {""token"": ""antibody"", ""start_span"": 226, ""end_span"": 234, ""type"": ""GO_ontology""}, {""token"": ""intermediate filament"", ""start_span"": 340, ""end_span"": 361, ""type"": ""GO_ontology""}, {""token"": ""tubulin"", ""start_span"": 431, ""end_span"": 438, ""type"": ""GO_ontology""}]"
In addition, laminin - 2 is a key player in peripheral myelin formation, because laminin - 2 deficiency causes dysmyelination in mice and humans, and its receptors, alpha - 6 beta - 1 integrin and dystroglycan, are also shown to be deeply involved in myelin formation [ 26, 27].	"laminin - 2	13	24	GO_ontology"	"myelin	55	61	GO_ontology"	"laminin - 2	81	92	GO_ontology"	"myelin	114	120	GO_ontology"	"[{""token"": ""laminin - 2"", ""start_span"": 13, ""end_span"": 24, ""type"": ""GO_ontology""}, {""token"": ""myelin"", ""start_span"": 55, ""end_span"": 61, ""type"": ""GO_ontology""}, {""token"": ""laminin - 2"", ""start_span"": 81, ""end_span"": 92, ""type"": ""GO_ontology""}, {""token"": ""myelin"", ""start_span"": 114, ""end_span"": 120, ""type"": ""GO_ontology""}]"
The conditional knockout studies of beta - 1 integrin and laminin gamma - 1 in Schwann cell suggested that both laminin - 2 and integrins are essential for segregation of large bundles of axons in the early stage of myelin formation [ 25, 28].	"laminin - 2	112	123	GO_ontology"	"integrins	128	137	GO_ontology"	"axons	188	193	GO_ontology"	"myelin	216	222	GO_ontology"	"[{""token"": ""laminin - 2"", ""start_span"": 112, ""end_span"": 123, ""type"": ""GO_ontology""}, {""token"": ""integrins"", ""start_span"": 128, ""end_span"": 137, ""type"": ""GO_ontology""}, {""token"": ""axons"", ""start_span"": 188, ""end_span"": 193, ""type"": ""GO_ontology""}, {""token"": ""myelin"", ""start_span"": 216, ""end_span"": 222, ""type"": ""GO_ontology""}]"
DNCL1 is a subunit of two motor protein complexes, dynein and myosin - Va, both of which are involved in intracellular trafficking of proteins and organelles in neurons [ 36, 37].	"protein complexes	32	49	GO_ontology"	"dynein	51	57	GO_ontology"	"intracellular	105	118	GO_ontology"	"organelles	147	157	GO_ontology"	"[{""token"": ""protein complexes"", ""start_span"": 32, ""end_span"": 49, ""type"": ""GO_ontology""}, {""token"": ""dynein"", ""start_span"": 51, ""end_span"": 57, ""type"": ""GO_ontology""}, {""token"": ""intracellular"", ""start_span"": 105, ""end_span"": 118, ""type"": ""GO_ontology""}, {""token"": ""organelles"", ""start_span"": 147, ""end_span"": 157, ""type"": ""GO_ontology""}]"
Dynein and myosin Va are involved in the microtubule - based and actin - based movement respectively of proteins, organelles and vesicles in neurons [ 36, 37].	"Dynein	0	6	GO_ontology"	"microtubule	41	52	GO_ontology"	"organelles	114	124	GO_ontology"	"vesicles	129	137	GO_ontology"	"[{""token"": ""Dynein"", ""start_span"": 0, ""end_span"": 6, ""type"": ""GO_ontology""}, {""token"": ""microtubule"", ""start_span"": 41, ""end_span"": 52, ""type"": ""GO_ontology""}, {""token"": ""organelles"", ""start_span"": 114, ""end_span"": 124, ""type"": ""GO_ontology""}, {""token"": ""vesicles"", ""start_span"": 129, ""end_span"": 137, ""type"": ""GO_ontology""}]"
Protein extracts from wild - type, heterozygous, and homozygous cells subjected to immunoblot analyses using normal rabbit serum, anti - Sam68 AD1 antibody, the peptide antibody AD1 preabsorbed with the immunogenic peptide corresponding to amino acids 330 - 348 of mouse Sam68, anti - Sam68 Sc333 antibody that recognizes the C - terminal 20 amino acids of Sam68, and anti - actin antibodies as loading control.	"antibody	147	155	GO_ontology"	"antibody	169	177	GO_ontology"	"antibody	297	305	GO_ontology"	"antibodies	381	391	GO_ontology"	"[{""token"": ""antibody"", ""start_span"": 147, ""end_span"": 155, ""type"": ""GO_ontology""}, {""token"": ""antibody"", ""start_span"": 169, ""end_span"": 177, ""type"": ""GO_ontology""}, {""token"": ""antibody"", ""start_span"": 297, ""end_span"": 305, ""type"": ""GO_ontology""}, {""token"": ""antibodies"", ""start_span"": 381, ""end_span"": 391, ""type"": ""GO_ontology""}]"
We assume that these ADAMs might contribute to cell migration, differentiation and survival or synaptic regulation by binding to integrins, cell - surface proteins or intracellular signalling molecules [ 20, 21].	"synaptic	95	103	GO_ontology"	"integrins	129	138	GO_ontology"	"cell - surface	140	154	GO_ontology"	"intracellular	167	180	GO_ontology"	"[{""token"": ""synaptic"", ""start_span"": 95, ""end_span"": 103, ""type"": ""GO_ontology""}, {""token"": ""integrins"", ""start_span"": 129, ""end_span"": 138, ""type"": ""GO_ontology""}, {""token"": ""cell - surface"", ""start_span"": 140, ""end_span"": 154, ""type"": ""GO_ontology""}, {""token"": ""intracellular"", ""start_span"": 167, ""end_span"": 180, ""type"": ""GO_ontology""}]"
Several roles of RanBP2 have emerged that implicate RanBP2 in nucleocytoplasmic trafficking [ 3, 5], protein biogenesis [ 6, 7], the formation of the mitotic spindle, assembly of the nuclear envelope [ 8], and the integration of the nuclear envelope breakdown with kinetochore formation and maturation during early mitotic progression [ 9].	"spindle	158	165	GO_ontology"	"nuclear envelope	183	199	GO_ontology"	"nuclear envelope	233	249	GO_ontology"	"kinetochore	265	276	GO_ontology"	"[{""token"": ""spindle"", ""start_span"": 158, ""end_span"": 165, ""type"": ""GO_ontology""}, {""token"": ""nuclear envelope"", ""start_span"": 183, ""end_span"": 199, ""type"": ""GO_ontology""}, {""token"": ""nuclear envelope"", ""start_span"": 233, ""end_span"": 249, ""type"": ""GO_ontology""}, {""token"": ""kinetochore"", ""start_span"": 265, ""end_span"": 276, ""type"": ""GO_ontology""}]"
RanBP2 itself was also found to exhibit SUMO1 E3 ligase activity [ 17], supporting a direct link between RanBP2 - mediated SUMO - 1 substrate modification and relocation of SUMO - 1 modified cytosolic substrates ( e. g., RanGAP) to the cytosolic face of the nuclear pore complex ( NPC) [ 18].	"cytosolic	191	200	GO_ontology"	"cytosolic	236	245	GO_ontology"	"nuclear pore complex	258	278	GO_ontology"	"NPC	281	284	GO_ontology"	"[{""token"": ""cytosolic"", ""start_span"": 191, ""end_span"": 200, ""type"": ""GO_ontology""}, {""token"": ""cytosolic"", ""start_span"": 236, ""end_span"": 245, ""type"": ""GO_ontology""}, {""token"": ""nuclear pore complex"", ""start_span"": 258, ""end_span"": 278, ""type"": ""GO_ontology""}, {""token"": ""NPC"", ""start_span"": 281, ""end_span"": 284, ""type"": ""GO_ontology""}]"
Finally, RanBP2 was also found to localize prominently to the mitochondria - rich ellipsoid subcellular compartment of photosensory neurons [ 19] and to RanGTPase - restricted foci along cytoplasmic tracks [ 19], in addition to its localization at cytoplasmic fibrils emanating from nuclear pores [ 2, 3, 10, 12, 19].	"mitochondria	62	74	GO_ontology"	"cytoplasmic	187	198	GO_ontology"	"cytoplasmic	248	259	GO_ontology"	"nuclear pores	283	296	GO_ontology"	"[{""token"": ""mitochondria"", ""start_span"": 62, ""end_span"": 74, ""type"": ""GO_ontology""}, {""token"": ""cytoplasmic"", ""start_span"": 187, ""end_span"": 198, ""type"": ""GO_ontology""}, {""token"": ""cytoplasmic"", ""start_span"": 248, ""end_span"": 259, ""type"": ""GO_ontology""}, {""token"": ""nuclear pores"", ""start_span"": 283, ""end_span"": 296, ""type"": ""GO_ontology""}]"
GC, ganglion cell; PLAP, human placental alkaline phophatase; ROS, rod outer segment; RIS, rod inner segment; ONL, outer nuclear layer; OPL, outer plexiform ( synaptic) layer; INL, inner nuclear layer; IPL, inner plexiform ( synaptic) layer; GC, ganglion cell layer.	"outer segment	71	84	GO_ontology"	"inner segment	95	108	GO_ontology"	"synaptic	159	167	GO_ontology"	"synaptic	225	233	GO_ontology"	"[{""token"": ""outer segment"", ""start_span"": 71, ""end_span"": 84, ""type"": ""GO_ontology""}, {""token"": ""inner segment"", ""start_span"": 95, ""end_span"": 108, ""type"": ""GO_ontology""}, {""token"": ""synaptic"", ""start_span"": 159, ""end_span"": 167, ""type"": ""GO_ontology""}, {""token"": ""synaptic"", ""start_span"": 225, ""end_span"": 233, ""type"": ""GO_ontology""}]"
These are genomic regions 22q11 and 12p13 - q24 on chromosome 22 and 12 ( the counterparts of locus 2), 12p13 - pter on chromosome 12 ( the counterpart of locus 3), 21q22 - qter and 10q22 - 23 on chromosome 21 and 10 ( the counterparts of locus 5), 17q21 - 25 on chromosome 17 ( the counterpart of locus 6) and 3q29 - qter on chromosome 3 ( the counterpart of locus 7) [ 2, 4].	"chromosome	51	61	GO_ontology"	"chromosome	120	130	GO_ontology"	"chromosome	196	206	GO_ontology"	"chromosome 3	326	338	GO_ontology"	"[{""token"": ""chromosome"", ""start_span"": 51, ""end_span"": 61, ""type"": ""GO_ontology""}, {""token"": ""chromosome"", ""start_span"": 120, ""end_span"": 130, ""type"": ""GO_ontology""}, {""token"": ""chromosome"", ""start_span"": 196, ""end_span"": 206, ""type"": ""GO_ontology""}, {""token"": ""chromosome 3"", ""start_span"": 326, ""end_span"": 338, ""type"": ""GO_ontology""}]"
In eutherian and marsupial mammals, these unpaired chromosome regions are associated with a specialized chromatin domain termed the XY body or sex body.	"chromosome regions	51	69	GO_ontology"	"chromatin domain	104	120	GO_ontology"	"XY body	132	139	GO_ontology"	"sex body	143	151	GO_ontology"	"[{""token"": ""chromosome regions"", ""start_span"": 51, ""end_span"": 69, ""type"": ""GO_ontology""}, {""token"": ""chromatin domain"", ""start_span"": 104, ""end_span"": 120, ""type"": ""GO_ontology""}, {""token"": ""XY body"", ""start_span"": 132, ""end_span"": 139, ""type"": ""GO_ontology""}, {""token"": ""sex body"", ""start_span"": 143, ""end_span"": 151, ""type"": ""GO_ontology""}]"
Within pachytene spermatocytes, DMRT7 is concentrated in the XY body, or sex body, a densely staining chromatin domain that harbors the sex chromosomes.	"XY body	61	68	GO_ontology"	"sex body	73	81	GO_ontology"	"chromatin domain	102	118	GO_ontology"	"sex chromosomes	136	151	GO_ontology"	"[{""token"": ""XY body"", ""start_span"": 61, ""end_span"": 68, ""type"": ""GO_ontology""}, {""token"": ""sex body"", ""start_span"": 73, ""end_span"": 81, ""type"": ""GO_ontology""}, {""token"": ""chromatin domain"", ""start_span"": 102, ""end_span"": 118, ""type"": ""GO_ontology""}, {""token"": ""sex chromosomes"", ""start_span"": 136, ""end_span"": 151, ""type"": ""GO_ontology""}]"
Condensation of the X and Y chromosomes begins in late - zygotene cells, and, by mid - pachynema ( when homologous chromosome pairs are fully aligned) the sex chromatin forms a microscopically visible spherical structure near the nuclear periphery [ 53].	"X and Y chromosomes	20	39	GO_ontology"	"chromosome	115	125	GO_ontology"	"sex chromatin	155	168	GO_ontology"	"nuclear	230	237	GO_ontology"	"[{""token"": ""X and Y chromosomes"", ""start_span"": 20, ""end_span"": 39, ""type"": ""GO_ontology""}, {""token"": ""chromosome"", ""start_span"": 115, ""end_span"": 125, ""type"": ""GO_ontology""}, {""token"": ""sex chromatin"", ""start_span"": 155, ""end_span"": 168, ""type"": ""GO_ontology""}, {""token"": ""nuclear"", ""start_span"": 230, ""end_span"": 237, ""type"": ""GO_ontology""}]"
Pachytene spermatocyte nuclei from postpubertal mutant testes could assemble normal SC cores and exhibited full synapsis of chromosomes as judged by colabeling of SYCP1 and SYCP3 along the full lengths of all autosomes ( Figure 4A).	"nuclei	23	29	GO_ontology"	"SC	84	86	GO_ontology"	"chromosomes	124	135	GO_ontology"	"autosomes	209	218	GO_ontology"	"[{""token"": ""nuclei"", ""start_span"": 23, ""end_span"": 29, ""type"": ""GO_ontology""}, {""token"": ""SC"", ""start_span"": 84, ""end_span"": 86, ""type"": ""GO_ontology""}, {""token"": ""chromosomes"", ""start_span"": 124, ""end_span"": 135, ""type"": ""GO_ontology""}, {""token"": ""autosomes"", ""start_span"": 209, ""end_span"": 218, ""type"": ""GO_ontology""}]"
It should be noted that chromosomes affected by meiotic sex chromosome inactivation ( MSCI) and meiotic silencing of unpaired chromatin ( MSUC) are heavily stained by antibodies for several DSB repair - associated molecules, including gamma H2AX.	"chromosomes	24	35	GO_ontology"	"sex chromosome	56	70	GO_ontology"	"chromatin	126	135	GO_ontology"	"antibodies	167	177	GO_ontology"	"[{""token"": ""chromosomes"", ""start_span"": 24, ""end_span"": 35, ""type"": ""GO_ontology""}, {""token"": ""sex chromosome"", ""start_span"": 56, ""end_span"": 70, ""type"": ""GO_ontology""}, {""token"": ""chromatin"", ""start_span"": 126, ""end_span"": 135, ""type"": ""GO_ontology""}, {""token"": ""antibodies"", ""start_span"": 167, ""end_span"": 177, ""type"": ""GO_ontology""}]"
